mutant_peptide,hla_allele,mhcflurry_el_percentile,mhcflurry_affinity_nm,mhcflurry_processing
CGKSFGRSC,HLA-A*01:01,99.28660326086957,31192.269738796014,0.0009101395444304217
GKSFGRSCH,HLA-A*01:01,99.28660326086957,31694.877516606186,0.037576978698780295
KSFGRSCHL,HLA-A*01:01,24.57923913043477,16478.6767856853,0.12240074248984456
SFGRSCHLI,HLA-A*01:01,99.28660326086957,27112.388676390674,0.008560818212572485
FGRSCHLIQ,HLA-A*01:01,99.28660326086957,28296.627184487694,0.002315407091373345
GRSCHLIQH,HLA-A*01:01,46.224673913043475,29608.625347699282,0.14604728727135807
RSCHLIQHQ,HLA-A*01:01,62.74467391304348,25476.228201750047,0.024526966037228703
SCHLIQHQT,HLA-A*01:01,99.28660326086957,28789.592955500284,0.0013720831157115754
CHLIQHQTI,HLA-A*01:01,17.305597826086952,33377.82180695197,0.43460363056510687
SSQKAREER,HLA-A*01:01,46.224673913043475,19051.15896528558,0.001073688674296136
SQKAREERA,HLA-A*01:01,99.28660326086957,32983.21804406018,0.005943332515016664
QKAREERAL,HLA-A*01:01,99.28660326086957,33832.07625876503,0.0075615164314513095
KAREERALL,HLA-A*01:01,62.74467391304348,28175.539430083267,0.04952196590602398
AREERALLP,HLA-A*01:01,62.74467391304348,32392.02082742169,0.07745920144952834
REERALLPL,HLA-A*01:01,99.28660326086957,28752.33370715451,0.026017527910880744
EERALLPLE,HLA-A*01:01,99.28660326086957,29745.887241629363,0.037018501199781895
ERALLPLEL,HLA-A*01:01,27.61739130434782,31946.433326558366,0.28337101079523563
RALLPLELQ,HLA-A*01:01,62.74467391304348,28521.50842689255,0.0478685635025613
GSSFSRRAA,HLA-A*01:01,99.28660326086957,30862.52080689522,0.03856597386038629
SSFSRRAAP,HLA-A*01:01,99.28660326086957,31108.55151554232,0.01903512328863144
SFSRRAAPV,HLA-A*01:01,99.28660326086957,31096.883969287555,0.0027089456270914525
FSRRAAPVA,HLA-A*01:01,62.74467391304348,27753.746469987225,0.0825316341361031
SRRAAPVAT,HLA-A*01:01,99.28660326086957,33814.50020656128,0.004941751794831362
RRAAPVATP,HLA-A*01:01,99.28660326086957,33505.088753403375,0.06812139507383108
RAAPVATPA,HLA-A*01:01,27.61739130434782,26042.575612447894,0.21903295628726482
AAPVATPAL,HLA-A*01:01,2.7245652173912447,10681.866389484583,0.7341283373534679
APVATPALL,HLA-A*01:01,16.15755434782608,29532.380484748213,0.41489092726260424
PVATPALLT,HLA-A*01:01,99.28660326086957,28111.339424586637,0.0008232715081248898
VATPALLTS,HLA-A*01:01,31.643179347826077,27841.589433426336,0.2145937248133123
ATPALLTSH,HLA-A*01:01,8.01565217391304,14279.64440866893,0.4305800423026085
TPALLTSHR,HLA-A*01:01,37.35904891304347,26850.04802394723,0.1369518687715754
PALLTSHRS,HLA-A*01:01,99.28660326086957,32830.236332878114,0.0017670557426754385
ALLTSHRSL,HLA-A*01:01,62.74467391304348,31545.054317788192,0.11118927365168929
LLTSHRSLG,HLA-A*01:01,99.28660326086957,31796.883895608407,0.0017045863714884035
LTSHRSLGN,HLA-A*01:01,99.28660326086957,25583.90994702381,0.000986029279374634
TSHRSLGNT,HLA-A*01:01,99.28660326086957,29203.961636564738,0.001056285947925062
SHRSLGNTR,HLA-A*01:01,99.28660326086957,30647.47051099584,0.023343546701653395
HRSLGNTRH,HLA-A*01:01,99.28660326086957,31030.677838418706,0.002881220367271453
RSLGNTRHK,HLA-A*01:01,62.74467391304348,22798.960809470194,0.02782009291695431
VGATAVYPT,HLA-A*01:01,99.28660326086957,31203.298747637866,0.003187003494531382
GATAVYPTD,HLA-A*01:01,99.28660326086957,32435.349988952992,0.00469154299935326
ATAVYPTDL,HLA-A*01:01,46.224673913043475,23856.541168328855,0.07201923883985728
TAVYPTDLV,HLA-A*01:01,37.35904891304347,22459.663393278854,0.10651841061189771
AVYPTDLVK,HLA-A*01:01,2.7954347826086234,16356.56536638343,0.8399567604064941
VYPTDLVKT,HLA-A*01:01,17.305597826086952,29867.841871564466,0.3869263781234622
YPTDLVKTR,HLA-A*01:01,3.80744565217384,23907.692717797752,0.8153282776474953
PTDLVKTRM,HLA-A*01:01,3.0137228260868767,1305.092458247085,0.11325834947638214
TDLVKTRMQ,HLA-A*01:01,62.74467391304348,28087.717641711704,0.06798939182772301
KELYALGVV,HLA-A*01:01,99.28660326086957,32469.908463802458,0.06041065655881539
ELYALGVVD,HLA-A*01:01,99.28660326086957,31931.76748970165,0.011418428708566353
LYALGVVDG,HLA-A*01:01,99.28660326086957,32728.373724995043,0.004347949972725473
YALGVVDGL,HLA-A*01:01,27.61739130434782,21311.476819638738,0.16077654901891947
ALGVVDGLH,HLA-A*01:01,46.224673913043475,17697.944567383413,0.018340858223382384
LGVVDGLHT,HLA-A*01:01,99.28660326086957,29223.322589954398,0.005453800433315337
GVVDGLHTV,HLA-A*01:01,4.391929347826036,22347.225784711038,0.7450722977519035
VVDGLHTVH,HLA-A*01:01,1.3629347826086047,447.542199903668,0.21528875012882054
VDGLHTVHG,HLA-A*01:01,99.28660326086957,28160.985198225677,0.006083357795432676
KNSSKPQKK,HLA-A*01:01,99.28660326086957,25599.64624352601,0.0009352505339847994
NSSKPQKKN,HLA-A*01:01,99.28660326086957,29145.31721790713,0.0015983184675860684
SSKPQKKNG,HLA-A*01:01,99.28660326086957,31521.47881834774,0.0008143929999278043
SKPQKKNGS,HLA-A*01:01,99.28660326086957,34062.43374934954,0.0025447436737522366
KPQKKNGST,HLA-A*01:01,99.28660326086957,32093.30013780294,0.0020504960484686308
PQKKNGSTW,HLA-A*01:01,31.643179347826077,28938.66059607744,0.22653750341851264
QKKNGSTWA,HLA-A*01:01,99.28660326086957,33812.89890887519,0.0010383128064859193
KKNGSTWAN,HLA-A*01:01,99.28660326086957,33504.5208124163,0.0015444457239937037
KNGSTWANV,HLA-A*01:01,99.28660326086957,32328.15592260795,0.006430197070585564
VNKLKREMG,HLA-A*01:01,99.28660326086957,32799.39783810556,0.0023366212572000222
NKLKREMGH,HLA-A*01:01,99.28660326086957,31844.31870306353,0.02254017569066491
KLKREMGHL,HLA-A*01:01,99.28660326086957,29561.925133800523,0.01883173530222848
LKREMGHLQ,HLA-A*01:01,99.28660326086957,31926.363549128047,0.009619555290555581
KREMGHLQH,HLA-A*01:01,99.28660326086957,28240.378355701632,0.004654078558814945
REMGHLQHE,HLA-A*01:01,99.28660326086957,30498.07559755116,0.02395920714479871
EMGHLQHEL,HLA-A*01:01,46.224673913043475,24459.59758266826,0.09007939044386148
MGHLQHELQ,HLA-A*01:01,62.74467391304348,25201.35022582549,0.002388136497756932
GHLQHELQF,HLA-A*01:01,27.61739130434782,29281.771894061894,0.25926147121936083
AAKAVKPKV,HLA-A*01:01,62.74467391304348,30383.472135071628,0.058864880935288966
AKAVKPKVV,HLA-A*01:01,6.047907608695624,33776.21809251885,0.7558252699673176
KAVKPKVVK,HLA-A*01:01,46.224673913043475,23237.207445475156,0.08087129623163491
AVKPKVVKP,HLA-A*01:01,4.102010869565163,30056.45870542392,0.8534085378050804
VKPKVVKPK,HLA-A*01:01,37.35904891304347,30423.142368562465,0.18226099503226578
VTLSPNGKS,HLA-A*01:01,99.28660326086957,27528.941762793707,0.005516667406482156
TLSPNGKSL,HLA-A*01:01,37.35904891304347,23606.321359945734,0.11821085982955992
LSPNGKSLA,HLA-A*01:01,46.224673913043475,18441.226736552755,0.01704572887683753
SPNGKSLAC,HLA-A*01:01,62.74467391304348,28776.486711083202,0.08018229622393847
PNGKSLACQ,HLA-A*01:01,99.28660326086957,31095.087311522304,0.0002898671309594647
NGKSLACQS,HLA-A*01:01,99.28660326086957,32557.05818064973,0.00038819935525680194
GKSLACQSM,HLA-A*01:01,24.57923913043477,33184.71655168296,0.312039895914495
KSLACQSMD,HLA-A*01:01,99.28660326086957,30820.872458606205,0.0033323700990877114
SLACQSMDN,HLA-A*01:01,99.28660326086957,30574.55635270365,0.0023083999349182704
GPHDLLWAH,HLA-A*01:01,17.305597826086952,26593.865291158127,0.36301058379467577
PHDLLWAHS,HLA-A*01:01,99.28660326086957,31101.2840853077,0.01215571662032744
HDLLWAHSG,HLA-A*01:01,46.224673913043475,29357.010266373018,0.1298625278286636
DLLWAHSGR,HLA-A*01:01,31.643179347826077,24837.540562555394,0.18272143276408315
LLWAHSGRD,HLA-A*01:01,99.28660326086957,31734.38104583824,0.00559648666967405
LWAHSGRDR,HLA-A*01:01,99.28660326086957,29006.142202608695,0.004338410384661984
WAHSGRDRP,HLA-A*01:01,99.28660326086957,31201.37715843421,0.0021471945310622687
AHSGRDRPW,HLA-A*01:01,99.28660326086957,31949.41832390467,0.04569951933808625
HSGRDRPWS,HLA-A*01:01,99.28660326086957,29768.674324501128,0.0011123065305582713
SGRDRPWSG,HLA-A*01:01,99.28660326086957,32012.893801590857,0.026508122478844598
GRDRPWSGK,HLA-A*01:01,62.74467391304348,26914.791848952656,0.05300374259240925
RDRPWSGKE,HLA-A*01:01,99.28660326086957,31193.290525743618,0.011832946154754609
DRPWSGKES,HLA-A*01:01,99.28660326086957,33477.06916699555,0.012527734972536564
RPWSGKEST,HLA-A*01:01,37.35904891304347,31914.400787993854,0.19579975260421634
PWSGKESTG,HLA-A*01:01,99.28660326086957,32985.33120362098,0.00041811702112681814
WSGKESTGA,HLA-A*01:01,99.28660326086957,26556.02601671546,0.00035860942080034874
SGKESTGAI,HLA-A*01:01,99.28660326086957,31117.0047374724,0.0008114970096357865
GKESTGAIP,HLA-A*01:01,62.74467391304348,32540.56723928323,0.1018390363897197
KESTGAIPK,HLA-A*01:01,16.15755434782608,22402.134209926582,0.3435148363932967
ESTGAIPKE,HLA-A*01:01,46.224673913043475,24815.0274255147,0.10310564242536202
STGAIPKEV,HLA-A*01:01,37.35904891304347,19794.36951925006,0.05011501343687996
TGAIPKEVP,HLA-A*01:01,99.28660326086957,29323.75447827883,0.012251402062247507
GAIPKEVPG,HLA-A*01:01,99.28660326086957,30776.316131756066,0.008444294478977099
AIPKEVPGP,HLA-A*01:01,46.224673913043475,28553.83425444695,0.104850810370408
IPKEVPGPS,HLA-A*01:01,99.28660326086957,29663.95029589175,0.04436003355658613
PKEVPGPSW,HLA-A*01:01,46.224673913043475,27839.617675444835,0.1283577373251319
KEVPGPSWS,HLA-A*01:01,99.28660326086957,31269.682292011257,0.020619672170141712
EVPGPSWSL,HLA-A*01:01,7.147065217391287,14321.18190402235,0.46677787601947784
VPGPSWSLL,HLA-A*01:01,62.74467391304348,28584.51095833865,0.05215509107802063
PGPSWSLLD,HLA-A*01:01,99.28660326086957,30189.583209257005,0.000402936580030655
GPSWSLLDL,HLA-A*01:01,99.28660326086957,31654.883321000627,0.03905951022170484
PSWSLLDLK,HLA-A*01:01,46.224673913043475,18586.887556049045,0.003993208956671879
SWSLLDLKT,HLA-A*01:01,99.28660326086957,30229.753658910915,0.0031348280899692327
WSLLDLKTG,HLA-A*01:01,99.28660326086957,30225.96130236783,0.01302054892948945
SLLDLKTGS,HLA-A*01:01,99.28660326086957,31512.186512370863,0.03262847042060457
LLDLKTGSC,HLA-A*01:01,17.305597826086952,7086.478965685422,0.006269899691687897
LDLKTGSCT,HLA-A*01:01,99.28660326086957,29778.183695718843,0.009844804415479302
DLKTGSCTS,HLA-A*01:01,99.28660326086957,30013.403161484126,0.02172406093450263
LKTGSCTSR,HLA-A*01:01,62.74467391304348,31949.41214256461,0.09213087930402253
KTGSCTSRW,HLA-A*01:01,3.238749999999925,9839.190418078311,0.6360136028379202
TGSCTSRWE,HLA-A*01:01,99.28660326086957,30267.03546428201,0.0005400600603024941
GSCTSRWES,HLA-A*01:01,99.28660326086957,30083.988501563923,0.002666903252247721
SCTSRWESA,HLA-A*01:01,99.28660326086957,31758.527451506507,0.006198200399012421
CTSRWESAW,HLA-A*01:01,9.849456521739114,8800.544412609757,0.23057505395263433
TSRWESAWS,HLA-A*01:01,99.28660326086957,29805.75378610363,0.0020076287546544336
SRWESAWSG,HLA-A*01:01,46.224673913043475,33119.3215211086,0.14989778853487223
RWESAWSGL,HLA-A*01:01,62.74467391304348,26528.966467726063,0.05560539907310158
WESAWSGLS,HLA-A*01:01,99.28660326086957,29185.591181707947,0.0013503614427463617
ESAWSGLSP,HLA-A*01:01,27.61739130434782,25622.207046760603,0.21683779393788427
SAWSGLSPR,HLA-A*01:01,6.327092391304319,19607.5935893668,0.592073280364275
AWSGLSPRT,HLA-A*01:01,99.28660326086957,31849.16650076644,0.0034516719351813663
WSGLSPRTG,HLA-A*01:01,99.28660326086957,28443.328401567625,0.005135509491083212
SGLSPRTGR,HLA-A*01:01,62.74467391304348,27721.429054345263,0.05856045777909458
GLSPRTGRC,HLA-A*01:01,99.28660326086957,31479.55977334584,0.006921409789356403
LSPRTGRCG,HLA-A*01:01,99.28660326086957,28742.89774745087,0.0030526574155373964
SPRTGRCGS,HLA-A*01:01,99.28660326086957,32107.770136433366,0.02849019035784295
PRTGRCGSE,HLA-A*01:01,99.28660326086957,33667.65982315425,0.00017774620209820569
RTGRCGSEE,HLA-A*01:01,99.28660326086957,29183.296158027737,0.0010244698032693123
TGRCGSEEA,HLA-A*01:01,99.28660326086957,30991.363244270284,0.0011088832798122894
GRCGSEEAS,HLA-A*01:01,99.28660326086957,33649.1683648217,0.00043548565918172244
RCGSEEAST,HLA-A*01:01,99.28660326086957,32169.62574628312,8.178914140444249e-05
CGSEEASTL,HLA-A*01:01,99.28660326086957,26914.779373185826,0.0046284468116937205
GSEEASTLT,HLA-A*01:01,27.61739130434782,11170.450497496371,0.0024113588660839014
SEEASTLTI,HLA-A*01:01,20.2322554347826,23107.275786773294,0.27766965772025287
EEASTLTIP,HLA-A*01:01,13.500896739130425,30791.44458756005,0.47150314785540104
EASTLTIPA,HLA-A*01:01,46.224673913043475,24101.436191418314,0.08158678316976875
ASTLTIPAA,HLA-A*01:01,27.61739130434782,27812.294860498943,0.23258441966027021
STLTIPAAP,HLA-A*01:01,37.35904891304347,27255.79970509307,0.15032318234443665
TLTIPAAPV,HLA-A*01:01,99.28660326086957,29208.732652830808,0.004661472237785347
LTIPAAPVG,HLA-A*01:01,62.74467391304348,25290.5298225597,0.05156175186857581
TIPAAPVGL,HLA-A*01:01,11.6303260869565,14342.253187786822,0.30703257117420435
IPAAPVGLR,HLA-A*01:01,7.147065217391287,20831.77985859232,0.563428396359086
PAAPVGLRW,HLA-A*01:01,5.671874999999957,14948.917987857358,0.5535979196429253
AAPVGLRWL,HLA-A*01:01,27.61739130434782,21580.912134476872,0.15587825560942292
APVGLRWLV,HLA-A*01:01,22.19230978260869,30685.570007947863,0.3268516771495342
PVGLRWLVR,HLA-A*01:01,62.74467391304348,28019.771611735876,0.05057458457304165
SVIRTLSTI,HLA-A*01:01,8.269211956521715,28242.122937066597,0.6085283905267715
VIRTLSTID,HLA-A*01:01,99.28660326086957,32201.951381460727,0.005915552836086135
IRTLSTIDD,HLA-A*01:01,99.28660326086957,33248.284591704985,0.0022320168718579225
RTLSTIDDV,HLA-A*01:01,62.74467391304348,27476.295632312776,0.02869667625054717
TLSTIDDVE,HLA-A*01:01,62.74467391304348,24112.33825216924,0.0033196466756635346
LSTIDDVED,HLA-A*01:01,99.28660326086957,25236.61574976285,0.00042241324445058126
STIDDVEDR,HLA-A*01:01,9.849456521739114,4393.033960373041,0.04074021731503308
TIDDVEDRE,HLA-A*01:01,9.15535326086956,3627.5928514817892,0.011671187923639081
IDDVEDREN,HLA-A*01:01,31.643179347826077,13136.785664911364,0.0003821677510131849
EKIILNFTT,HLA-A*01:01,62.74467391304348,33349.03464517575,0.08115135063417256
KIILNFTTL,HLA-A*01:01,27.61739130434782,26530.86753408116,0.24402974545955658
IILNFTTLD,HLA-A*01:01,99.28660326086957,31229.39056548798,0.0038618438884441275
ILNFTTLDL,HLA-A*01:01,31.643179347826077,19089.043192473397,0.11735021020285785
LNFTTLDLY,HLA-A*01:01,2.851521739130362,856.1536735405912,0.023052786258631386
NFTTLDLYR,HLA-A*01:01,62.74467391304348,25594.487252843242,0.05141458674916066
FTTLDLYRS,HLA-A*01:01,62.74467391304348,25200.736190570537,0.044967578796786256
TTLDLYRSR,HLA-A*01:01,6.479157608695644,20729.246636336928,0.5977586060762405
TLDLYRSRL,HLA-A*01:01,8.269211956521715,3535.0019485301254,0.03344217408448458
QNEELDRQK,HLA-A*01:01,31.643179347826077,13956.303301085953,0.0019464719007373787
NEELDRQKR,HLA-A*01:01,46.224673913043475,17635.06151944629,0.0019688224092533346
EELDRQKRI,HLA-A*01:01,62.74467391304348,28575.543103412245,0.041691025777254254
ELDRQKRIG,HLA-A*01:01,62.74467391304348,25305.31200112476,0.008929111616453156
LDRQKRIGN,HLA-A*01:01,99.28660326086957,31103.25592535347,0.001841482659074245
DRQKRIGNT,HLA-A*01:01,99.28660326086957,33558.46607042655,0.026531561044976115
RQKRIGNTR,HLA-A*01:01,37.35904891304347,29466.212588795854,0.15974518680013716
QKRIGNTRK,HLA-A*01:01,99.28660326086957,32784.54068950249,0.009511433381703682
KRIGNTRKM,HLA-A*01:01,99.28660326086957,32310.89401380143,0.0643077100685332
SCDQRQLSE,HLA-A*01:01,31.643179347826077,13320.608256184383,0.001518587241662317
CDQRQLSEC,HLA-A*01:01,99.28660326086957,27391.376943727053,0.0007331207980314502
DQRQLSECD,HLA-A*01:01,99.28660326086957,32069.023935952217,0.04976560245268047
QRQLSECDE,HLA-A*01:01,99.28660326086957,33151.94374928151,0.000197019835923129
RQLSECDEP,HLA-A*01:01,99.28660326086957,32681.423181527247,0.013625609659356996
QLSECDEPQ,HLA-A*01:01,62.74467391304348,23658.24478796402,0.0005167809977137949
LSECDEPQP,HLA-A*01:01,62.74467391304348,21116.126993131136,0.011780718072259333
SECDEPQPH,HLA-A*01:01,37.35904891304347,16826.81751656104,0.007780594165524235
ECDEPQPHH,HLA-A*01:01,9.15535326086956,3632.722540516746,0.007610734410263831
EEDEEEEED,HLA-A*01:01,62.74467391304348,20123.305630741284,0.00015564614295726642
EDEEEEEDF,HLA-A*01:01,18.61798913043478,7715.459144279594,0.00026849994628719287
DEEEEEDFK,HLA-A*01:01,13.500896739130425,5293.497242367244,0.0004298266776459059
DSVSSINSV,HLA-A*01:01,27.61739130434782,18398.97383099816,0.12261751317419112
SVSSINSVT,HLA-A*01:01,99.28660326086957,27600.425888748883,0.011224811314605176
VSSINSVTS,HLA-A*01:01,62.74467391304348,24282.402842829488,0.003229942682082765
SSINSVTSH,HLA-A*01:01,7.778097826086963,8039.019559449269,0.27478316007182
SINSVTSHS,HLA-A*01:01,99.28660326086957,28182.86179462858,0.0095578295076848
INSVTSHSS,HLA-A*01:01,99.28660326086957,31115.76546010091,0.0009522079199086875
NSVTSHSSV,HLA-A*01:01,62.74467391304348,25128.62623332343,0.011114795532193966
SVTSHSSVG,HLA-A*01:01,99.28660326086957,30658.54538741939,0.006466403618105687
VTSHSSVGS,HLA-A*01:01,99.28660326086957,25406.088145785627,0.0007059567578835413
HGKRFHATI,HLA-A*01:01,99.28660326086957,32248.705681309457,0.020143925037700683
GKRFHATIS,HLA-A*01:01,99.28660326086957,33951.774681367664,0.05361471384821925
KRFHATISF,HLA-A*01:01,5.671874999999957,27984.287841882975,0.7252205945551395
RFHATISFD,HLA-A*01:01,99.28660326086957,33320.979359062745,0.009261634360882454
FHATISFDT,HLA-A*01:01,99.28660326086957,32809.41421123908,0.009037864656420425
HATISFDTD,HLA-A*01:01,99.28660326086957,29726.91492547661,0.006895945043652318
ATISFDTDT,HLA-A*01:01,62.74467391304348,28276.159150259213,0.03899411903694272
TISFDTDTG,HLA-A*01:01,99.28660326086957,29819.51667100631,0.001874790781585034
ISFDTDTGL,HLA-A*01:01,27.61739130434782,13365.982849635066,0.057610335177741945
PPISSCDTR,HLA-A*01:01,99.28660326086957,27674.10349446703,0.007641983371286187
PISSCDTRT,HLA-A*01:01,99.28660326086957,31683.872829920896,0.0003251251473557204
ISSCDTRTM,HLA-A*01:01,24.57923913043477,11281.238574827701,0.024813983676722273
SSCDTRTMA,HLA-A*01:01,62.74467391304348,23300.608490285937,0.008132246628520079
SCDTRTMAN,HLA-A*01:01,37.35904891304347,16344.307466047949,0.0006470251200880739
CDTRTMANC,HLA-A*01:01,99.28660326086957,30976.06652086809,0.0008601348436059197
DTRTMANCE,HLA-A*01:01,99.28660326086957,28422.70132464094,0.011444021205534227
TRTMANCER,HLA-A*01:01,99.28660326086957,31933.92159910529,0.005459738275021664
RTMANCERT,HLA-A*01:01,99.28660326086957,28982.72152541807,0.01013714837608859
LCGTDEKIA,HLA-A*01:01,99.28660326086957,30097.299982115503,0.00046435777676379075
CGTDEKIAN,HLA-A*01:01,99.28660326086957,30244.502389050205,0.00022586367867916124
GTDEKIANV,HLA-A*01:01,0.5982065217390868,485.77573216498024,0.6011236384510994
TDEKIANVT,HLA-A*01:01,46.224673913043475,20898.81751039425,0.019068944704486057
DEKIANVTE,HLA-A*01:01,62.74467391304348,28123.903653731886,0.07883895986014977
EKIANVTED,HLA-A*01:01,99.28660326086957,32877.96552742799,0.02181390031182673
KIANVTEDA,HLA-A*01:01,99.28660326086957,30430.447953612012,0.036460219882428646
IANVTEDAK,HLA-A*01:01,37.35904891304347,15579.785710448801,0.009023147460538894
CKAYWKVCF,HLA-A*01:01,46.224673913043475,31482.369873586962,0.16000989614985883
KAYWKVCFH,HLA-A*01:01,12.187228260869546,21022.5019143721,0.40708840917795897
AYWKVCFHY,HLA-A*01:01,3.1588586956520857,4886.58490152583,0.45323494262993336
YWKVCFHYN,HLA-A*01:01,99.28660326086957,29512.878417125867,0.002827674732543528
WKVCFHYNL,HLA-A*01:01,99.28660326086957,32633.96174879902,0.015985196085239295
KVCFHYNLH,HLA-A*01:01,46.224673913043475,19124.053332655614,0.01237662578932941
VCFHYNLHK,HLA-A*01:01,62.74467391304348,22180.26119069322,0.002274030732223764
CFHYNLHKA,HLA-A*01:01,99.28660326086957,30645.04990893811,0.05289875323069282
FHYNLHKAQ,HLA-A*01:01,99.28660326086957,33087.07173568178,0.02467911329586059
ECGKSFGRSC,HLA-A*01:01,99.28660326086957,31903.089702201858,0.0007892808862379752
CGKSFGRSCH,HLA-A*01:01,99.28660326086957,28702.60830964602,0.0012642787578442949
GKSFGRSCHL,HLA-A*01:01,46.224673913043475,33954.79630026,0.18083411123370752
KSFGRSCHLI,HLA-A*01:01,46.224673913043475,25611.61012997194,0.10119775380007923
SFGRSCHLIQ,HLA-A*01:01,99.28660326086957,30345.695008418137,0.0027154562267242
FGRSCHLIQH,HLA-A*01:01,99.28660326086957,29095.396283704802,0.01546144942403771
GRSCHLIQHQ,HLA-A*01:01,99.28660326086957,33459.83061647379,0.00729027834313456
RSCHLIQHQT,HLA-A*01:01,62.74467391304348,28485.30774702272,0.046444566280115396
SCHLIQHQTI,HLA-A*01:01,99.28660326086957,32096.614845706823,0.05008814396569505
CHLIQHQTIH,HLA-A*01:01,99.28660326086957,31537.061912922352,0.035084767107036896
GSSQKAREER,HLA-A*01:01,99.28660326086957,28647.189976300288,0.0005801797415188048
SSQKAREERA,HLA-A*01:01,99.28660326086957,29840.300708763836,0.0009338430209027138
SQKAREERAL,HLA-A*01:01,99.28660326086957,33235.03064387435,0.02330194611568004
QKAREERALL,HLA-A*01:01,99.28660326086957,34049.43914570554,0.06117052142508328
KAREERALLP,HLA-A*01:01,99.28660326086957,33086.21461990219,0.05925117270089686
AREERALLPL,HLA-A*01:01,99.28660326086957,33024.81876944564,0.019266141986008734
REERALLPLE,HLA-A*01:01,99.28660326086957,31060.562328154763,0.036366148735396564
EERALLPLEL,HLA-A*01:01,46.224673913043475,31012.630482863486,0.1342848485801369
ERALLPLELQ,HLA-A*01:01,99.28660326086957,33226.12685750427,0.03036812276695855
RALLPLELQD,HLA-A*01:01,99.28660326086957,32727.690002953117,0.025289866025559604
SGSSFSRRAA,HLA-A*01:01,99.28660326086957,32670.015319363403,0.025711515016155317
GSSFSRRAAP,HLA-A*01:01,99.28660326086957,31920.034933261806,0.008082533608103404
SSFSRRAAPV,HLA-A*01:01,99.28660326086957,30137.471907335075,0.008139592449879274
SFSRRAAPVA,HLA-A*01:01,99.28660326086957,33446.43969477328,0.07422042521648109
FSRRAAPVAT,HLA-A*01:01,99.28660326086957,31685.02017577548,0.0034786670585162938
SRRAAPVATP,HLA-A*01:01,99.28660326086957,33852.56393148664,0.040951402799692005
RRAAPVATPA,HLA-A*01:01,62.74467391304348,33477.12003768133,0.08659073524177074
RAAPVATPAL,HLA-A*01:01,27.61739130434782,27947.965147335595,0.24621672555804253
AAPVATPALL,HLA-A*01:01,12.805461956521725,21904.028792230474,0.39799266308546066
APVATPALLT,HLA-A*01:01,99.28660326086957,31299.964750633895,0.014000925788423046
PVATPALLTS,HLA-A*01:01,99.28660326086957,31911.941476061696,0.008135979413054883
VATPALLTSH,HLA-A*01:01,12.187228260869546,24758.95801500517,0.4535486279055476
ATPALLTSHR,HLA-A*01:01,37.35904891304347,21936.413499162496,0.10895465919747949
TPALLTSHRS,HLA-A*01:01,99.28660326086957,32024.868762523438,0.014764188264962286
PALLTSHRSL,HLA-A*01:01,99.28660326086957,33440.59846625251,0.010603716247715056
ALLTSHRSLG,HLA-A*01:01,99.28660326086957,33108.59225598899,0.00638430894468911
LLTSHRSLGN,HLA-A*01:01,99.28660326086957,32160.707940082717,0.0008225253004638944
LTSHRSLGNT,HLA-A*01:01,99.28660326086957,28440.390978854404,0.0008952879670687253
TSHRSLGNTR,HLA-A*01:01,62.74467391304348,26231.85782306711,0.021556075145781506
SHRSLGNTRH,HLA-A*01:01,99.28660326086957,32244.871893430536,0.0032693539360479917
HRSLGNTRHK,HLA-A*01:01,99.28660326086957,31287.671971655633,0.007076072244672105
AVGATAVYPT,HLA-A*01:01,99.28660326086957,31708.50046280178,0.002287472154421266
VGATAVYPTD,HLA-A*01:01,99.28660326086957,32421.594059865274,0.0012523099212558009
GATAVYPTDL,HLA-A*01:01,99.28660326086957,32604.10018579113,0.013533653371268883
ATAVYPTDLV,HLA-A*01:01,62.74467391304348,22870.100424080007,0.03201146575156599
TAVYPTDLVK,HLA-A*01:01,7.558260869565203,19697.8951191926,0.533831475302577
AVYPTDLVKT,HLA-A*01:01,5.671874999999957,29681.544138763325,0.7377970181405544
VYPTDLVKTR,HLA-A*01:01,5.788070652173886,26753.30964389925,0.7052624225616455
YPTDLVKTRM,HLA-A*01:01,11.6303260869565,28558.150969014652,0.49963128939270973
PTDLVKTRMQ,HLA-A*01:01,31.643179347826077,13758.216842770165,0.024625054327771068
TDLVKTRMQN,HLA-A*01:01,99.28660326086957,31395.534139400188,0.01354717599315336
SKELYALGVV,HLA-A*01:01,99.28660326086957,33425.35831533707,0.00437297869939357
KELYALGVVD,HLA-A*01:01,99.28660326086957,33009.61516236983,0.03734788449946791
ELYALGVVDG,HLA-A*01:01,99.28660326086957,32740.98325950788,0.025444800936384127
LYALGVVDGL,HLA-A*01:01,99.28660326086957,31089.546521032906,0.02445990324486047
YALGVVDGLH,HLA-A*01:01,46.224673913043475,19970.470636945163,0.04468165244907141
ALGVVDGLHT,HLA-A*01:01,99.28660326086957,27596.101886029825,0.020533070419332944
LGVVDGLHTV,HLA-A*01:01,46.224673913043475,29559.89039893205,0.11643605772405863
GVVDGLHTVH,HLA-A*01:01,15.160951086956516,18567.622838675114,0.30460400879383087
VVDGLHTVHG,HLA-A*01:01,24.57923913043477,11483.902776035991,0.04516420705476776
VDGLHTVHGT,HLA-A*01:01,99.28660326086957,29522.238606237384,0.005098180845379829
NKNSSKPQKK,HLA-A*01:01,99.28660326086957,30714.06822139842,0.0017407764789822977
KNSSKPQKKN,HLA-A*01:01,99.28660326086957,33115.862352847624,0.00033146664554806193
NSSKPQKKNG,HLA-A*01:01,99.28660326086957,31802.139658331605,0.0019708988274942385
SSKPQKKNGS,HLA-A*01:01,99.28660326086957,31125.513826529404,0.0007252237655848148
SKPQKKNGST,HLA-A*01:01,99.28660326086957,33921.22920567274,0.0013834203382430132
KPQKKNGSTW,HLA-A*01:01,18.61798913043478,25727.813081164924,0.3227802007459104
PQKKNGSTWA,HLA-A*01:01,99.28660326086957,33820.4799498158,0.005226369627052918
QKKNGSTWAN,HLA-A*01:01,99.28660326086957,33758.930886635375,0.0008521472145730513
KKNGSTWANV,HLA-A*01:01,99.28660326086957,33807.70035919709,0.039757810620358214
KNGSTWANVP,HLA-A*01:01,99.28660326086957,32987.36944166982,0.006448216478020186
RVNKLKREMG,HLA-A*01:01,99.28660326086957,33105.67609740817,0.016185269050765783
VNKLKREMGH,HLA-A*01:01,99.28660326086957,30893.325545270647,0.003918021237041103
NKLKREMGHL,HLA-A*01:01,99.28660326086957,34227.01408943385,0.06394581560743973
KLKREMGHLQ,HLA-A*01:01,99.28660326086957,31032.486222269963,0.022000773169565946
LKREMGHLQH,HLA-A*01:01,99.28660326086957,31641.752873639583,0.022609120511333458
KREMGHLQHE,HLA-A*01:01,99.28660326086957,33118.32347246686,0.0011370735246600816
REMGHLQHEL,HLA-A*01:01,12.805461956521725,29913.06578648418,0.47766389697790146
EMGHLQHELQ,HLA-A*01:01,99.28660326086957,27723.805227564608,0.0022584256730624475
MGHLQHELQF,HLA-A*01:01,62.74467391304348,25203.90363527271,0.054925119737163186
GHLQHELQFK,HLA-A*01:01,62.74467391304348,31004.47161085978,0.08493147499393672
SAAKAVKPKV,HLA-A*01:01,99.28660326086957,30948.04583538939,0.0519614031072706
AAKAVKPKVV,HLA-A*01:01,37.35904891304347,32250.126440584914,0.21074603078886867
AKAVKPKVVK,HLA-A*01:01,15.160951086956516,31098.619059276123,0.453904427587986
KAVKPKVVKP,HLA-A*01:01,24.57923913043477,32309.78273831412,0.3150097457692027
AVKPKVVKPK,HLA-A*01:01,12.805461956521725,25946.608625767145,0.4450753778219223
VKPKVVKPKK,HLA-A*01:01,62.74467391304348,31930.008245124885,0.0692497294221539
AVTLSPNGKS,HLA-A*01:01,99.28660326086957,31580.090337728656,0.0021577487168542575
VTLSPNGKSL,HLA-A*01:01,46.224673913043475,24727.305975126503,0.09883292182348669
TLSPNGKSLA,HLA-A*01:01,99.28660326086957,28517.6307071739,0.014171134331263602
LSPNGKSLAC,HLA-A*01:01,46.224673913043475,19755.95893921719,0.012152732386311982
SPNGKSLACQ,HLA-A*01:01,62.74467391304348,29032.896391946,0.05413009790936485
PNGKSLACQS,HLA-A*01:01,99.28660326086957,33265.54997906199,0.00019796864535237546
NGKSLACQSM,HLA-A*01:01,99.28660326086957,32228.4060616338,0.012630270248337183
GKSLACQSMD,HLA-A*01:01,99.28660326086957,33524.449473313274,0.014810287138971034
KSLACQSMDN,HLA-A*01:01,99.28660326086957,30781.859411933936,0.004588098650856409
SLACQSMDNQ,HLA-A*01:01,99.28660326086957,29332.17032204903,0.0013881627601222135
CGPHDLLWAH,HLA-A*01:01,62.74467391304348,25439.849554556946,0.043399246875196695
GPHDLLWAHS,HLA-A*01:01,62.74467391304348,32246.836171865758,0.07091219967696816
PHDLLWAHSG,HLA-A*01:01,99.28660326086957,31887.013810867076,0.00889372375968378
HDLLWAHSGR,HLA-A*01:01,46.224673913043475,24980.064924576713,0.08721360785420984
DLLWAHSGRD,HLA-A*01:01,99.28660326086957,32265.177202571755,0.005594314323388971
LLWAHSGRDR,HLA-A*01:01,99.28660326086957,30742.661549838445,0.045928984036436304
LWAHSGRDRP,HLA-A*01:01,99.28660326086957,33317.64597739716,0.0010374665616836865
WAHSGRDRPW,HLA-A*01:01,46.224673913043475,25226.939891980055,0.07550957414787263
AHSGRDRPWS,HLA-A*01:01,100.0,34148.518422496156,0.0017632130584388506
HSGRDRPWSG,HLA-A*01:01,99.28660326086957,30041.86706287359,0.012384530622512102
SGRDRPWSGK,HLA-A*01:01,62.74467391304348,27336.051297967573,0.06853297736961395
GRDRPWSGKE,HLA-A*01:01,99.28660326086957,31625.465767290396,0.0045900615805294365
RDRPWSGKES,HLA-A*01:01,99.28660326086957,32966.43610021907,0.015023211322841235
DRPWSGKEST,HLA-A*01:01,99.28660326086957,33500.33559153303,0.01826842343143653
RPWSGKESTG,HLA-A*01:01,46.224673913043475,32441.173387538744,0.1475212466903031
PWSGKESTGA,HLA-A*01:01,99.28660326086957,32717.343442939626,0.000534497437911341
WSGKESTGAI,HLA-A*01:01,99.28660326086957,28026.745771271566,0.00038438183764810674
SGKESTGAIP,HLA-A*01:01,99.28660326086957,30935.6570973414,0.006205495992617216
GKESTGAIPK,HLA-A*01:01,17.305597826086952,28649.191447839286,0.372914875857532
KESTGAIPKE,HLA-A*01:01,99.28660326086957,30900.59395291903,0.05357749783433974
ESTGAIPKEV,HLA-A*01:01,46.224673913043475,25943.90290342852,0.07402359100524336
STGAIPKEVP,HLA-A*01:01,99.28660326086957,28361.062183603397,0.012337836931692436
TGAIPKEVPG,HLA-A*01:01,99.28660326086957,30330.324665259777,0.011353134294040501
GAIPKEVPGP,HLA-A*01:01,99.28660326086957,30886.277082302386,0.02379157830728218
AIPKEVPGPS,HLA-A*01:01,99.28660326086957,30321.13699464099,0.01735253701917827
IPKEVPGPSW,HLA-A*01:01,4.454592391304317,21020.19529975445,0.7272058017551899
PKEVPGPSWS,HLA-A*01:01,99.28660326086957,32379.5353783888,0.0011525660702318419
KEVPGPSWSL,HLA-A*01:01,13.500896739130425,28370.331281400744,0.4546149196103215
EVPGPSWSLL,HLA-A*01:01,46.224673913043475,21946.388599620288,0.06674700835719705
VPGPSWSLLD,HLA-A*01:01,99.28660326086957,29849.359644347238,0.005071742707514204
PGPSWSLLDL,HLA-A*01:01,99.28660326086957,32079.92757941494,0.0018136391081498004
GPSWSLLDLK,HLA-A*01:01,62.74467391304348,26300.010078569907,0.019621097831986845
PSWSLLDLKT,HLA-A*01:01,99.28660326086957,31719.098828729417,0.0030383523262571543
SWSLLDLKTG,HLA-A*01:01,99.28660326086957,32525.763224770457,0.0023994436232896987
WSLLDLKTGS,HLA-A*01:01,99.28660326086957,30583.19434222061,0.0023641706429771148
SLLDLKTGSC,HLA-A*01:01,99.28660326086957,29682.1733156316,0.03275208099512383
LLDLKTGSCT,HLA-A*01:01,31.643179347826077,12624.295652576206,0.007527011446654797
LDLKTGSCTS,HLA-A*01:01,99.28660326086957,31187.165927992024,0.004973326478648232
DLKTGSCTSR,HLA-A*01:01,27.61739130434782,24091.866179771427,0.18830905389040709
LKTGSCTSRW,HLA-A*01:01,17.305597826086952,30697.804399007255,0.4071860397234559
KTGSCTSRWE,HLA-A*01:01,99.28660326086957,27314.09834855198,0.01415038885170361
TGSCTSRWES,HLA-A*01:01,99.28660326086957,31693.313871228274,0.00023050171239447081
GSCTSRWESA,HLA-A*01:01,99.28660326086957,30288.502795303175,0.040853962673281785
SCTSRWESAW,HLA-A*01:01,62.74467391304348,26353.1538954151,0.017755804175976664
CTSRWESAWS,HLA-A*01:01,99.28660326086957,27263.690293427633,0.005644034532451769
TSRWESAWSG,HLA-A*01:01,99.28660326086957,30957.82426135077,0.003630141814937815
SRWESAWSGL,HLA-A*01:01,37.35904891304347,32760.775536928264,0.19101056223735213
RWESAWSGLS,HLA-A*01:01,99.28660326086957,29353.874603420933,0.0095678403013153
WESAWSGLSP,HLA-A*01:01,99.28660326086957,30160.277052913938,0.03597171220462769
ESAWSGLSPR,HLA-A*01:01,9.494239130434764,17314.416800297142,0.4270693762227893
SAWSGLSPRT,HLA-A*01:01,99.28660326086957,30466.686845998778,0.03638603142462671
AWSGLSPRTG,HLA-A*01:01,99.28660326086957,32168.078355236743,0.006149467750219628
WSGLSPRTGR,HLA-A*01:01,62.74467391304348,23978.60896648754,0.04839553724741563
SGLSPRTGRC,HLA-A*01:01,99.28660326086957,32417.08770397781,0.001891274114314001
GLSPRTGRCG,HLA-A*01:01,99.28660326086957,32184.710288919596,0.010588010307401419
LSPRTGRCGS,HLA-A*01:01,99.28660326086957,30256.55434012394,0.0012790436776413117
SPRTGRCGSE,HLA-A*01:01,99.28660326086957,31691.12681334843,0.021843250666279346
PRTGRCGSEE,HLA-A*01:01,100.0,33917.387226812694,0.00016575736299273558
RTGRCGSEEA,HLA-A*01:01,99.28660326086957,29523.84174691686,0.0038664114090352086
TGRCGSEEAS,HLA-A*01:01,99.28660326086957,32203.345548434307,0.0003644150483523845
GRCGSEEAST,HLA-A*01:01,100.0,33865.37017244279,0.0005012256569898454
RCGSEEASTL,HLA-A*01:01,99.28660326086957,30315.294832385396,0.0031014929118100554
CGSEEASTLT,HLA-A*01:01,99.28660326086957,30335.563732945368,0.0002565005652286345
GSEEASTLTI,HLA-A*01:01,16.15755434782608,8735.216959238402,0.07079017418436706
SEEASTLTIP,HLA-A*01:01,17.305597826086952,30036.23125267442,0.39566211216151714
EEASTLTIPA,HLA-A*01:01,46.224673913043475,30922.68962625033,0.15470935468329117
EASTLTIPAA,HLA-A*01:01,24.57923913043477,28278.719651471747,0.2761758081614971
ASTLTIPAAP,HLA-A*01:01,99.28660326086957,29598.452990647307,0.04256808722857386
STLTIPAAPV,HLA-A*01:01,99.28660326086957,27315.19524139323,0.02315781405195594
TLTIPAAPVG,HLA-A*01:01,99.28660326086957,31493.54867828056,0.003141975132166408
LTIPAAPVGL,HLA-A*01:01,11.115788043478247,12188.60228461056,0.28003276139497757
TIPAAPVGLR,HLA-A*01:01,17.305597826086952,18099.58554266648,0.2606590799987316
IPAAPVGLRW,HLA-A*01:01,3.996902173913,19931.0660793327,0.7509671971201897
PAAPVGLRWL,HLA-A*01:01,99.28660326086957,30629.620286697274,0.04952203796710819
AAPVGLRWLV,HLA-A*01:01,62.74467391304348,28250.934685310986,0.09354951189015992
APVGLRWLVR,HLA-A*01:01,13.500896739130425,29854.073890181564,0.472885400056839
ISVIRTLSTI,HLA-A*01:01,37.35904891304347,28649.716636437613,0.18589705787599087
SVIRTLSTID,HLA-A*01:01,99.28660326086957,32819.4235234242,0.028850144939497113
VIRTLSTIDD,HLA-A*01:01,99.28660326086957,33050.84446461136,0.0065207289953832515
IRTLSTIDDV,HLA-A*01:01,99.28660326086957,33861.324675145304,0.0030146714052534662
RTLSTIDDVE,HLA-A*01:01,99.28660326086957,28420.077498088936,0.024826025823131204
TLSTIDDVED,HLA-A*01:01,62.74467391304348,24483.407229806224,0.002085953688947484
LSTIDDVEDR,HLA-A*01:01,31.643179347826077,12843.628058855813,0.001598837236088002
STIDDVEDRE,HLA-A*01:01,16.15755434782608,6932.482996466332,0.01016258611343801
TIDDVEDREN,HLA-A*01:01,8.839293478260856,3516.43644680302,0.00828571215242846
IDDVEDRENE,HLA-A*01:01,37.35904891304347,14179.19194935257,0.0008349230392923346
GEKIILNFTT,HLA-A*01:01,46.224673913043475,32836.21341509124,0.16137367766350508
EKIILNFTTL,HLA-A*01:01,31.643179347826077,33509.04462036588,0.23912471439689398
KIILNFTTLD,HLA-A*01:01,99.28660326086957,32857.934383571075,0.005713100574212149
IILNFTTLDL,HLA-A*01:01,99.28660326086957,29964.211626774675,0.0135229064617306
ILNFTTLDLY,HLA-A*01:01,1.731739130434704,397.25622939888456,0.059058566941530444
LNFTTLDLYR,HLA-A*01:01,99.28660326086957,28113.330087479833,0.008036940649617463
NFTTLDLYRS,HLA-A*01:01,99.28660326086957,33166.96191482303,0.01879061947693117
FTTLDLYRSR,HLA-A*01:01,37.35904891304347,24971.580793846733,0.15402161236852407
TTLDLYRSRL,HLA-A*01:01,37.35904891304347,22601.36249405194,0.12140685087069869
TLDLYRSRLC,HLA-A*01:01,46.224673913043475,19776.90937979041,0.0017737610360200051
KQNEELDRQK,HLA-A*01:01,46.224673913043475,21160.40805016423,0.03703262022463605
QNEELDRQKR,HLA-A*01:01,62.74467391304348,20965.15603370542,0.005378502228268189
NEELDRQKRI,HLA-A*01:01,99.28660326086957,29944.25119530402,0.01192340487614274
EELDRQKRIG,HLA-A*01:01,99.28660326086957,31983.960027543464,0.015297894511604682
ELDRQKRIGN,HLA-A*01:01,99.28660326086957,26580.411565337483,0.004243864517775364
LDRQKRIGNT,HLA-A*01:01,99.28660326086957,33369.685157993656,0.0024360456882277504
DRQKRIGNTR,HLA-A*01:01,46.224673913043475,32100.74373537698,0.16241755988448858
RQKRIGNTRK,HLA-A*01:01,99.28660326086957,30323.22437384553,0.039384729287121445
QKRIGNTRKM,HLA-A*01:01,99.28660326086957,34069.7957439839,0.0246496275649406
KRIGNTRKMI,HLA-A*01:01,99.28660326086957,34090.334003996,0.025947104673832655
DSCDQRQLSE,HLA-A*01:01,62.74467391304348,22625.275750476307,0.003007515500939917
SCDQRQLSEC,HLA-A*01:01,46.224673913043475,17397.331853696083,0.001038663336657919
CDQRQLSECD,HLA-A*01:01,99.28660326086957,30399.11691939321,0.0004363058014860144
DQRQLSECDE,HLA-A*01:01,99.28660326086957,32008.935999610276,0.03261160635156557
QRQLSECDEP,HLA-A*01:01,99.28660326086957,33603.50729235176,0.0005732332811021479
RQLSECDEPQ,HLA-A*01:01,99.28660326086957,31521.588338259975,0.014950361975934356
QLSECDEPQP,HLA-A*01:01,99.28660326086957,29036.014386062852,0.0019344297179486603
LSECDEPQPH,HLA-A*01:01,12.805461956521725,5069.048905231562,0.0045564905885839835
SECDEPQPHH,HLA-A*01:01,31.643179347826077,14761.436414618887,0.015835379410418682
ECDEPQPHHS,HLA-A*01:01,31.643179347826077,12578.038044894578,0.0028990750724915415
DEEDEEEEED,HLA-A*01:01,62.74467391304348,22208.15600336069,0.00010386346639279509
EEDEEEEEDF,HLA-A*01:01,9.15535326086956,3547.17766635284,0.0003980467845394742
EDEEEEEDFK,HLA-A*01:01,13.500896739130425,5373.346532569458,0.00033213836832146626
DEEEEEDFKP,HLA-A*01:01,62.74467391304348,26282.96459650178,0.014562724390998483
SDSVSSINSV,HLA-A*01:01,62.74467391304348,26530.693226565967,0.04291622433811426
DSVSSINSVT,HLA-A*01:01,99.28660326086957,27118.330848098478,0.005616962938802317
SVSSINSVTS,HLA-A*01:01,99.28660326086957,28900.614324766786,0.017040354199707508
VSSINSVTSH,HLA-A*01:01,20.2322554347826,9442.053150289034,0.04253068577963859
SSINSVTSHS,HLA-A*01:01,99.28660326086957,26524.896603479992,0.0029667898634215817
SINSVTSHSS,HLA-A*01:01,99.28660326086957,30171.436487630963,0.00874333041429054
INSVTSHSSV,HLA-A*01:01,99.28660326086957,31167.117439756657,0.0017412419110769406
NSVTSHSSVG,HLA-A*01:01,99.28660326086957,30192.4038682399,0.0023695615855103824
SVTSHSSVGS,HLA-A*01:01,99.28660326086957,30897.512354738217,0.004758644994581118
VTSHSSVGSN,HLA-A*01:01,62.74467391304348,23562.931599378695,0.0005158745934750186
KHGKRFHATI,HLA-A*01:01,99.28660326086957,34611.81832379619,0.01143310050247237
HGKRFHATIS,HLA-A*01:01,99.28660326086957,33422.3498626848,0.0014108458817645442
GKRFHATISF,HLA-A*01:01,11.115788043478247,33034.18596156101,0.5526284766383469
KRFHATISFD,HLA-A*01:01,99.28660326086957,34012.54593912003,0.015497557702474296
RFHATISFDT,HLA-A*01:01,99.28660326086957,33821.15085329834,0.01199639672995545
FHATISFDTD,HLA-A*01:01,99.28660326086957,32979.00821532916,0.013241624823422171
HATISFDTDT,HLA-A*01:01,99.28660326086957,31583.366806621136,0.002792177489027381
ATISFDTDTG,HLA-A*01:01,62.74467391304348,26709.483963473547,0.078371457522735
TISFDTDTGL,HLA-A*01:01,62.74467391304348,24729.21020357677,0.00972964710672386
ISFDTDTGLK,HLA-A*01:01,6.047907608695624,2801.9012171633335,0.06851682186243124
GPPISSCDTR,HLA-A*01:01,62.74467391304348,26028.895719978205,0.011173828526807483
PPISSCDTRT,HLA-A*01:01,99.28660326086957,32893.94629323985,0.0003963905546697788
PISSCDTRTM,HLA-A*01:01,99.28660326086957,30537.436961919007,0.004517163113632705
ISSCDTRTMA,HLA-A*01:01,62.74467391304348,25293.774719505604,0.04798858363938052
SSCDTRTMAN,HLA-A*01:01,62.74467391304348,23978.290216458478,0.00176592684147181
SCDTRTMANC,HLA-A*01:01,62.74467391304348,20840.43370794448,0.0010551343139013625
CDTRTMANCE,HLA-A*01:01,99.28660326086957,30561.731007369195,0.0004617612394213211
DTRTMANCER,HLA-A*01:01,62.74467391304348,24763.602432955664,0.025342724577058107
TRTMANCERT,HLA-A*01:01,100.0,33888.43275507543,0.0005038683211751049
RTMANCERTF,HLA-A*01:01,10.231983695652161,19473.68437950679,0.4354678560048342
RLCGTDEKIA,HLA-A*01:01,99.28660326086957,31553.505837434248,0.04352426034165546
LCGTDEKIAN,HLA-A*01:01,99.28660326086957,28798.523283380156,0.00021767058024124708
CGTDEKIANV,HLA-A*01:01,99.28660326086957,29710.344762850058,0.009610217923182063
GTDEKIANVT,HLA-A*01:01,6.63130434782606,3191.835102517631,0.07976527267601341
TDEKIANVTE,HLA-A*01:01,62.74467391304348,23820.943189982077,0.013715118599066045
DEKIANVTED,HLA-A*01:01,99.28660326086957,30900.93372842187,0.018839739088434726
EKIANVTEDA,HLA-A*01:01,99.28660326086957,33314.557519995884,0.02127271829522215
KIANVTEDAK,HLA-A*01:01,46.224673913043475,22079.697989262455,0.05798794300062582
IANVTEDAKR,HLA-A*01:01,62.74467391304348,22997.416532895233,0.015004037457401864
GCKAYWKVCF,HLA-A*01:01,99.28660326086957,31014.71039898598,0.01365330137195997
CKAYWKVCFH,HLA-A*01:01,62.74467391304348,31880.46876180182,0.0805507629411295
KAYWKVCFHY,HLA-A*01:01,4.519266304347795,4865.138040136499,0.3179935053922236
AYWKVCFHYN,HLA-A*01:01,99.28660326086957,32152.738394270422,0.022703536582412198
YWKVCFHYNL,HLA-A*01:01,99.28660326086957,30674.929484134922,0.0056776412020553835
WKVCFHYNLH,HLA-A*01:01,99.28660326086957,32030.20997755242,0.009386908583110198
KVCFHYNLHK,HLA-A*01:01,62.74467391304348,25223.999528531906,0.005412590864580125
VCFHYNLHKA,HLA-A*01:01,99.28660326086957,31805.68133126352,0.01856572352699004
CFHYNLHKAQ,HLA-A*01:01,99.28660326086957,33446.43989699115,0.00489898786690901
FHYNLHKAQP,HLA-A*01:01,99.28660326086957,34170.14831516465,0.025986398628447205
NECGKSFGRSC,HLA-A*01:01,99.28660326086957,31239.165715860974,0.03188979846891016
ECGKSFGRSCH,HLA-A*01:01,99.28660326086957,27483.958814739555,0.0037746335055999225
CGKSFGRSCHL,HLA-A*01:01,99.28660326086957,31535.661127340947,0.003913338950951584
GKSFGRSCHLI,HLA-A*01:01,37.35904891304347,33864.341929626244,0.20537597069051117
KSFGRSCHLIQ,HLA-A*01:01,62.74467391304348,29324.869548419654,0.0760780552518554
SFGRSCHLIQH,HLA-A*01:01,99.28660326086957,29164.7346285446,0.031009283098683227
FGRSCHLIQHQ,HLA-A*01:01,99.28660326086957,32828.14071764186,0.0033047299984900746
GRSCHLIQHQT,HLA-A*01:01,99.28660326086957,34124.06919443036,0.03579959267517552
RSCHLIQHQTI,HLA-A*01:01,14.277038043478257,29731.641710154705,0.4576273448765278
SCHLIQHQTIH,HLA-A*01:01,99.28660326086957,28521.05858759089,0.0025341560894958093
CHLIQHQTIHT,HLA-A*01:01,99.28660326086957,34288.22949615121,0.015986910220817663
AGSSQKAREER,HLA-A*01:01,99.28660326086957,29341.199295401166,0.0007083491182129364
GSSQKAREERA,HLA-A*01:01,99.28660326086957,32234.21413332411,0.0006086394041631138
SSQKAREERAL,HLA-A*01:01,99.28660326086957,25954.570354384912,0.008760127981076948
SQKAREERALL,HLA-A*01:01,46.224673913043475,32739.155151251733,0.15721336659044027
QKAREERALLP,HLA-A*01:01,99.28660326086957,34242.89517411393,0.07760955789126456
KAREERALLPL,HLA-A*01:01,99.28660326086957,32025.44163376865,0.013642243895446882
AREERALLPLE,HLA-A*01:01,99.28660326086957,33054.52713250761,0.026272594928741455
REERALLPLEL,HLA-A*01:01,37.35904891304347,30504.109993851285,0.17653089482337236
EERALLPLELQ,HLA-A*01:01,99.28660326086957,31560.695244848106,0.017995925969444215
ERALLPLELQD,HLA-A*01:01,99.28660326086957,33813.62997111551,0.017852301331004128
RALLPLELQDD,HLA-A*01:01,99.28660326086957,33208.44356106652,0.022586548642721027
RSGSSFSRRAA,HLA-A*01:01,46.224673913043475,31659.673823083347,0.15245011541992426
SGSSFSRRAAP,HLA-A*01:01,99.28660326086957,32763.50350329225,0.010986726471855945
GSSFSRRAAPV,HLA-A*01:01,99.28660326086957,31687.176797796186,0.0034643970648176037
SSFSRRAAPVA,HLA-A*01:01,37.35904891304347,31495.42453338463,0.19197551114484668
SFSRRAAPVAT,HLA-A*01:01,99.28660326086957,33566.727560792424,0.005648398197081406
FSRRAAPVATP,HLA-A*01:01,99.28660326086957,31931.819229870933,0.033361752139171585
SRRAAPVATPA,HLA-A*01:01,62.74467391304348,33280.4132971901,0.08137142017949373
RRAAPVATPAL,HLA-A*01:01,46.224673913043475,32746.339770186845,0.14226746279746294
RAAPVATPALL,HLA-A*01:01,24.57923913043477,26507.97686093915,0.258177749812603
AAPVATPALLT,HLA-A*01:01,62.74467391304348,28765.725422149506,0.045355653506703675
APVATPALLTS,HLA-A*01:01,46.224673913043475,31868.817353509785,0.15523277781903744
PVATPALLTSH,HLA-A*01:01,46.224673913043475,28329.696348953035,0.12033224618062377
VATPALLTSHR,HLA-A*01:01,17.305597826086952,28188.563988860806,0.37565894424915314
ATPALLTSHRS,HLA-A*01:01,99.28660326086957,30828.036093631257,0.039982459507882595
TPALLTSHRSL,HLA-A*01:01,62.74467391304348,32266.646938475747,0.08578518533613533
PALLTSHRSLG,HLA-A*01:01,99.28660326086957,33960.78531695844,0.002418353804387152
ALLTSHRSLGN,HLA-A*01:01,99.28660326086957,32857.07207890239,0.004230668768286705
LLTSHRSLGNT,HLA-A*01:01,99.28660326086957,33519.251969852354,0.0011016681055480149
LTSHRSLGNTR,HLA-A*01:01,46.224673913043475,23066.160098833985,0.0469402541857562
TSHRSLGNTRH,HLA-A*01:01,62.74467391304348,22886.694885404737,0.006143674425402423
SHRSLGNTRHK,HLA-A*01:01,99.28660326086957,32903.61269725975,0.02007297391537577
GAVGATAVYPT,HLA-A*01:01,99.28660326086957,32079.07224505071,0.024073773296549916
AVGATAVYPTD,HLA-A*01:01,99.28660326086957,32415.375541820238,0.002567948378782603
VGATAVYPTDL,HLA-A*01:01,99.28660326086957,31834.193735842447,0.005193680306547321
GATAVYPTDLV,HLA-A*01:01,99.28660326086957,32171.862424513554,0.009790389362024143
ATAVYPTDLVK,HLA-A*01:01,7.348016304347794,16965.558249015376,0.5024365447461605
TAVYPTDLVKT,HLA-A*01:01,12.187228260869546,31664.66236576477,0.521487683057785
AVYPTDLVKTR,HLA-A*01:01,2.9511413043477432,25769.854544494814,0.9408041015267372
VYPTDLVKTRM,HLA-A*01:01,12.187228260869546,30069.800425263107,0.5066023794934154
YPTDLVKTRMQ,HLA-A*01:01,46.224673913043475,31581.695241827467,0.16868024785071611
PTDLVKTRMQN,HLA-A*01:01,62.74467391304348,22979.663162259727,0.0056339168004342355
TDLVKTRMQNQ,HLA-A*01:01,99.28660326086957,31994.413822913742,0.025784009194467217
LSKELYALGVV,HLA-A*01:01,99.28660326086957,30417.558615743008,0.006318885658401996
SKELYALGVVD,HLA-A*01:01,99.28660326086957,32857.56262696327,0.007424209077726118
KELYALGVVDG,HLA-A*01:01,99.28660326086957,33148.89223046954,0.04946010559797287
ELYALGVVDGL,HLA-A*01:01,62.74467391304348,31089.850905517233,0.08160499384393916
LYALGVVDGLH,HLA-A*01:01,99.28660326086957,27416.28369072832,0.011585938336793333
YALGVVDGLHT,HLA-A*01:01,62.74467391304348,29935.749146280246,0.05666767596267164
ALGVVDGLHTV,HLA-A*01:01,17.305597826086952,28433.974024185878,0.3772844113409519
LGVVDGLHTVH,HLA-A*01:01,62.74467391304348,24482.388231594225,0.03613096787012182
GVVDGLHTVHG,HLA-A*01:01,46.224673913043475,30948.76797360855,0.1231931748916395
VVDGLHTVHGT,HLA-A*01:01,20.2322554347826,9273.683206197285,0.02773916114529129
VDGLHTVHGTY,HLA-A*01:01,1.9682336956520743,590.7561571318588,0.1027756875846535
KNKNSSKPQKK,HLA-A*01:01,99.28660326086957,28235.0018618789,0.0023827013501431793
NKNSSKPQKKN,HLA-A*01:01,99.28660326086957,33731.32633218412,0.0007729835651844041
KNSSKPQKKNG,HLA-A*01:01,99.28660326086957,33743.486223451604,0.0004033083923786762
NSSKPQKKNGS,HLA-A*01:01,99.28660326086957,30637.989800127336,0.0013181067997720675
SSKPQKKNGST,HLA-A*01:01,99.28660326086957,27960.417701158087,0.000595023429923458
SKPQKKNGSTW,HLA-A*01:01,37.35904891304347,29856.66944959856,0.20223800069652498
KPQKKNGSTWA,HLA-A*01:01,99.28660326086957,32632.830154694602,0.022716014042089228
PQKKNGSTWAN,HLA-A*01:01,99.28660326086957,33105.16703368704,0.0018635389096743893
QKKNGSTWANV,HLA-A*01:01,99.28660326086957,34280.146151583096,0.012886691663879901
KKNGSTWANVP,HLA-A*01:01,99.28660326086957,33599.77355106156,0.060369450991856866
KNGSTWANVPL,HLA-A*01:01,99.28660326086957,32751.49696213439,0.0012214880043757148
SRVNKLKREMG,HLA-A*01:01,99.28660326086957,34219.80977419142,0.012238740160682937
RVNKLKREMGH,HLA-A*01:01,99.28660326086957,29773.29074249585,0.03301989519968629
VNKLKREMGHL,HLA-A*01:01,99.28660326086957,33266.310237435966,0.004380719052278437
NKLKREMGHLQ,HLA-A*01:01,99.28660326086957,33620.09229411431,0.07310035833506845
KLKREMGHLQH,HLA-A*01:01,62.74467391304348,28240.067834704467,0.08781285537406802
LKREMGHLQHE,HLA-A*01:01,99.28660326086957,33756.059423895305,0.011683477980113821
KREMGHLQHEL,HLA-A*01:01,99.28660326086957,33047.62648788148,0.07186628691852093
REMGHLQHELQ,HLA-A*01:01,62.74467391304348,30725.629226863985,0.05630512582138181
EMGHLQHELQF,HLA-A*01:01,62.74467391304348,26361.38455938527,0.0591824883595109
MGHLQHELQFK,HLA-A*01:01,62.74467391304348,29020.840560818022,0.08635551563929766
GHLQHELQFKE,HLA-A*01:01,99.28660326086957,33514.41243746828,0.020888319879304618
KSAAKAVKPKV,HLA-A*01:01,99.28660326086957,31002.74421041668,0.01864720368757844
SAAKAVKPKVV,HLA-A*01:01,37.35904891304347,31169.662198046673,0.21447248198091984
AAKAVKPKVVK,HLA-A*01:01,31.643179347826077,27591.737967767505,0.199575106613338
AKAVKPKVVKP,HLA-A*01:01,7.348016304347794,33626.08787441731,0.6863517202436924
KAVKPKVVKPK,HLA-A*01:01,27.61739130434782,29905.725900757603,0.2470601238310337
AVKPKVVKPKK,HLA-A*01:01,24.57923913043477,27539.430960559075,0.2826066352427006
VKPKVVKPKKA,HLA-A*01:01,31.643179347826077,34020.69748134836,0.2673903335817158
PAVTLSPNGKS,HLA-A*01:01,99.28660326086957,32442.891619934566,0.000626135666607297
AVTLSPNGKSL,HLA-A*01:01,99.28660326086957,30945.89636078711,0.01761763170361519
VTLSPNGKSLA,HLA-A*01:01,46.224673913043475,23793.954757998592,0.05202793923672289
TLSPNGKSLAC,HLA-A*01:01,62.74467391304348,24985.90160803091,0.005009584900108166
LSPNGKSLACQ,HLA-A*01:01,62.74467391304348,21584.649715294156,0.017974070069612935
SPNGKSLACQS,HLA-A*01:01,99.28660326086957,31172.083655087943,0.023746145074255764
PNGKSLACQSM,HLA-A*01:01,99.28660326086957,32675.58964862297,0.003669496396469185
NGKSLACQSMD,HLA-A*01:01,99.28660326086957,32840.22942852155,0.0006752727040293394
GKSLACQSMDN,HLA-A*01:01,99.28660326086957,33016.59084476391,0.012689301667705877
KSLACQSMDNQ,HLA-A*01:01,99.28660326086957,28069.30635885,0.005611242188024335
SLACQSMDNQI,HLA-A*01:01,99.28660326086957,31151.989112050767,0.011761824287532363
SCGPHDLLWAH,HLA-A*01:01,31.643179347826077,14449.141431400902,0.028825398156186566
CGPHDLLWAHS,HLA-A*01:01,99.28660326086957,32039.364470780278,0.005796288518467918
GPHDLLWAHSG,HLA-A*01:01,62.74467391304348,32368.84563350865,0.1329653228749521
PHDLLWAHSGR,HLA-A*01:01,62.74467391304348,29872.990095732726,0.06483757533715107
HDLLWAHSGRD,HLA-A*01:01,99.28660326086957,31635.911160122807,0.002443472701997962
DLLWAHSGRDR,HLA-A*01:01,46.224673913043475,29714.63390411519,0.12010333396028727
LLWAHSGRDRP,HLA-A*01:01,99.28660326086957,33523.45617402029,0.013225600268924609
LWAHSGRDRPW,HLA-A*01:01,99.28660326086957,30564.674522038666,0.018808259308570996
WAHSGRDRPWS,HLA-A*01:01,99.28660326086957,32739.567664271737,0.00373369621229358
AHSGRDRPWSG,HLA-A*01:01,99.28660326086957,33719.115031369845,0.015245328337186947
HSGRDRPWSGK,HLA-A*01:01,46.224673913043475,21057.575591219298,0.03961703088134527
SGRDRPWSGKE,HLA-A*01:01,99.28660326086957,31686.82416230502,0.0084062157839071
GRDRPWSGKES,HLA-A*01:01,99.28660326086957,32042.226093187055,0.007758681655104738
RDRPWSGKEST,HLA-A*01:01,99.28660326086957,31420.927765343047,0.04003157546685543
DRPWSGKESTG,HLA-A*01:01,99.28660326086957,33021.03865661261,0.016917864813876804
RPWSGKESTGA,HLA-A*01:01,37.35904891304347,30928.619171689472,0.17547197919338942
PWSGKESTGAI,HLA-A*01:01,99.28660326086957,32795.76771918784,0.0005544485629798146
WSGKESTGAIP,HLA-A*01:01,99.28660326086957,29655.66637039154,0.004200707608106313
SGKESTGAIPK,HLA-A*01:01,37.35904891304347,20241.288067354642,0.08576490025734529
GKESTGAIPKE,HLA-A*01:01,62.74467391304348,32172.500818563112,0.13022133905542432
KESTGAIPKEV,HLA-A*01:01,99.28660326086957,31344.357783559914,0.05413936701370403
ESTGAIPKEVP,HLA-A*01:01,62.74467391304348,28908.207620372083,0.08116799290291965
STGAIPKEVPG,HLA-A*01:01,99.28660326086957,27228.580027706077,0.011878652032464743
TGAIPKEVPGP,HLA-A*01:01,99.28660326086957,30178.7754150095,0.0261554608005099
GAIPKEVPGPS,HLA-A*01:01,99.28660326086957,29937.185655551824,0.006582363224879373
AIPKEVPGPSW,HLA-A*01:01,7.778097826086963,17877.115184273425,0.4978401241824031
IPKEVPGPSWS,HLA-A*01:01,99.28660326086957,30493.33807344288,0.03207439978723414
PKEVPGPSWSL,HLA-A*01:01,99.28660326086957,31358.759329214063,0.03834380494663492
KEVPGPSWSLL,HLA-A*01:01,62.74467391304348,28708.380370480794,0.05797154130414128
EVPGPSWSLLD,HLA-A*01:01,99.28660326086957,29146.14860381553,0.015126193669857457
VPGPSWSLLDL,HLA-A*01:01,99.28660326086957,30076.854954335526,0.021214990119915456
PGPSWSLLDLK,HLA-A*01:01,99.28660326086957,28975.608753980214,0.003872179593599867
GPSWSLLDLKT,HLA-A*01:01,99.28660326086957,32666.228088941538,0.013019066595006734
PSWSLLDLKTG,HLA-A*01:01,99.28660326086957,32748.617601977538,0.005711463723855559
SWSLLDLKTGS,HLA-A*01:01,99.28660326086957,32547.968558933648,0.0009776445076568052
WSLLDLKTGSC,HLA-A*01:01,99.28660326086957,27972.305520927937,0.002746913613009383
SLLDLKTGSCT,HLA-A*01:01,62.74467391304348,30764.9636006145,0.0916860206052661
LLDLKTGSCTS,HLA-A*01:01,46.224673913043475,17976.681010553195,0.005473891826113686
LDLKTGSCTSR,HLA-A*01:01,37.35904891304347,27579.483182040247,0.1451475905487314
DLKTGSCTSRW,HLA-A*01:01,3.996902173913,17570.520225356413,0.7145425640046597
LKTGSCTSRWE,HLA-A*01:01,99.28660326086957,33756.47508952381,0.005085781929665245
KTGSCTSRWES,HLA-A*01:01,99.28660326086957,29061.118573699805,0.0164444793954317
TGSCTSRWESA,HLA-A*01:01,99.28660326086957,31681.348278953228,0.007341763435761095
GSCTSRWESAW,HLA-A*01:01,27.61739130434782,17218.857961726735,0.09497792791808024
SCTSRWESAWS,HLA-A*01:01,99.28660326086957,32753.243578298265,0.000568116764043225
CTSRWESAWSG,HLA-A*01:01,99.28660326086957,27898.357899717066,0.02298026547941845
TSRWESAWSGL,HLA-A*01:01,99.28660326086957,29857.885778299653,0.011013089620973915
SRWESAWSGLS,HLA-A*01:01,99.28660326086957,32689.698287903007,0.0579223035601899
RWESAWSGLSP,HLA-A*01:01,37.35904891304347,30773.19954516996,0.2047631855821237
WESAWSGLSPR,HLA-A*01:01,46.224673913043475,25170.062321969526,0.0962983735371381
ESAWSGLSPRT,HLA-A*01:01,62.74467391304348,28264.665112025257,0.03869031899375841
SAWSGLSPRTG,HLA-A*01:01,37.35904891304347,30501.716820200567,0.2106985584832728
AWSGLSPRTGR,HLA-A*01:01,62.74467391304348,29094.67916034627,0.06691216444596648
WSGLSPRTGRC,HLA-A*01:01,99.28660326086957,28217.4288116756,0.0010392496769782156
SGLSPRTGRCG,HLA-A*01:01,99.28660326086957,32130.255917122595,0.004773254171595909
GLSPRTGRCGS,HLA-A*01:01,99.28660326086957,31908.06142510228,0.004287568444851786
LSPRTGRCGSE,HLA-A*01:01,99.28660326086957,28238.7581748427,0.0008933891185733955
SPRTGRCGSEE,HLA-A*01:01,99.28660326086957,31424.680309015665,0.022018608811777085
PRTGRCGSEEA,HLA-A*01:01,99.28660326086957,33753.41622320309,0.0011408512546040583
RTGRCGSEEAS,HLA-A*01:01,99.28660326086957,30341.425822142373,0.000816417425085092
TGRCGSEEAST,HLA-A*01:01,99.28660326086957,31576.118525342383,0.0003457773018453736
GRCGSEEASTL,HLA-A*01:01,99.28660326086957,32126.1978826813,0.029446586617268622
RCGSEEASTLT,HLA-A*01:01,99.28660326086957,31349.281605890366,0.0001977923784579616
CGSEEASTLTI,HLA-A*01:01,99.28660326086957,28916.787545502324,0.00463046740333084
GSEEASTLTIP,HLA-A*01:01,20.2322554347826,25423.036103427992,0.3120196620002389
SEEASTLTIPA,HLA-A*01:01,46.224673913043475,29679.610272067926,0.11763507244177163
EEASTLTIPAA,HLA-A*01:01,15.160951086956516,30839.4271884318,0.43792240973562
EASTLTIPAAP,HLA-A*01:01,62.74467391304348,29782.697629614486,0.057519712252542377
ASTLTIPAAPV,HLA-A*01:01,99.28660326086957,30269.8600655271,0.00993699392711278
STLTIPAAPVG,HLA-A*01:01,99.28660326086957,30112.606126701627,0.03246725635835901
TLTIPAAPVGL,HLA-A*01:01,99.28660326086957,30623.537238931378,0.03431011876091361
LTIPAAPVGLR,HLA-A*01:01,4.968641304347784,13415.644799116293,0.5642124470323324
TIPAAPVGLRW,HLA-A*01:01,5.346684782608634,13361.32872930486,0.5388049520552158
IPAAPVGLRWL,HLA-A*01:01,31.643179347826077,30271.832757819582,0.21771233016625047
PAAPVGLRWLV,HLA-A*01:01,99.28660326086957,31099.982756906902,0.04933510918635875
AAPVGLRWLVR,HLA-A*01:01,17.305597826086952,29583.080872962906,0.399857378564775
LISVIRTLSTI,HLA-A*01:01,99.28660326086957,32462.947268760156,0.036128486157394946
ISVIRTLSTID,HLA-A*01:01,99.28660326086957,32604.8346822448,0.008081576699623838
SVIRTLSTIDD,HLA-A*01:01,99.28660326086957,32946.110495486,0.04414614080451429
VIRTLSTIDDV,HLA-A*01:01,99.28660326086957,33056.70188779374,0.008218926814151928
IRTLSTIDDVE,HLA-A*01:01,99.28660326086957,32171.76905898671,0.007885866951255593
RTLSTIDDVED,HLA-A*01:01,99.28660326086957,28251.210481056598,0.02002058527432382
TLSTIDDVEDR,HLA-A*01:01,22.19230978260869,9987.681196401994,0.009686271572718397
LSTIDDVEDRE,HLA-A*01:01,62.74467391304348,21585.407679993856,0.0007463667934644036
STIDDVEDREN,HLA-A*01:01,24.57923913043477,10084.78241779134,0.006809540660469793
TIDDVEDRENE,HLA-A*01:01,8.545326086956507,3369.1604219794417,0.012134812313888688
IDDVEDRENEK,HLA-A*01:01,7.558260869565203,2805.844813798503,0.0013891550461266888
PGEKIILNFTT,HLA-A*01:01,99.28660326086957,32884.145544113846,0.008901543274987489
GEKIILNFTTL,HLA-A*01:01,15.160951086956516,32867.11573556971,0.4596812315285206
EKIILNFTTLD,HLA-A*01:01,99.28660326086957,33899.161002196895,0.01292968670168193
KIILNFTTLDL,HLA-A*01:01,99.28660326086957,32877.331952507564,0.02728339930763468
IILNFTTLDLY,HLA-A*01:01,6.63130434782606,2840.155190719442,0.04529287462355569
ILNFTTLDLYR,HLA-A*01:01,46.224673913043475,28113.69270063338,0.1286038898397237
LNFTTLDLYRS,HLA-A*01:01,99.28660326086957,33414.27993586553,0.013748213132203091
NFTTLDLYRSR,HLA-A*01:01,37.35904891304347,31457.754686651504,0.2108351404312998
FTTLDLYRSRL,HLA-A*01:01,99.28660326086957,29574.173080227545,0.024455157821648754
TTLDLYRSRLC,HLA-A*01:01,99.28660326086957,30229.56772170991,0.01390477066161111
TLDLYRSRLCW,HLA-A*01:01,9.494239130434764,5536.697965896908,0.11341619153972715
VKQNEELDRQK,HLA-A*01:01,62.74467391304348,28641.257744769347,0.046854653730406426
KQNEELDRQKR,HLA-A*01:01,46.224673913043475,26983.77912244635,0.10201002057874575
QNEELDRQKRI,HLA-A*01:01,99.28660326086957,30344.36206155623,0.009490138705587015
NEELDRQKRIG,HLA-A*01:01,99.28660326086957,31452.754115609674,0.01050247462990228
EELDRQKRIGN,HLA-A*01:01,99.28660326086957,31102.61731078928,0.010777095580124296
ELDRQKRIGNT,HLA-A*01:01,99.28660326086957,28816.96928785663,0.00928119829040952
LDRQKRIGNTR,HLA-A*01:01,99.28660326086957,30730.433558731453,0.03533935559971724
DRQKRIGNTRK,HLA-A*01:01,62.74467391304348,32399.288066132984,0.11622257670387626
RQKRIGNTRKM,HLA-A*01:01,62.74467391304348,32359.203555393542,0.13165014307014644
QKRIGNTRKMI,HLA-A*01:01,99.28660326086957,34556.56847814392,0.040381169761531055
KRIGNTRKMIE,HLA-A*01:01,99.28660326086957,33560.8940702457,0.014694360725115985
TDSCDQRQLSE,HLA-A*01:01,99.28660326086957,25283.200518120706,0.0006644086115557002
DSCDQRQLSEC,HLA-A*01:01,62.74467391304348,23352.671695026864,0.005098704845295288
SCDQRQLSECD,HLA-A*01:01,62.74467391304348,24872.605567747836,0.0007290392259164946
CDQRQLSECDE,HLA-A*01:01,99.28660326086957,28610.94071535632,0.0003409900973565527
DQRQLSECDEP,HLA-A*01:01,62.74467391304348,32214.220071022453,0.06881125259678811
QRQLSECDEPQ,HLA-A*01:01,99.28660326086957,32611.761236288963,0.0005450366243167082
RQLSECDEPQP,HLA-A*01:01,99.28660326086957,32791.89043982689,0.04394212004262954
QLSECDEPQPH,HLA-A*01:01,37.35904891304347,14636.57598255481,0.0013113568256812869
LSECDEPQPHH,HLA-A*01:01,9.849456521739114,3988.0858612265424,0.01021501506329514
SECDEPQPHHS,HLA-A*01:01,99.28660326086957,28761.899359916606,0.007257789075083565
ECDEPQPHHST,HLA-A*01:01,46.224673913043475,17751.500411978326,0.004563487142149825
EDEEDEEEEED,HLA-A*01:01,46.224673913043475,19315.930622566033,8.970540648078895e-05
DEEDEEEEEDF,HLA-A*01:01,14.277038043478257,5864.349798429564,0.00023512941061198944
EEDEEEEEDFK,HLA-A*01:01,5.913749999999965,2127.7359817489037,0.000634937071481545
EDEEEEEDFKP,HLA-A*01:01,62.74467391304348,23905.800583381522,0.012539498915430158
DEEEEEDFKPS,HLA-A*01:01,99.28660326086957,26271.57308824837,0.0008227330035879277
SSDSVSSINSV,HLA-A*01:01,1.548505434782527,441.65974772627436,0.14664801536127925
SDSVSSINSVT,HLA-A*01:01,99.28660326086957,27950.483086293054,0.002040015664533712
DSVSSINSVTS,HLA-A*01:01,62.74467391304348,26919.036331958436,0.02175846108002588
SVSSINSVTSH,HLA-A*01:01,9.15535326086956,10180.175766038175,0.28904672618955374
VSSINSVTSHS,HLA-A*01:01,99.28660326086957,27198.934556269392,0.0011397433590900619
SSINSVTSHSS,HLA-A*01:01,99.28660326086957,27821.18847687349,0.004166489190538414
SINSVTSHSSV,HLA-A*01:01,99.28660326086957,29797.921610015725,0.029605241550598294
INSVTSHSSVG,HLA-A*01:01,99.28660326086957,31844.68258960155,0.0009230423856934067
NSVTSHSSVGS,HLA-A*01:01,99.28660326086957,28394.49643456283,0.0014100723310548346
SVTSHSSVGSN,HLA-A*01:01,99.28660326086957,29727.884642337463,0.005890407366678119
VTSHSSVGSNI,HLA-A*01:01,31.643179347826077,15437.804561402116,0.028488061390817165
LKHGKRFHATI,HLA-A*01:01,99.28660326086957,34468.418851982155,0.07628100150031969
KHGKRFHATIS,HLA-A*01:01,100.0,34478.13832188174,0.004227535129757598
HGKRFHATISF,HLA-A*01:01,62.74467391304348,31141.27402672188,0.06803555507212877
GKRFHATISFD,HLA-A*01:01,99.28660326086957,34408.758808620034,0.027714971995010274
KRFHATISFDT,HLA-A*01:01,99.28660326086957,34470.09468107669,0.0272782338433899
RFHATISFDTD,HLA-A*01:01,99.28660326086957,33838.90678735831,0.02168875650386326
FHATISFDTDT,HLA-A*01:01,99.28660326086957,33740.24915466356,0.003933529493224341
HATISFDTDTG,HLA-A*01:01,99.28660326086957,29791.943696768896,0.010650619260559324
ATISFDTDTGL,HLA-A*01:01,16.15755434782608,16386.304386069296,0.2521062735468149
TISFDTDTGLK,HLA-A*01:01,13.500896739130425,6376.667781944015,0.0397772577998694
ISFDTDTGLKQ,HLA-A*01:01,12.805461956521725,6971.9406581069625,0.0797048641834408
EGPPISSCDTR,HLA-A*01:01,37.35904891304347,19073.89781410731,0.05375519272638485
GPPISSCDTRT,HLA-A*01:01,99.28660326086957,32327.830488756557,0.0007932989792607259
PPISSCDTRTM,HLA-A*01:01,99.28660326086957,31920.149183097375,0.008898738684365526
PISSCDTRTMA,HLA-A*01:01,99.28660326086957,31916.48181311129,0.018064362957375124
ISSCDTRTMAN,HLA-A*01:01,99.28660326086957,25401.753146285235,0.0018871026477427222
SSCDTRTMANC,HLA-A*01:01,62.74467391304348,24712.413001939767,0.0070767084616818465
SCDTRTMANCE,HLA-A*01:01,62.74467391304348,20967.7136147175,0.0008291473495773971
CDTRTMANCER,HLA-A*01:01,99.28660326086957,29969.90555746946,0.004106745862372918
DTRTMANCERT,HLA-A*01:01,99.28660326086957,30971.766700033706,0.014219579170458019
TRTMANCERTF,HLA-A*01:01,99.28660326086957,32634.234031744592,0.042819976806640625
RTMANCERTFI,HLA-A*01:01,37.35904891304347,27781.760003409905,0.1689692265354097
FRLCGTDEKIA,HLA-A*01:01,99.28660326086957,33676.66774469556,0.010186567738855956
RLCGTDEKIAN,HLA-A*01:01,99.28660326086957,29762.230584094894,0.018515445641241968
LCGTDEKIANV,HLA-A*01:01,99.28660326086957,28917.930150474967,0.006665710025117733
CGTDEKIANVT,HLA-A*01:01,99.28660326086957,30514.08699531495,0.002312894863280235
GTDEKIANVTE,HLA-A*01:01,10.655842391304333,5670.339996287971,0.08218385756481439
TDEKIANVTED,HLA-A*01:01,99.28660326086957,26896.680415731145,0.003715915940119885
DEKIANVTEDA,HLA-A*01:01,62.74467391304348,30416.956761159992,0.05900263832882047
EKIANVTEDAK,HLA-A*01:01,99.28660326086957,29928.498873340635,0.03136201063171029
KIANVTEDAKR,HLA-A*01:01,37.35904891304347,25368.73137100462,0.14869508042465895
IANVTEDAKRL,HLA-A*01:01,62.74467391304348,27171.523605283863,0.03146668092813343
DGCKAYWKVCF,HLA-A*01:01,62.74467391304348,30407.218769087423,0.115557215816807
GCKAYWKVCFH,HLA-A*01:01,99.28660326086957,31700.460641043694,0.014702809690788854
CKAYWKVCFHY,HLA-A*01:01,46.224673913043475,28693.782206729316,0.1033380109583959
KAYWKVCFHYN,HLA-A*01:01,99.28660326086957,33336.31885001011,0.04462758108275011
AYWKVCFHYNL,HLA-A*01:01,99.28660326086957,33389.16425811561,0.03288546728435904
YWKVCFHYNLH,HLA-A*01:01,99.28660326086957,29924.41237309337,0.0070203723007580265
WKVCFHYNLHK,HLA-A*01:01,99.28660326086957,33744.694075177125,0.017238102067494765
KVCFHYNLHKA,HLA-A*01:01,62.74467391304348,32495.855279728672,0.10624248336534947
VCFHYNLHKAQ,HLA-A*01:01,99.28660326086957,33569.982147502116,0.0018724030633165967
CFHYNLHKAQP,HLA-A*01:01,99.28660326086957,34303.27681845277,0.019077382210525684
FHYNLHKAQPA,HLA-A*01:01,62.74467391304348,33771.30069082029,0.09010148607194424
CNECGKSFGRSC,HLA-A*01:01,99.28660326086957,27662.64300667589,0.001496352178946836
NECGKSFGRSCH,HLA-A*01:01,37.35904891304347,22743.428280622134,0.09631360066123307
ECGKSFGRSCHL,HLA-A*01:01,99.28660326086957,31843.871263094483,0.007625317906786222
CGKSFGRSCHLI,HLA-A*01:01,99.28660326086957,32074.980144511428,0.009180296990962233
GKSFGRSCHLIQ,HLA-A*01:01,62.74467391304348,32934.061195908216,0.12380675616441295
KSFGRSCHLIQH,HLA-A*01:01,18.61798913043478,25511.59220134273,0.33556899800896645
SFGRSCHLIQHQ,HLA-A*01:01,99.28660326086957,32374.50924497212,0.0037836954434169456
FGRSCHLIQHQT,HLA-A*01:01,99.28660326086957,33926.868035895546,0.009698274901893456
GRSCHLIQHQTI,HLA-A*01:01,24.57923913043477,33688.414553933835,0.33353137224912643
RSCHLIQHQTIH,HLA-A*01:01,62.74467391304348,26953.986683001487,0.0461777041782625
SCHLIQHQTIHT,HLA-A*01:01,99.28660326086957,33702.482539511584,0.002095693733281223
CHLIQHQTIHTG,HLA-A*01:01,62.74467391304348,33887.57707602789,0.08447116200113669
PAGSSQKAREER,HLA-A*01:01,99.28660326086957,28817.241781796103,0.0005613360481220298
AGSSQKAREERA,HLA-A*01:01,99.28660326086957,32350.912487950773,0.0007626033693668433
GSSQKAREERAL,HLA-A*01:01,99.28660326086957,31748.1540563451,0.005238837446086109
SSQKAREERALL,HLA-A*01:01,99.28660326086957,29093.072821256315,0.03360966534819454
SQKAREERALLP,HLA-A*01:01,37.35904891304347,33365.20854015658,0.19515915028750896
QKAREERALLPL,HLA-A*01:01,99.28660326086957,34238.603642613154,0.020820337143959478
KAREERALLPLE,HLA-A*01:01,99.28660326086957,32480.489144826966,0.029834271408617496
AREERALLPLEL,HLA-A*01:01,46.224673913043475,32611.60520833382,0.18602999113500118
REERALLPLELQ,HLA-A*01:01,99.28660326086957,30845.745333110328,0.031915094528812915
EERALLPLELQD,HLA-A*01:01,99.28660326086957,32693.78869242183,0.010104043351020664
ERALLPLELQDD,HLA-A*01:01,99.28660326086957,33102.761930225366,0.023669533198699355
RALLPLELQDDG,HLA-A*01:01,99.28660326086957,33121.82128004551,0.02079848467838019
FRSGSSFSRRAA,HLA-A*01:01,37.35904891304347,33420.3204451228,0.2281695338897407
RSGSSFSRRAAP,HLA-A*01:01,99.28660326086957,31734.866984142278,0.039461598280468024
SGSSFSRRAAPV,HLA-A*01:01,99.28660326086957,32842.22838615746,0.0013099361895001493
GSSFSRRAAPVA,HLA-A*01:01,46.224673913043475,31898.293482647,0.16059336671605706
SSFSRRAAPVAT,HLA-A*01:01,99.28660326086957,32786.55489086013,0.022511828457936645
SFSRRAAPVATP,HLA-A*01:01,99.28660326086957,33061.95333414461,0.024714651692193
FSRRAAPVATPA,HLA-A*01:01,99.28660326086957,31889.454106410994,0.05673531477805227
SRRAAPVATPAL,HLA-A*01:01,62.74467391304348,32925.87014962105,0.12192279659211636
RRAAPVATPALL,HLA-A*01:01,37.35904891304347,32107.092779211896,0.19165839906781912
RAAPVATPALLT,HLA-A*01:01,99.28660326086957,30067.76321341314,0.0315604786737822
AAPVATPALLTS,HLA-A*01:01,22.19230978260869,29601.056750641997,0.3233634098432958
APVATPALLTSH,HLA-A*01:01,8.269211956521715,29691.01119624199,0.6145913228392601
PVATPALLTSHR,HLA-A*01:01,62.74467391304348,30541.213617939102,0.1003913459717296
VATPALLTSHRS,HLA-A*01:01,62.74467391304348,32187.23693783303,0.08284636843018234
ATPALLTSHRSL,HLA-A*01:01,37.35904891304347,30576.70961313762,0.19970170804299414
TPALLTSHRSLG,HLA-A*01:01,99.28660326086957,32356.434196071197,0.05589049743139185
PALLTSHRSLGN,HLA-A*01:01,99.28660326086957,32889.414517956815,0.0012844313787354622
ALLTSHRSLGNT,HLA-A*01:01,99.28660326086957,33495.02538218457,0.004180793010164052
LLTSHRSLGNTR,HLA-A*01:01,99.28660326086957,31226.517961770372,0.05450519644364249
LTSHRSLGNTRH,HLA-A*01:01,62.74467391304348,23744.37951203603,0.005517617239092942
TSHRSLGNTRHK,HLA-A*01:01,99.28660326086957,28413.368161221737,0.02296865457901731
AGAVGATAVYPT,HLA-A*01:01,99.28660326086957,31743.50165610909,0.012312433962506475
GAVGATAVYPTD,HLA-A*01:01,99.28660326086957,31649.22862118973,0.027285831805784255
AVGATAVYPTDL,HLA-A*01:01,99.28660326086957,31446.483510672784,0.018483401989215054
VGATAVYPTDLV,HLA-A*01:01,99.28660326086957,31237.937186118943,0.005059796632849611
GATAVYPTDLVK,HLA-A*01:01,24.57923913043477,27729.0680616071,0.2652330375276506
ATAVYPTDLVKT,HLA-A*01:01,16.15755434782608,31152.09483690461,0.41726513765752316
TAVYPTDLVKTR,HLA-A*01:01,4.6575815217390755,27945.12664061323,0.7892489470541477
AVYPTDLVKTRM,HLA-A*01:01,5.054048913043445,27228.83036800015,0.7504277378320694
VYPTDLVKTRMQ,HLA-A*01:01,37.35904891304347,31040.09014215804,0.21057591878343374
YPTDLVKTRMQN,HLA-A*01:01,62.74467391304348,32458.618981218744,0.07628474856028333
PTDLVKTRMQNQ,HLA-A*01:01,62.74467391304348,25970.199040236497,0.020140849919698667
TDLVKTRMQNQR,HLA-A*01:01,31.643179347826077,31156.441167217,0.22641034133266658
TLSKELYALGVV,HLA-A*01:01,99.28660326086957,32636.196772301628,0.041369461454451084
LSKELYALGVVD,HLA-A*01:01,99.28660326086957,32048.86506493907,0.005536361990380101
SKELYALGVVDG,HLA-A*01:01,99.28660326086957,33174.37359630606,0.009122970717726275
KELYALGVVDGL,HLA-A*01:01,46.224673913043475,32001.49795411347,0.14929973240941763
ELYALGVVDGLH,HLA-A*01:01,62.74467391304348,25139.119473275165,0.035953645361587405
LYALGVVDGLHT,HLA-A*01:01,99.28660326086957,33033.7962329832,0.01957151514943689
YALGVVDGLHTV,HLA-A*01:01,8.01565217391304,28229.947152353292,0.6146430484950542
ALGVVDGLHTVH,HLA-A*01:01,24.57923913043477,20460.305663585747,0.18475829856470227
LGVVDGLHTVHG,HLA-A*01:01,99.28660326086957,31807.749241444828,0.010228453589661513
GVVDGLHTVHGT,HLA-A*01:01,46.224673913043475,28581.154019061993,0.10013798042200506
VVDGLHTVHGTY,HLA-A*01:01,0.17747282608694093,49.154699600155126,0.3714944012463093
VDGLHTVHGTYY,HLA-A*01:01,11.6303260869565,8481.146840872216,0.16884705401025712
KKNKNSSKPQKK,HLA-A*01:01,99.28660326086957,31571.799802053563,0.006700186672787822
KNKNSSKPQKKN,HLA-A*01:01,99.28660326086957,32339.605851656288,0.0004347123567640665
NKNSSKPQKKNG,HLA-A*01:01,99.28660326086957,33282.6825332497,0.0010880847412408912
KNSSKPQKKNGS,HLA-A*01:01,99.28660326086957,32805.89683368255,0.0003315289004603983
NSSKPQKKNGST,HLA-A*01:01,99.28660326086957,27595.22951432076,0.000782354411057895
SSKPQKKNGSTW,HLA-A*01:01,8.01565217391304,4112.962037111543,0.08985885931178927
SKPQKKNGSTWA,HLA-A*01:01,99.28660326086957,33746.275004260475,0.006902190296386834
KPQKKNGSTWAN,HLA-A*01:01,99.28660326086957,31621.90414020443,0.007577748448966304
PQKKNGSTWANV,HLA-A*01:01,99.28660326086957,33393.56359990612,0.02949138145777397
QKKNGSTWANVP,HLA-A*01:01,99.28660326086957,33322.509075270056,0.039436944454791956
KKNGSTWANVPL,HLA-A*01:01,99.28660326086957,33173.73444316587,0.017349617352010682
KNGSTWANVPLP,HLA-A*01:01,99.28660326086957,32000.183208007194,0.013430706836516038
KSRVNKLKREMG,HLA-A*01:01,99.28660326086957,33134.33585987361,0.03569380724002258
SRVNKLKREMGH,HLA-A*01:01,99.28660326086957,32872.83247738797,0.018111133358615916
RVNKLKREMGHL,HLA-A*01:01,99.28660326086957,32592.254067573267,0.03035156463738531
VNKLKREMGHLQ,HLA-A*01:01,99.28660326086957,32379.01477182372,0.007331901011639275
NKLKREMGHLQH,HLA-A*01:01,46.224673913043475,31974.361523149943,0.15310726629104465
KLKREMGHLQHE,HLA-A*01:01,99.28660326086957,32470.887299109992,0.018261474935570732
LKREMGHLQHEL,HLA-A*01:01,46.224673913043475,33112.362305051596,0.1750609609298408
KREMGHLQHELQ,HLA-A*01:01,99.28660326086957,31978.513999237908,0.007461293324013241
REMGHLQHELQF,HLA-A*01:01,12.805461956521725,28865.52429380532,0.4822581000626087
EMGHLQHELQFK,HLA-A*01:01,62.74467391304348,27781.106947071527,0.06992444267962128
MGHLQHELQFKE,HLA-A*01:01,99.28660326086957,33141.6754624699,0.01630050118546933
GHLQHELQFKER,HLA-A*01:01,22.19230978260869,32632.09055557519,0.3554839612916112
AKSAAKAVKPKV,HLA-A*01:01,31.643179347826077,33430.744257898965,0.23918483208399266
KSAAKAVKPKVV,HLA-A*01:01,62.74467391304348,32221.08286428966,0.10221731523051858
SAAKAVKPKVVK,HLA-A*01:01,31.643179347826077,26747.162082961593,0.21374034811742604
AAKAVKPKVVKP,HLA-A*01:01,27.61739130434782,31733.246621834594,0.28419386874884367
AKAVKPKVVKPK,HLA-A*01:01,9.15535326086956,32121.902517695056,0.6039438303560019
KAVKPKVVKPKK,HLA-A*01:01,46.224673913043475,30250.03206105213,0.1507513594115153
AVKPKVVKPKKA,HLA-A*01:01,7.778097826086963,32462.337654578278,0.661881698295474
VKPKVVKPKKAA,HLA-A*01:01,46.224673913043475,33174.4547616132,0.16546854059561156
MPAVTLSPNGKS,HLA-A*01:01,99.28660326086957,30948.153612419694,0.009785798392840661
PAVTLSPNGKSL,HLA-A*01:01,99.28660326086957,31658.56937726305,0.030369863437954336
AVTLSPNGKSLA,HLA-A*01:01,99.28660326086957,30349.973725556578,0.028347767212835606
VTLSPNGKSLAC,HLA-A*01:01,62.74467391304348,23473.769064922846,0.017388331471011043
TLSPNGKSLACQ,HLA-A*01:01,62.74467391304348,24236.44404096819,0.014070586439629551
LSPNGKSLACQS,HLA-A*01:01,99.28660326086957,27700.44846032262,0.0069881879826425575
SPNGKSLACQSM,HLA-A*01:01,24.57923913043477,28973.91953168315,0.2886425070464611
PNGKSLACQSMD,HLA-A*01:01,99.28660326086957,31711.97648885629,0.0005634002700389829
NGKSLACQSMDN,HLA-A*01:01,99.28660326086957,30622.7274009683,0.0011810823507403256
GKSLACQSMDNQ,HLA-A*01:01,99.28660326086957,32121.908343987572,0.02070135421672603
KSLACQSMDNQI,HLA-A*01:01,99.28660326086957,30014.572402502563,0.03769695435767062
SLACQSMDNQIL,HLA-A*01:01,99.28660326086957,30374.75661578948,0.04884335317183286
ISCGPHDLLWAH,HLA-A*01:01,12.805461956521725,6825.269446134517,0.08069012663327157
SCGPHDLLWAHS,HLA-A*01:01,99.28660326086957,31445.791966132623,0.025341948843561113
CGPHDLLWAHSG,HLA-A*01:01,99.28660326086957,31591.482364594933,0.02578473385074176
GPHDLLWAHSGR,HLA-A*01:01,22.19230978260869,29220.506369009938,0.3175233257934451
PHDLLWAHSGRD,HLA-A*01:01,99.28660326086957,32155.843310241205,0.0020782132814929355
HDLLWAHSGRDR,HLA-A*01:01,46.224673913043475,29012.58373871521,0.10879416146781296
DLLWAHSGRDRP,HLA-A*01:01,99.28660326086957,33051.43782035995,0.01444032252766192
LLWAHSGRDRPW,HLA-A*01:01,37.35904891304347,29300.19533011348,0.17956494621466845
LWAHSGRDRPWS,HLA-A*01:01,99.28660326086957,33425.97833462015,0.000816007985122269
WAHSGRDRPWSG,HLA-A*01:01,99.28660326086957,31312.633418270783,0.02397657642723061
AHSGRDRPWSGK,HLA-A*01:01,62.74467391304348,29386.75661045538,0.08632445547846146
HSGRDRPWSGKE,HLA-A*01:01,99.28660326086957,28448.420859379083,0.0030406688747461885
SGRDRPWSGKES,HLA-A*01:01,99.28660326086957,32342.108420283672,0.011434584594098851
GRDRPWSGKEST,HLA-A*01:01,99.28660326086957,31248.61707564278,0.02172180387424305
RDRPWSGKESTG,HLA-A*01:01,99.28660326086957,30958.53776807293,0.026743643058580346
DRPWSGKESTGA,HLA-A*01:01,99.28660326086957,31691.236539482936,0.031272337058908306
RPWSGKESTGAI,HLA-A*01:01,37.35904891304347,30036.878481059688,0.18589311838150024
PWSGKESTGAIP,HLA-A*01:01,99.28660326086957,31768.92113872078,0.012770424204063602
WSGKESTGAIPK,HLA-A*01:01,31.643179347826077,16454.84071923349,0.057839167420752347
SGKESTGAIPKE,HLA-A*01:01,99.28660326086957,28841.299696605223,0.00866781560034724
GKESTGAIPKEV,HLA-A*01:01,62.74467391304348,31981.829355757975,0.12701209489023313
KESTGAIPKEVP,HLA-A*01:01,62.74467391304348,30284.4696755125,0.07830986846238375
ESTGAIPKEVPG,HLA-A*01:01,62.74467391304348,29201.755446357405,0.052468204812612385
STGAIPKEVPGP,HLA-A*01:01,99.28660326086957,28246.494311768878,0.02770199565566145
TGAIPKEVPGPS,HLA-A*01:01,99.28660326086957,28169.54579403121,0.00788211989129195
GAIPKEVPGPSW,HLA-A*01:01,14.277038043478257,16156.061778442461,0.28617472434416413
AIPKEVPGPSWS,HLA-A*01:01,62.74467391304348,28814.80673444714,0.03817795302893501
IPKEVPGPSWSL,HLA-A*01:01,12.805461956521725,27367.7303703383,0.46051428467035294
PKEVPGPSWSLL,HLA-A*01:01,99.28660326086957,31352.0441874005,0.02471475474885665
KEVPGPSWSLLD,HLA-A*01:01,99.28660326086957,30464.25289447214,0.025839152076514438
EVPGPSWSLLDL,HLA-A*01:01,62.74467391304348,29124.3112454351,0.04274837498087436
VPGPSWSLLDLK,HLA-A*01:01,62.74467391304348,25998.18742046035,0.04259541886858642
PGPSWSLLDLKT,HLA-A*01:01,99.28660326086957,32741.104142854852,0.0029974649696669076
GPSWSLLDLKTG,HLA-A*01:01,62.74467391304348,32458.779379630614,0.10958935267990455
PSWSLLDLKTGS,HLA-A*01:01,99.28660326086957,32158.557457404946,0.0017757962341420352
SWSLLDLKTGSC,HLA-A*01:01,99.28660326086957,31714.212026971138,0.0010609726850816514
WSLLDLKTGSCT,HLA-A*01:01,99.28660326086957,29769.50285348223,0.022202457181265345
SLLDLKTGSCTS,HLA-A*01:01,62.74467391304348,30345.541994200434,0.08618448747438379
LLDLKTGSCTSR,HLA-A*01:01,15.160951086956516,15749.272902339842,0.25004100054502487
LDLKTGSCTSRW,HLA-A*01:01,20.2322554347826,24122.541967471614,0.29434116557240486
DLKTGSCTSRWE,HLA-A*01:01,62.74467391304348,31095.68553833646,0.06303027493413538
LKTGSCTSRWES,HLA-A*01:01,99.28660326086957,33699.91871788548,0.004275301525922259
KTGSCTSRWESA,HLA-A*01:01,46.224673913043475,29305.235080058614,0.12219860958430218
TGSCTSRWESAW,HLA-A*01:01,62.74467391304348,23651.718089060505,0.010072677134303376
GSCTSRWESAWS,HLA-A*01:01,99.28660326086957,31125.62184522222,0.005029647156334249
SCTSRWESAWSG,HLA-A*01:01,99.28660326086957,32768.7030884186,0.0015451506478711963
CTSRWESAWSGL,HLA-A*01:01,62.74467391304348,26761.644682493457,0.05380009762302507
TSRWESAWSGLS,HLA-A*01:01,99.28660326086957,30494.48458953138,0.005893869667488616
SRWESAWSGLSP,HLA-A*01:01,14.277038043478257,32203.612680883987,0.4781253654509783
RWESAWSGLSPR,HLA-A*01:01,16.15755434782608,28343.92911596954,0.39725218899548054
WESAWSGLSPRT,HLA-A*01:01,99.28660326086957,31593.357176428537,0.006610193784581497
ESAWSGLSPRTG,HLA-A*01:01,46.224673913043475,30165.521521691095,0.1494874000782147
SAWSGLSPRTGR,HLA-A*01:01,7.778097826086963,25156.543349468426,0.5952849425375462
AWSGLSPRTGRC,HLA-A*01:01,99.28660326086957,31899.39896266919,0.0017214678737218492
WSGLSPRTGRCG,HLA-A*01:01,99.28660326086957,30979.26121689058,0.0027562741452129558
SGLSPRTGRCGS,HLA-A*01:01,99.28660326086957,31817.42135866747,0.005237894372839946
GLSPRTGRCGSE,HLA-A*01:01,99.28660326086957,29459.024858053064,0.005539475358091295
LSPRTGRCGSEE,HLA-A*01:01,99.28660326086957,28860.890884474888,0.0023846040421631187
SPRTGRCGSEEA,HLA-A*01:01,62.74467391304348,30556.9988676495,0.08936006110161543
PRTGRCGSEEAS,HLA-A*01:01,99.28660326086957,33065.185766905764,0.0021108515247760806
RTGRCGSEEAST,HLA-A*01:01,99.28660326086957,29832.74960758432,0.0007004250637692166
TGRCGSEEASTL,HLA-A*01:01,99.28660326086957,29264.80332983953,0.022023334240657277
GRCGSEEASTLT,HLA-A*01:01,99.28660326086957,32271.26570812842,0.001498138331953669
RCGSEEASTLTI,HLA-A*01:01,99.28660326086957,31216.002272797778,0.003585577811463736
CGSEEASTLTIP,HLA-A*01:01,99.28660326086957,29880.825864072347,0.027585201227338985
GSEEASTLTIPA,HLA-A*01:01,46.224673913043475,26333.736174870523,0.08177587005775422
SEEASTLTIPAA,HLA-A*01:01,12.187228260869546,30337.720582989557,0.5108280777931213
EEASTLTIPAAP,HLA-A*01:01,62.74467391304348,31029.87949637209,0.08181585581041873
EASTLTIPAAPV,HLA-A*01:01,99.28660326086957,31059.362104634336,0.011208557611098513
ASTLTIPAAPVG,HLA-A*01:01,99.28660326086957,30946.256841407598,0.013470540034177247
STLTIPAAPVGL,HLA-A*01:01,22.19230978260869,29210.778302299,0.30743178352713585
TLTIPAAPVGLR,HLA-A*01:01,37.35904891304347,25911.07502873003,0.13871685694903135
LTIPAAPVGLRW,HLA-A*01:01,1.8454076086955808,6435.067805490841,0.791679136455059
TIPAAPVGLRWL,HLA-A*01:01,37.35904891304347,29782.860530539598,0.1888671691995114
IPAAPVGLRWLV,HLA-A*01:01,27.61739130434782,31720.71591150061,0.2617339107673615
PAAPVGLRWLVR,HLA-A*01:01,27.61739130434782,29597.449678361412,0.2705039824359119
LLISVIRTLSTI,HLA-A*01:01,31.643179347826077,33081.66735663593,0.2706869423855096
LISVIRTLSTID,HLA-A*01:01,99.28660326086957,33054.042503673634,0.002027036782237701
ISVIRTLSTIDD,HLA-A*01:01,99.28660326086957,32408.241461143185,0.013931049383245409
SVIRTLSTIDDV,HLA-A*01:01,62.74467391304348,32957.009544806184,0.09150461736135185
VIRTLSTIDDVE,HLA-A*01:01,99.28660326086957,30506.36047376277,0.009565917032887228
IRTLSTIDDVED,HLA-A*01:01,99.28660326086957,31298.711752716285,0.014894777039444307
RTLSTIDDVEDR,HLA-A*01:01,31.643179347826077,17104.740859930112,0.07672868156805634
TLSTIDDVEDRE,HLA-A*01:01,62.74467391304348,20423.78005557138,0.0058621186144591775
LSTIDDVEDREN,HLA-A*01:01,62.74467391304348,21895.403236497794,0.0016286987347484683
STIDDVEDRENE,HLA-A*01:01,11.6303260869565,4918.512325720996,0.01338445172586944
TIDDVEDRENEK,HLA-A*01:01,2.2514130434781947,563.9675326317597,0.021961200574878603
IDDVEDRENEKG,HLA-A*01:01,62.74467391304348,23153.332110112024,0.0014689147665194469
TPGEKIILNFTT,HLA-A*01:01,62.74467391304348,32620.78478639312,0.08028742676833645
PGEKIILNFTTL,HLA-A*01:01,99.28660326086957,32666.375424827558,0.041335248708492145
GEKIILNFTTLD,HLA-A*01:01,99.28660326086957,32982.79162621979,0.06030943721998483
EKIILNFTTLDL,HLA-A*01:01,62.74467391304348,34275.50359863759,0.11443665355909616
KIILNFTTLDLY,HLA-A*01:01,20.2322554347826,10799.109566112895,0.07374947989592329
IILNFTTLDLYR,HLA-A*01:01,62.74467391304348,30590.33947753917,0.07574809127254412
ILNFTTLDLYRS,HLA-A*01:01,62.74467391304348,33372.936109024784,0.11496951180743054
LNFTTLDLYRSR,HLA-A*01:01,62.74467391304348,32344.0316894388,0.0778501961613074
NFTTLDLYRSRL,HLA-A*01:01,99.28660326086957,33272.7624732768,0.03220923914341256
FTTLDLYRSRLC,HLA-A*01:01,99.28660326086957,32435.69971115069,0.003391234058653936
TTLDLYRSRLCW,HLA-A*01:01,9.15535326086956,17589.043486271108,0.44742225762456656
TLDLYRSRLCWY,HLA-A*01:01,6.047907608695624,2265.5537379078364,0.01116021047346294
IVKQNEELDRQK,HLA-A*01:01,37.35904891304347,23627.415541579165,0.11247292556799948
VKQNEELDRQKR,HLA-A*01:01,62.74467391304348,29864.205901055837,0.0505618153802061
KQNEELDRQKRI,HLA-A*01:01,62.74467391304348,32237.374344769465,0.08028367697261274
QNEELDRQKRIG,HLA-A*01:01,99.28660326086957,30930.598391365354,0.0072643321473151445
NEELDRQKRIGN,HLA-A*01:01,99.28660326086957,28647.20071479825,0.004088852401764598
EELDRQKRIGNT,HLA-A*01:01,99.28660326086957,31874.829651894473,0.01578496834554244
ELDRQKRIGNTR,HLA-A*01:01,31.643179347826077,24414.4723563054,0.16050033608917147
LDRQKRIGNTRK,HLA-A*01:01,99.28660326086957,31710.903834196473,0.023569361728732474
DRQKRIGNTRKM,HLA-A*01:01,37.35904891304347,33703.51048653235,0.22208256367594004
RQKRIGNTRKMI,HLA-A*01:01,46.224673913043475,33380.652820241434,0.1849049529992044
QKRIGNTRKMIE,HLA-A*01:01,99.28660326086957,33788.78135804572,0.024242079452960752
KRIGNTRKMIED,HLA-A*01:01,99.28660326086957,33341.892635307195,0.007147473457735032
KTDSCDQRQLSE,HLA-A*01:01,17.305597826086952,8404.981490680224,0.05134821985848248
TDSCDQRQLSEC,HLA-A*01:01,99.28660326086957,29132.09834999707,0.0010879447363549843
DSCDQRQLSECD,HLA-A*01:01,99.28660326086957,27271.032896780907,0.003066372599278111
SCDQRQLSECDE,HLA-A*01:01,62.74467391304348,24790.85161721521,0.0007720368230366148
CDQRQLSECDEP,HLA-A*01:01,99.28660326086957,30301.053972100606,0.0019707896681211423
DQRQLSECDEPQ,HLA-A*01:01,62.74467391304348,30112.63938328495,0.05983968067448586
QRQLSECDEPQP,HLA-A*01:01,99.28660326086957,33114.315094700425,0.0020572924113366753
RQLSECDEPQPH,HLA-A*01:01,62.74467391304348,25870.34431578253,0.024892045243177563
QLSECDEPQPHH,HLA-A*01:01,46.224673913043475,17007.275208025312,0.0030008183166501112
LSECDEPQPHHS,HLA-A*01:01,46.224673913043475,18712.870222324895,0.006910343887284398
SECDEPQPHHST,HLA-A*01:01,99.28660326086957,27861.6728229523,0.008902201745513594
ECDEPQPHHSTK,HLA-A*01:01,16.15755434782608,6825.3008631833645,0.018320176634006202
GEDEEDEEEEED,HLA-A*01:01,37.35904891304347,15033.4582097774,0.0004259600282239262
EDEEDEEEEEDF,HLA-A*01:01,14.277038043478257,5737.005609614284,0.00021867480882065138
DEEDEEEEEDFK,HLA-A*01:01,7.778097826086963,2878.7819841789765,0.0008158176397046191
EEDEEEEEDFKP,HLA-A*01:01,62.74467391304348,21183.332143770196,0.016132745804497972
EDEEEEEDFKPS,HLA-A*01:01,99.28660326086957,25195.49022738843,0.00064187094267254
DEEEEEDFKPSD,HLA-A*01:01,99.28660326086957,25857.477047457225,0.0007771754135319497
HSSDSVSSINSV,HLA-A*01:01,14.277038043478257,7774.195080070784,0.0786207863711752
SSDSVSSINSVT,HLA-A*01:01,8.269211956521715,3289.5059636015444,0.01623343353276141
SDSVSSINSVTS,HLA-A*01:01,99.28660326086957,28268.27679261372,0.007424316732794978
DSVSSINSVTSH,HLA-A*01:01,9.849456521739114,10249.91285184055,0.2684116791933775
SVSSINSVTSHS,HLA-A*01:01,99.28660326086957,28601.120461275077,0.022153947065817192
VSSINSVTSHSS,HLA-A*01:01,99.28660326086957,28195.805979345496,0.005690546568075661
SSINSVTSHSSV,HLA-A*01:01,99.28660326086957,28057.92354686276,0.023137316238717176
SINSVTSHSSVG,HLA-A*01:01,99.28660326086957,30119.477425573627,0.01130050970823504
INSVTSHSSVGS,HLA-A*01:01,99.28660326086957,30407.858793617863,0.0006131761801952962
NSVTSHSSVGSN,HLA-A*01:01,62.74467391304348,25146.57891262966,0.0015175442676991224
SVTSHSSVGSNI,HLA-A*01:01,37.35904891304347,29883.031444437092,0.16480358503758907
VTSHSSVGSNIE,HLA-A*01:01,62.74467391304348,21092.809976414417,0.007846336160582723
ILKHGKRFHATI,HLA-A*01:01,99.28660326086957,33661.90186843263,0.04445962858153507
LKHGKRFHATIS,HLA-A*01:01,99.28660326086957,34337.92381788115,0.0477857669320656
KHGKRFHATISF,HLA-A*01:01,99.28660326086957,33658.40448064062,0.0799378405790776
HGKRFHATISFD,HLA-A*01:01,99.28660326086957,33471.79212438272,0.0010391896139481105
GKRFHATISFDT,HLA-A*01:01,99.28660326086957,34639.43444223876,0.04666702870599693
KRFHATISFDTD,HLA-A*01:01,99.28660326086957,33539.29950192443,0.03858080299687572
RFHATISFDTDT,HLA-A*01:01,99.28660326086957,34033.467391943595,0.009687240919447504
FHATISFDTDTG,HLA-A*01:01,99.28660326086957,32783.86847965293,0.018534375703893602
HATISFDTDTGL,HLA-A*01:01,62.74467391304348,27582.16825955596,0.042383827560115606
ATISFDTDTGLK,HLA-A*01:01,1.8135054347825417,2454.708382419129,0.5361054539680481
TISFDTDTGLKQ,HLA-A*01:01,37.35904891304347,16810.907874535067,0.03868609661003575
ISFDTDTGLKQA,HLA-A*01:01,20.2322554347826,20633.735425582232,0.2508367004338652
GEGPPISSCDTR,HLA-A*01:01,11.6303260869565,18866.88824832319,0.38362462539225817
EGPPISSCDTRT,HLA-A*01:01,99.28660326086957,30300.589134050686,0.00806136014580261
GPPISSCDTRTM,HLA-A*01:01,99.28660326086957,29844.101696068123,0.016259325202554464
PPISSCDTRTMA,HLA-A*01:01,99.28660326086957,31200.547260662286,0.029902670969022438
PISSCDTRTMAN,HLA-A*01:01,99.28660326086957,30734.97278799152,0.004644048876798479
ISSCDTRTMANC,HLA-A*01:01,99.28660326086957,27905.601593052008,0.004984064697055146
SSCDTRTMANCE,HLA-A*01:01,62.74467391304348,23166.942518819415,0.0018953081307699904
SCDTRTMANCER,HLA-A*01:01,62.74467391304348,23683.554540101883,0.018527841093600728
CDTRTMANCERT,HLA-A*01:01,99.28660326086957,32641.85506114452,0.001134226953581674
DTRTMANCERTF,HLA-A*01:01,13.500896739130425,26331.39317451598,0.43971008993685246
TRTMANCERTFI,HLA-A*01:01,99.28660326086957,33684.12904084219,0.020127605566813145
RTMANCERTFIA,HLA-A*01:01,16.15755434782608,30767.224396407324,0.41663019359111786
VFRLCGTDEKIA,HLA-A*01:01,99.28660326086957,32625.482258785953,0.0051079228815069655
FRLCGTDEKIAN,HLA-A*01:01,99.28660326086957,32524.355886065136,0.005464688532811124
RLCGTDEKIANV,HLA-A*01:01,18.61798913043478,28892.49733446748,0.35740290116518736
LCGTDEKIANVT,HLA-A*01:01,99.28660326086957,30065.670394366312,0.00224232105028932
CGTDEKIANVTE,HLA-A*01:01,99.28660326086957,26444.328348150175,0.00400332132994663
GTDEKIANVTED,HLA-A*01:01,37.35904891304347,17880.198839467193,0.02228320125141181
TDEKIANVTEDA,HLA-A*01:01,99.28660326086957,27768.435744240964,0.020819688892515842
DEKIANVTEDAK,HLA-A*01:01,37.35904891304347,22791.94209618558,0.10502388281747699
EKIANVTEDAKR,HLA-A*01:01,62.74467391304348,30443.856901720243,0.11418657837202772
KIANVTEDAKRL,HLA-A*01:01,27.61739130434782,30200.76371266997,0.2510955980978906
IANVTEDAKRLI,HLA-A*01:01,62.74467391304348,29538.811608105894,0.08581681037321687
DDGCKAYWKVCF,HLA-A*01:01,99.28660326086957,30703.933386117333,0.0318982933240477
DGCKAYWKVCFH,HLA-A*01:01,62.74467391304348,30580.019782674677,0.09606016741599888
GCKAYWKVCFHY,HLA-A*01:01,99.28660326086957,27854.010420419523,0.015633615374099463
CKAYWKVCFHYN,HLA-A*01:01,99.28660326086957,34161.26133757991,0.015820838925719727
KAYWKVCFHYNL,HLA-A*01:01,99.28660326086957,34024.44844333767,0.08133925875881687
AYWKVCFHYNLH,HLA-A*01:01,46.224673913043475,31833.526833432596,0.13011917262338102
YWKVCFHYNLHK,HLA-A*01:01,99.28660326086957,32921.38871311428,0.004998119387892075
WKVCFHYNLHKA,HLA-A*01:01,62.74467391304348,34630.516561256365,0.10672032134607434
KVCFHYNLHKAQ,HLA-A*01:01,99.28660326086957,33598.13272141818,0.006013789941789582
VCFHYNLHKAQP,HLA-A*01:01,99.28660326086957,33967.521827463315,0.008259707632532809
CFHYNLHKAQPA,HLA-A*01:01,99.28660326086957,34259.85201744293,0.06617448123870417
FHYNLHKAQPAE,HLA-A*01:01,99.28660326086957,33628.048731630835,0.008446168823866174
CGKSFGRSC,HLA-B*08:01,20.2322554347826,8637.84523535325,0.0009101395444304217
GKSFGRSCH,HLA-B*08:01,99.28660326086957,31325.996108436426,0.037576978698780295
KSFGRSCHL,HLA-B*08:01,1.832635869565138,555.6670531482724,0.12240074248984456
SFGRSCHLI,HLA-B*08:01,20.2322554347826,8420.407794560133,0.008560818212572485
FGRSCHLIQ,HLA-B*08:01,62.74467391304348,22921.76203604657,0.002315407091373345
GRSCHLIQH,HLA-B*08:01,37.35904891304347,27435.536004795566,0.14604728727135807
RSCHLIQHQ,HLA-B*08:01,99.28660326086957,32202.372961011017,0.024526966037228703
SCHLIQHQT,HLA-B*08:01,99.28660326086957,25430.42049983864,0.0013720831157115754
CHLIQHQTI,HLA-B*08:01,4.519266304347795,7425.741523029415,0.43460363056510687
SSQKAREER,HLA-B*08:01,62.74467391304348,24199.94197759883,0.001073688674296136
SQKAREERA,HLA-B*08:01,13.500896739130425,5516.360649891704,0.005943332515016664
QKAREERAL,HLA-B*08:01,24.57923913043477,10515.529835119294,0.0075615164314513095
KAREERALL,HLA-B*08:01,0.9404619565216166,127.89701878558729,0.04952196590602398
AREERALLP,HLA-B*08:01,46.224673913043475,22679.73196058651,0.07745920144952834
REERALLPL,HLA-B*08:01,22.19230978260869,9865.685798712022,0.026017527910880744
EERALLPLE,HLA-B*08:01,62.74467391304348,27016.557457561034,0.037018501199781895
ERALLPLEL,HLA-B*08:01,2.027690217391225,1209.7092875679768,0.28337101079523563
RALLPLELQ,HLA-B*08:01,62.74467391304348,28859.468564116883,0.0478685635025613
GSSFSRRAA,HLA-B*08:01,62.74467391304348,25928.777789003278,0.03856597386038629
SSFSRRAAP,HLA-B*08:01,15.160951086956516,6641.223477367088,0.01903512328863144
SFSRRAAPV,HLA-B*08:01,3.80744565217384,1235.2407659544008,0.0027089456270914525
FSRRAAPVA,HLA-B*08:01,5.788070652173886,2811.095594318445,0.0825316341361031
SRRAAPVAT,HLA-B*08:01,22.19230978260869,9707.390692739003,0.004941751794831362
RRAAPVATP,HLA-B*08:01,46.224673913043475,24386.301521567762,0.06812139507383108
RAAPVATPA,HLA-B*08:01,6.63130434782606,5380.6226049113,0.21903295628726482
AAPVATPAL,HLA-B*08:01,0.4262499999999818,502.4394295205626,0.7341283373534679
APVATPALL,HLA-B*08:01,0.7944565217389936,368.26310603303057,0.41489092726260424
PVATPALLT,HLA-B*08:01,99.28660326086957,26791.618140029903,0.0008232715081248898
VATPALLTS,HLA-B*08:01,31.643179347826077,26959.374064006,0.2145937248133123
ATPALLTSH,HLA-B*08:01,15.160951086956516,28949.87503107993,0.4305800423026085
TPALLTSHR,HLA-B*08:01,31.643179347826077,20941.27465627742,0.1369518687715754
PALLTSHRS,HLA-B*08:01,99.28660326086957,30546.029867275895,0.0017670557426754385
ALLTSHRSL,HLA-B*08:01,1.6471467391303207,436.84035920274874,0.11118927365168929
LLTSHRSLG,HLA-B*08:01,99.28660326086957,25580.646285329283,0.0017045863714884035
LTSHRSLGN,HLA-B*08:01,99.28660326086957,27858.90113447676,0.000986029279374634
TSHRSLGNT,HLA-B*08:01,99.28660326086957,29015.692417215592,0.001056285947925062
SHRSLGNTR,HLA-B*08:01,62.74467391304348,22694.262329756308,0.023343546701653395
HRSLGNTRH,HLA-B*08:01,99.28660326086957,27824.137871801486,0.002881220367271453
RSLGNTRHK,HLA-B*08:01,99.28660326086957,29771.486617146576,0.02782009291695431
VGATAVYPT,HLA-B*08:01,99.28660326086957,27865.06476019763,0.003187003494531382
GATAVYPTD,HLA-B*08:01,99.28660326086957,31798.576719050747,0.00469154299935326
ATAVYPTDL,HLA-B*08:01,37.35904891304347,19569.769697466618,0.07201923883985728
TAVYPTDLV,HLA-B*08:01,37.35904891304347,23166.89321498855,0.10651841061189771
AVYPTDLVK,HLA-B*08:01,4.047907608695596,28185.093365545312,0.8399567604064941
VYPTDLVKT,HLA-B*08:01,15.160951086956516,25099.63834704285,0.3869263781234622
YPTDLVKTR,HLA-B*08:01,2.58752717391296,13088.009971639322,0.8153282776474953
PTDLVKTRM,HLA-B*08:01,17.305597826086952,10887.129968535723,0.11325834947638214
TDLVKTRMQ,HLA-B*08:01,62.74467391304348,26870.691565413075,0.06798939182772301
KELYALGVV,HLA-B*08:01,62.74467391304348,25633.483848005853,0.06041065655881539
ELYALGVVD,HLA-B*08:01,99.28660326086957,29288.46010042331,0.011418428708566353
LYALGVVDG,HLA-B*08:01,99.28660326086957,29132.44310364578,0.004347949972725473
YALGVVDGL,HLA-B*08:01,9.494239130434764,6630.645174991276,0.16077654901891947
ALGVVDGLH,HLA-B*08:01,99.28660326086957,30630.14042069577,0.018340858223382384
LGVVDGLHT,HLA-B*08:01,99.28660326086957,29012.57648840611,0.005453800433315337
GVVDGLHTV,HLA-B*08:01,3.0137228260868767,13141.116116282436,0.7450722977519035
VVDGLHTVH,HLA-B*08:01,27.61739130434782,26119.3622842949,0.21528875012882054
VDGLHTVHG,HLA-B*08:01,99.28660326086957,28590.068436063895,0.006083357795432676
KNSSKPQKK,HLA-B*08:01,99.28660326086957,26117.216684580526,0.0009352505339847994
NSSKPQKKN,HLA-B*08:01,99.28660326086957,31162.80931200219,0.0015983184675860684
SSKPQKKNG,HLA-B*08:01,99.28660326086957,25344.527814650628,0.0008143929999278043
SKPQKKNGS,HLA-B*08:01,99.28660326086957,27187.526962433923,0.0025447436737522366
KPQKKNGST,HLA-B*08:01,8.545326086956507,3207.1223442601777,0.0020504960484686308
PQKKNGSTW,HLA-B*08:01,18.61798913043478,18018.694384303177,0.22653750341851264
QKKNGSTWA,HLA-B*08:01,99.28660326086957,28326.237006853942,0.0010383128064859193
KKNGSTWAN,HLA-B*08:01,99.28660326086957,32029.59609593596,0.0015444457239937037
KNGSTWANV,HLA-B*08:01,99.28660326086957,28896.863267419038,0.006430197070585564
VNKLKREMG,HLA-B*08:01,46.224673913043475,18969.259424114483,0.0023366212572000222
NKLKREMGH,HLA-B*08:01,62.74467391304348,25130.3833954212,0.02254017569066491
KLKREMGHL,HLA-B*08:01,2.222146739130366,545.7876692971241,0.01883173530222848
LKREMGHLQ,HLA-B*08:01,99.28660326086957,28134.42472304835,0.009619555290555581
KREMGHLQH,HLA-B*08:01,99.28660326086957,29072.311209960062,0.004654078558814945
REMGHLQHE,HLA-B*08:01,99.28660326086957,28293.945201461225,0.02395920714479871
EMGHLQHEL,HLA-B*08:01,2.9916847826086155,1183.5132497596912,0.09007939044386148
MGHLQHELQ,HLA-B*08:01,62.74467391304348,24616.14393198718,0.002388136497756932
GHLQHELQF,HLA-B*08:01,15.160951086956516,16267.976849658135,0.25926147121936083
AAKAVKPKV,HLA-B*08:01,3.720108695652101,1465.4053025500414,0.058864880935288966
AKAVKPKVV,HLA-B*08:01,2.7245652173912447,11479.531063024195,0.7558252699673176
KAVKPKVVK,HLA-B*08:01,37.35904891304347,21806.631053679856,0.08087129623163491
AVKPKVVKP,HLA-B*08:01,1.369456521739039,4618.669674436711,0.8534085378050804
VKPKVVKPK,HLA-B*08:01,37.35904891304347,28275.9575341707,0.18226099503226578
VTLSPNGKS,HLA-B*08:01,99.28660326086957,30985.714169020925,0.005516667406482156
TLSPNGKSL,HLA-B*08:01,0.8910054347824996,149.74732665301903,0.11821085982955992
LSPNGKSLA,HLA-B*08:01,62.74467391304348,22021.107058874466,0.01704572887683753
SPNGKSLAC,HLA-B*08:01,1.1500815217389828,202.14943759656208,0.08018229622393847
PNGKSLACQ,HLA-B*08:01,99.28660326086957,30171.156904200256,0.0002898671309594647
NGKSLACQS,HLA-B*08:01,99.28660326086957,26125.79635012493,0.00038819935525680194
GKSLACQSM,HLA-B*08:01,18.61798913043478,23879.74203083516,0.312039895914495
KSLACQSMD,HLA-B*08:01,99.28660326086957,31569.832614853825,0.0033323700990877114
SLACQSMDN,HLA-B*08:01,99.28660326086957,30239.493322424856,0.0023083999349182704
GPHDLLWAH,HLA-B*08:01,14.277038043478257,21654.129165092367,0.36301058379467577
PHDLLWAHS,HLA-B*08:01,99.28660326086957,28446.964058494734,0.01215571662032744
HDLLWAHSG,HLA-B*08:01,37.35904891304347,25630.264586219044,0.1298625278286636
DLLWAHSGR,HLA-B*08:01,27.61739130434782,22617.282346163596,0.18272143276408315
LLWAHSGRD,HLA-B*08:01,99.28660326086957,30769.28382325413,0.00559648666967405
LWAHSGRDR,HLA-B*08:01,99.28660326086957,29066.818624491967,0.004338410384661984
WAHSGRDRP,HLA-B*08:01,99.28660326086957,29349.14955625537,0.0021471945310622687
AHSGRDRPW,HLA-B*08:01,62.74467391304348,26894.15030818303,0.04569951933808625
HSGRDRPWS,HLA-B*08:01,99.28660326086957,31010.752696626332,0.0011123065305582713
SGRDRPWSG,HLA-B*08:01,18.61798913043478,8428.791203590445,0.026508122478844598
GRDRPWSGK,HLA-B*08:01,62.74467391304348,26233.442797589523,0.05300374259240925
RDRPWSGKE,HLA-B*08:01,99.28660326086957,30050.397070211508,0.011832946154754609
DRPWSGKES,HLA-B*08:01,99.28660326086957,26309.0757661748,0.012527734972536564
RPWSGKEST,HLA-B*08:01,8.269211956521715,6401.939617547841,0.19579975260421634
PWSGKESTG,HLA-B*08:01,99.28660326086957,27098.7491993638,0.00041811702112681814
WSGKESTGA,HLA-B*08:01,99.28660326086957,26667.189708482,0.00035860942080034874
SGKESTGAI,HLA-B*08:01,4.732201086956479,1610.3284556395574,0.0008114970096357865
GKESTGAIP,HLA-B*08:01,62.74467391304348,30299.961504078197,0.1018390363897197
KESTGAIPK,HLA-B*08:01,18.61798913043478,27050.039049877385,0.3435148363932967
ESTGAIPKE,HLA-B*08:01,62.74467391304348,30245.20579459864,0.10310564242536202
STGAIPKEV,HLA-B*08:01,46.224673913043475,23259.801683537436,0.05011501343687996
TGAIPKEVP,HLA-B*08:01,62.74467391304348,22921.696161841402,0.012251402062247507
GAIPKEVPG,HLA-B*08:01,46.224673913043475,19304.530055174717,0.008444294478977099
AIPKEVPGP,HLA-B*08:01,37.35904891304347,24020.423273431887,0.104850810370408
IPKEVPGPS,HLA-B*08:01,9.849456521739114,4424.824559245763,0.04436003355658613
PKEVPGPSW,HLA-B*08:01,46.224673913043475,26373.235750829208,0.1283577373251319
KEVPGPSWS,HLA-B*08:01,99.28660326086957,31090.96358210388,0.020619672170141712
EVPGPSWSL,HLA-B*08:01,2.2710054347825377,2891.356879120166,0.46677787601947784
VPGPSWSLL,HLA-B*08:01,4.213478260869522,1687.8933333224322,0.05215509107802063
PGPSWSLLD,HLA-B*08:01,99.28660326086957,28952.47401676731,0.000402936580030655
GPSWSLLDL,HLA-B*08:01,11.115788043478247,5144.835659318974,0.03905951022170484
PSWSLLDLK,HLA-B*08:01,99.28660326086957,29545.126354666012,0.003993208956671879
SWSLLDLKT,HLA-B*08:01,99.28660326086957,27803.59796316151,0.0031348280899692327
WSLLDLKTG,HLA-B*08:01,99.28660326086957,29890.701174319514,0.01302054892948945
SLLDLKTGS,HLA-B*08:01,62.74467391304348,27381.38084996164,0.03262847042060457
LLDLKTGSC,HLA-B*08:01,5.2477717391304,1859.4681659083292,0.006269899691687897
LDLKTGSCT,HLA-B*08:01,99.28660326086957,26220.40064012308,0.009844804415479302
DLKTGSCTS,HLA-B*08:01,37.35904891304347,15536.481054158485,0.02172406093450263
LKTGSCTSR,HLA-B*08:01,62.74467391304348,29306.686457287175,0.09213087930402253
KTGSCTSRW,HLA-B*08:01,8.01565217391304,30643.18344847166,0.6360136028379202
TGSCTSRWE,HLA-B*08:01,99.28660326086957,31518.95945721519,0.0005400600603024941
GSCTSRWES,HLA-B*08:01,99.28660326086957,31298.085272567634,0.002666903252247721
SCTSRWESA,HLA-B*08:01,24.57923913043477,10918.365356284148,0.006198200399012421
CTSRWESAW,HLA-B*08:01,31.643179347826077,28793.528197795855,0.23057505395263433
TSRWESAWS,HLA-B*08:01,99.28660326086957,30825.461326987544,0.0020076287546544336
SRWESAWSG,HLA-B*08:01,37.35904891304347,26143.507556727844,0.14989778853487223
RWESAWSGL,HLA-B*08:01,22.19230978260869,11239.915027572346,0.05560539907310158
WESAWSGLS,HLA-B*08:01,99.28660326086957,30258.801191926384,0.0013503614427463617
ESAWSGLSP,HLA-B*08:01,27.61739130434782,26688.012466440345,0.21683779393788427
SAWSGLSPR,HLA-B*08:01,6.479157608695644,20377.171456018605,0.592073280364275
AWSGLSPRT,HLA-B*08:01,99.28660326086957,30411.318983320918,0.0034516719351813663
WSGLSPRTG,HLA-B*08:01,99.28660326086957,29562.61016213616,0.005135509491083212
SGLSPRTGR,HLA-B*08:01,46.224673913043475,20558.618244080048,0.05856045777909458
GLSPRTGRC,HLA-B*08:01,37.35904891304347,15572.77372590346,0.006921409789356403
LSPRTGRCG,HLA-B*08:01,99.28660326086957,27323.05732059725,0.0030526574155373964
SPRTGRCGS,HLA-B*08:01,24.57923913043477,10903.71333999038,0.02849019035784295
PRTGRCGSE,HLA-B*08:01,99.28660326086957,26932.672091934342,0.00017774620209820569
RTGRCGSEE,HLA-B*08:01,99.28660326086957,31093.880866056305,0.0010244698032693123
TGRCGSEEA,HLA-B*08:01,37.35904891304347,14705.065825326366,0.0011088832798122894
GRCGSEEAS,HLA-B*08:01,99.28660326086957,29436.56224762137,0.00043548565918172244
RCGSEEAST,HLA-B*08:01,99.28660326086957,29400.024432834423,8.178914140444249e-05
CGSEEASTL,HLA-B*08:01,15.160951086956516,6137.7887527182675,0.0046284468116937205
GSEEASTLT,HLA-B*08:01,99.28660326086957,29844.031686166283,0.0024113588660839014
SEEASTLTI,HLA-B*08:01,9.849456521739114,10392.547211195173,0.27766965772025287
EEASTLTIP,HLA-B*08:01,12.187228260869546,27157.657562396227,0.47150314785540104
EASTLTIPA,HLA-B*08:01,20.2322554347826,10971.922015363236,0.08158678316976875
ASTLTIPAA,HLA-B*08:01,24.57923913043477,22950.190413669567,0.23258441966027021
STLTIPAAP,HLA-B*08:01,37.35904891304347,26145.63234242983,0.15032318234443665
TLTIPAAPV,HLA-B*08:01,31.643179347826077,13724.918439490428,0.004661472237785347
LTIPAAPVG,HLA-B*08:01,62.74467391304348,28168.19478461098,0.05156175186857581
TIPAAPVGL,HLA-B*08:01,2.2514130434781947,1588.6295339233318,0.30703257117420435
IPAAPVGLR,HLA-B*08:01,4.6575815217390755,12275.505771899008,0.563428396359086
PAAPVGLRW,HLA-B*08:01,9.15535326086956,26209.27235529475,0.5535979196429253
AAPVGLRWL,HLA-B*08:01,17.305597826086952,13028.21047211961,0.15587825560942292
APVGLRWLV,HLA-B*08:01,3.5626902173912214,3642.3479124827577,0.3268516771495342
PVGLRWLVR,HLA-B*08:01,46.224673913043475,23274.21483571227,0.05057458457304165
SVIRTLSTI,HLA-B*08:01,1.6564130434781532,2708.226414422168,0.6085283905267715
VIRTLSTID,HLA-B*08:01,99.28660326086957,28371.097906022173,0.005915552836086135
IRTLSTIDD,HLA-B*08:01,99.28660326086957,30334.39201345664,0.0022320168718579225
RTLSTIDDV,HLA-B*08:01,62.74467391304348,26386.180039404757,0.02869667625054717
TLSTIDDVE,HLA-B*08:01,99.28660326086957,28169.42566635699,0.0033196466756635346
LSTIDDVED,HLA-B*08:01,99.28660326086957,28508.55881349355,0.00042241324445058126
STIDDVEDR,HLA-B*08:01,46.224673913043475,21632.25968042758,0.04074021731503308
TIDDVEDRE,HLA-B*08:01,62.74467391304348,21186.59591433322,0.011671187923639081
IDDVEDREN,HLA-B*08:01,62.74467391304348,21904.20625215858,0.0003821677510131849
EKIILNFTT,HLA-B*08:01,62.74467391304348,29339.036071230723,0.08115135063417256
KIILNFTTL,HLA-B*08:01,0.8271195652172736,210.96194925113963,0.24402974545955658
IILNFTTLD,HLA-B*08:01,99.28660326086957,30396.518432066005,0.0038618438884441275
ILNFTTLDL,HLA-B*08:01,6.047907608695624,3369.9094157563713,0.11735021020285785
LNFTTLDLY,HLA-B*08:01,99.28660326086957,29163.179433812064,0.023052786258631386
NFTTLDLYR,HLA-B*08:01,62.74467391304348,27548.26141776437,0.05141458674916066
FTTLDLYRS,HLA-B*08:01,99.28660326086957,30919.504627526305,0.044967578796786256
TTLDLYRSR,HLA-B*08:01,8.01565217391304,26655.4807168931,0.5977586060762405
TLDLYRSRL,HLA-B*08:01,2.4632608695651186,694.1494522478291,0.03344217408448458
QNEELDRQK,HLA-B*08:01,99.28660326086957,26626.545609776953,0.0019464719007373787
NEELDRQKR,HLA-B*08:01,62.74467391304348,20941.06237221805,0.0019688224092533346
EELDRQKRI,HLA-B*08:01,15.160951086956516,6934.954683272446,0.041691025777254254
ELDRQKRIG,HLA-B*08:01,62.74467391304348,23625.731854075482,0.008929111616453156
LDRQKRIGN,HLA-B*08:01,62.74467391304348,20583.563207873212,0.001841482659074245
DRQKRIGNT,HLA-B*08:01,22.19230978260869,9964.010543247352,0.026531561044976115
RQKRIGNTR,HLA-B*08:01,24.57923913043477,18788.586944837396,0.15974518680013716
QKRIGNTRK,HLA-B*08:01,99.28660326086957,29319.458415119163,0.009511433381703682
KRIGNTRKM,HLA-B*08:01,22.19230978260869,11812.898722744,0.0643077100685332
SCDQRQLSE,HLA-B*08:01,62.74467391304348,20508.94329914126,0.001518587241662317
CDQRQLSEC,HLA-B*08:01,46.224673913043475,17591.28471720528,0.0007331207980314502
DQRQLSECD,HLA-B*08:01,62.74467391304348,25729.799335815766,0.04976560245268047
QRQLSECDE,HLA-B*08:01,99.28660326086957,29744.773666590438,0.000197019835923129
RQLSECDEP,HLA-B*08:01,99.28660326086957,29014.354154729273,0.013625609659356996
QLSECDEPQ,HLA-B*08:01,99.28660326086957,27880.505413249837,0.0005167809977137949
LSECDEPQP,HLA-B*08:01,99.28660326086957,27970.564867137382,0.011780718072259333
SECDEPQPH,HLA-B*08:01,99.28660326086957,26088.11654459239,0.007780594165524235
ECDEPQPHH,HLA-B*08:01,99.28660326086957,28301.552950982717,0.007610734410263831
EEDEEEEED,HLA-B*08:01,46.224673913043475,17476.695052990384,0.00015564614295726642
EDEEEEEDF,HLA-B*08:01,37.35904891304347,15093.523995407595,0.00026849994628719287
DEEEEEDFK,HLA-B*08:01,37.35904891304347,14268.016016231,0.0004298266776459059
DSVSSINSV,HLA-B*08:01,10.655842391304333,6574.28374072652,0.12261751317419112
SVSSINSVT,HLA-B*08:01,99.28660326086957,26628.130712189457,0.011224811314605176
VSSINSVTS,HLA-B*08:01,99.28660326086957,27637.459313943455,0.003229942682082765
SSINSVTSH,HLA-B*08:01,24.57923913043477,26860.442893770538,0.27478316007182
SINSVTSHS,HLA-B*08:01,99.28660326086957,28962.956812940974,0.0095578295076848
INSVTSHSS,HLA-B*08:01,99.28660326086957,29722.167328156465,0.0009522079199086875
NSVTSHSSV,HLA-B*08:01,31.643179347826077,14525.563692188096,0.011114795532193966
SVTSHSSVG,HLA-B*08:01,99.28660326086957,27060.998139351083,0.006466403618105687
VTSHSSVGS,HLA-B*08:01,99.28660326086957,30791.182839614823,0.0007059567578835413
HGKRFHATI,HLA-B*08:01,1.0313586956520453,134.1351061260902,0.020143925037700683
GKRFHATIS,HLA-B*08:01,62.74467391304348,28373.87926689079,0.05361471384821925
KRFHATISF,HLA-B*08:01,2.832907608695578,10952.193524699733,0.7252205945551395
RFHATISFD,HLA-B*08:01,99.28660326086957,31334.714664889023,0.009261634360882454
FHATISFDT,HLA-B*08:01,99.28660326086957,28280.807546224194,0.009037864656420425
HATISFDTD,HLA-B*08:01,99.28660326086957,29530.200903946214,0.006895945043652318
ATISFDTDT,HLA-B*08:01,99.28660326086957,31859.53232138015,0.03899411903694272
TISFDTDTG,HLA-B*08:01,99.28660326086957,29664.810824413806,0.001874790781585034
ISFDTDTGL,HLA-B*08:01,37.35904891304347,19256.08083096213,0.057610335177741945
PPISSCDTR,HLA-B*08:01,62.74467391304348,23668.19404710836,0.007641983371286187
PISSCDTRT,HLA-B*08:01,99.28660326086957,30384.512012515013,0.0003251251473557204
ISSCDTRTM,HLA-B*08:01,37.35904891304347,17757.919450432426,0.024813983676722273
SSCDTRTMA,HLA-B*08:01,99.28660326086957,26075.09324613231,0.008132246628520079
SCDTRTMAN,HLA-B*08:01,62.74467391304348,22128.03135802883,0.0006470251200880739
CDTRTMANC,HLA-B*08:01,99.28660326086957,26697.646639253202,0.0008601348436059197
DTRTMANCE,HLA-B*08:01,99.28660326086957,27552.997273800553,0.011444021205534227
TRTMANCER,HLA-B*08:01,99.28660326086957,27104.04588794408,0.005459738275021664
RTMANCERT,HLA-B*08:01,99.28660326086957,29506.91582341109,0.01013714837608859
LCGTDEKIA,HLA-B*08:01,99.28660326086957,27495.430388324072,0.00046435777676379075
CGTDEKIAN,HLA-B*08:01,99.28660326086957,28698.440725660483,0.00022586367867916124
GTDEKIANV,HLA-B*08:01,3.487608695652085,9666.538755976942,0.6011236384510994
TDEKIANVT,HLA-B*08:01,62.74467391304348,24473.081449664216,0.019068944704486057
DEKIANVTE,HLA-B*08:01,37.35904891304347,21080.269750959487,0.07883895986014977
EKIANVTED,HLA-B*08:01,99.28660326086957,29785.499601642336,0.02181390031182673
KIANVTEDA,HLA-B*08:01,62.74467391304348,28048.301586232596,0.036460219882428646
IANVTEDAK,HLA-B*08:01,62.74467391304348,25420.52801605609,0.009023147460538894
CKAYWKVCF,HLA-B*08:01,37.35904891304347,26973.5989756596,0.16000989614985883
KAYWKVCFH,HLA-B*08:01,15.160951086956516,27267.746901096823,0.40708840917795897
AYWKVCFHY,HLA-B*08:01,12.805461956521725,27151.122808481854,0.45323494262993336
YWKVCFHYN,HLA-B*08:01,99.28660326086957,28098.760761931302,0.002827674732543528
WKVCFHYNL,HLA-B*08:01,46.224673913043475,19769.211581041334,0.015985196085239295
KVCFHYNLH,HLA-B*08:01,99.28660326086957,29779.16444737386,0.01237662578932941
VCFHYNLHK,HLA-B*08:01,99.28660326086957,30106.06548928413,0.002274030732223764
CFHYNLHKA,HLA-B*08:01,37.35904891304347,17080.804836613825,0.05289875323069282
FHYNLHKAQ,HLA-B*08:01,99.28660326086957,28230.940520963883,0.02467911329586059
ECGKSFGRSC,HLA-B*08:01,99.28660326086957,25950.41769596799,0.0007892808862379752
CGKSFGRSCH,HLA-B*08:01,99.28660326086957,27014.545585895234,0.0012642787578442949
GKSFGRSCHL,HLA-B*08:01,31.643179347826077,26993.96713708857,0.18083411123370752
KSFGRSCHLI,HLA-B*08:01,37.35904891304347,21719.40698898397,0.10119775380007923
SFGRSCHLIQ,HLA-B*08:01,99.28660326086957,30151.2299745287,0.0027154562267242
FGRSCHLIQH,HLA-B*08:01,99.28660326086957,28900.764712678683,0.01546144942403771
GRSCHLIQHQ,HLA-B*08:01,99.28660326086957,31209.12674492383,0.00729027834313456
RSCHLIQHQT,HLA-B*08:01,99.28660326086957,31319.65003540655,0.046444566280115396
SCHLIQHQTI,HLA-B*08:01,46.224673913043475,21222.58063787219,0.05008814396569505
CHLIQHQTIH,HLA-B*08:01,99.28660326086957,30802.27128476996,0.035084767107036896
GSSQKAREER,HLA-B*08:01,99.28660326086957,29799.377930022743,0.0005801797415188048
SSQKAREERA,HLA-B*08:01,99.28660326086957,29697.49194617961,0.0009338430209027138
SQKAREERAL,HLA-B*08:01,7.778097826086963,3207.900533942657,0.02330194611568004
QKAREERALL,HLA-B*08:01,46.224673913043475,24261.364316088453,0.06117052142508328
KAREERALLP,HLA-B*08:01,62.74467391304348,27540.924764070154,0.05925117270089686
AREERALLPL,HLA-B*08:01,46.224673913043475,18678.51126676667,0.019266141986008734
REERALLPLE,HLA-B*08:01,99.28660326086957,30131.372922936305,0.036366148735396564
EERALLPLEL,HLA-B*08:01,20.2322554347826,14193.357809525356,0.1342848485801369
ERALLPLELQ,HLA-B*08:01,99.28660326086957,30255.591646347788,0.03036812276695855
RALLPLELQD,HLA-B*08:01,99.28660326086957,31940.868742283405,0.025289866025559604
SGSSFSRRAA,HLA-B*08:01,62.74467391304348,26350.665038492327,0.025711515016155317
GSSFSRRAAP,HLA-B*08:01,99.28660326086957,29992.717851953115,0.008082533608103404
SSFSRRAAPV,HLA-B*08:01,27.61739130434782,12279.111415027799,0.008139592449879274
SFSRRAAPVA,HLA-B*08:01,46.224673913043475,25428.401497059298,0.07422042521648109
FSRRAAPVAT,HLA-B*08:01,62.74467391304348,23542.652980555664,0.0034786670585162938
SRRAAPVATP,HLA-B*08:01,62.74467391304348,26283.354028428283,0.040951402799692005
RRAAPVATPA,HLA-B*08:01,37.35904891304347,22212.434289640278,0.08659073524177074
RAAPVATPAL,HLA-B*08:01,2.5574999999999193,1616.0904794006904,0.24621672555804253
AAPVATPALL,HLA-B*08:01,6.962798913043457,11001.935495636979,0.39799266308546066
APVATPALLT,HLA-B*08:01,62.74467391304348,23183.8759974973,0.014000925788423046
PVATPALLTS,HLA-B*08:01,99.28660326086957,30476.759953997152,0.008135979413054883
VATPALLTSH,HLA-B*08:01,14.277038043478257,29969.968131491496,0.4535486279055476
ATPALLTSHR,HLA-B*08:01,62.74467391304348,29797.871525884402,0.10895465919747949
TPALLTSHRS,HLA-B*08:01,99.28660326086957,27962.987481421133,0.014764188264962286
PALLTSHRSL,HLA-B*08:01,31.643179347826077,14584.947423281834,0.010603716247715056
ALLTSHRSLG,HLA-B*08:01,99.28660326086957,31223.732964092673,0.00638430894468911
LLTSHRSLGN,HLA-B*08:01,99.28660326086957,30057.23757608638,0.0008225253004638944
LTSHRSLGNT,HLA-B*08:01,99.28660326086957,29757.570902235366,0.0008952879670687253
TSHRSLGNTR,HLA-B*08:01,99.28660326086957,29358.25167962425,0.021556075145781506
SHRSLGNTRH,HLA-B*08:01,99.28660326086957,30683.771204074055,0.0032693539360479917
HRSLGNTRHK,HLA-B*08:01,99.28660326086957,28171.64629444337,0.007076072244672105
AVGATAVYPT,HLA-B*08:01,99.28660326086957,30857.525428018234,0.002287472154421266
VGATAVYPTD,HLA-B*08:01,99.28660326086957,31394.39841498804,0.0012523099212558009
GATAVYPTDL,HLA-B*08:01,99.28660326086957,28956.246065039315,0.013533653371268883
ATAVYPTDLV,HLA-B*08:01,99.28660326086957,30443.88635201233,0.03201146575156599
TAVYPTDLVK,HLA-B*08:01,11.115788043478247,29985.916081510382,0.533831475302577
AVYPTDLVKT,HLA-B*08:01,5.788070652173886,30508.72560545173,0.7377970181405544
VYPTDLVKTR,HLA-B*08:01,6.047907608695624,28444.530146303,0.7052624225616455
YPTDLVKTRM,HLA-B*08:01,1.2760054347825047,1116.2447714329883,0.49963128939270973
PTDLVKTRMQ,HLA-B*08:01,99.28660326086957,30384.688247774382,0.024625054327771068
TDLVKTRMQN,HLA-B*08:01,99.28660326086957,30321.400735426083,0.01354717599315336
SKELYALGVV,HLA-B*08:01,99.28660326086957,30867.097711570168,0.00437297869939357
KELYALGVVD,HLA-B*08:01,99.28660326086957,31518.850073479243,0.03734788449946791
ELYALGVVDG,HLA-B*08:01,99.28660326086957,31182.3261377213,0.025444800936384127
LYALGVVDGL,HLA-B*08:01,46.224673913043475,18752.63183903526,0.02445990324486047
YALGVVDGLH,HLA-B*08:01,99.28660326086957,31859.008646754046,0.04468165244907141
ALGVVDGLHT,HLA-B*08:01,99.28660326086957,30536.536226861233,0.020533070419332944
LGVVDGLHTV,HLA-B*08:01,37.35904891304347,24507.466263169124,0.11643605772405863
GVVDGLHTVH,HLA-B*08:01,24.57923913043477,30305.072321629174,0.30460400879383087
VVDGLHTVHG,HLA-B*08:01,99.28660326086957,29631.907324273827,0.04516420705476776
VDGLHTVHGT,HLA-B*08:01,99.28660326086957,29229.041496030895,0.005098180845379829
NKNSSKPQKK,HLA-B*08:01,99.28660326086957,29254.10704777407,0.0017407764789822977
KNSSKPQKKN,HLA-B*08:01,99.28660326086957,32229.6406780741,0.00033146664554806193
NSSKPQKKNG,HLA-B*08:01,99.28660326086957,31308.28675203258,0.0019708988274942385
SSKPQKKNGS,HLA-B*08:01,99.28660326086957,28283.002754718196,0.0007252237655848148
SKPQKKNGST,HLA-B*08:01,99.28660326086957,26971.661728150775,0.0013834203382430132
KPQKKNGSTW,HLA-B*08:01,9.849456521739114,12343.480224678695,0.3227802007459104
PQKKNGSTWA,HLA-B*08:01,99.28660326086957,29832.46282150828,0.005226369627052918
QKKNGSTWAN,HLA-B*08:01,99.28660326086957,31646.30030656593,0.0008521472145730513
KKNGSTWANV,HLA-B*08:01,99.28660326086957,30543.42288462747,0.039757810620358214
KNGSTWANVP,HLA-B*08:01,99.28660326086957,32000.32476666537,0.006448216478020186
RVNKLKREMG,HLA-B*08:01,99.28660326086957,29242.52782806423,0.016185269050765783
VNKLKREMGH,HLA-B*08:01,99.28660326086957,28438.329014371746,0.003918021237041103
NKLKREMGHL,HLA-B*08:01,46.224673913043475,23065.75139602645,0.06394581560743973
KLKREMGHLQ,HLA-B*08:01,99.28660326086957,30141.174193130108,0.022000773169565946
LKREMGHLQH,HLA-B*08:01,99.28660326086957,30792.468888605046,0.022609120511333458
KREMGHLQHE,HLA-B*08:01,99.28660326086957,31050.255337866434,0.0011370735246600816
REMGHLQHEL,HLA-B*08:01,4.968641304347784,9696.160274159047,0.47766389697790146
EMGHLQHELQ,HLA-B*08:01,99.28660326086957,30438.79567867989,0.0022584256730624475
MGHLQHELQF,HLA-B*08:01,37.35904891304347,18684.836983593,0.054925119737163186
GHLQHELQFK,HLA-B*08:01,62.74467391304348,29900.881892705936,0.08493147499393672
SAAKAVKPKV,HLA-B*08:01,62.74467391304348,24623.951786696747,0.0519614031072706
AAKAVKPKVV,HLA-B*08:01,12.805461956521725,11320.97947094124,0.21074603078886867
AKAVKPKVVK,HLA-B*08:01,13.500896739130425,28430.102590404076,0.453904427587986
KAVKPKVVKP,HLA-B*08:01,22.19230978260869,29687.368871397874,0.3150097457692027
AVKPKVVKPK,HLA-B*08:01,12.805461956521725,25191.886704498673,0.4450753778219223
VKPKVVKPKK,HLA-B*08:01,62.74467391304348,30291.362365524776,0.0692497294221539
AVTLSPNGKS,HLA-B*08:01,99.28660326086957,31633.75636965699,0.0021577487168542575
VTLSPNGKSL,HLA-B*08:01,18.61798913043478,10902.967632144508,0.09883292182348669
TLSPNGKSLA,HLA-B*08:01,62.74467391304348,23280.645807793237,0.014171134331263602
LSPNGKSLAC,HLA-B*08:01,37.35904891304347,16500.74541349099,0.012152732386311982
SPNGKSLACQ,HLA-B*08:01,31.643179347826077,16162.934826230325,0.05413009790936485
PNGKSLACQS,HLA-B*08:01,99.28660326086957,31660.643036337977,0.00019796864535237546
NGKSLACQSM,HLA-B*08:01,27.61739130434782,12267.610133638105,0.012630270248337183
GKSLACQSMD,HLA-B*08:01,99.28660326086957,32141.89220488377,0.014810287138971034
KSLACQSMDN,HLA-B*08:01,99.28660326086957,32449.78913346424,0.004588098650856409
SLACQSMDNQ,HLA-B*08:01,99.28660326086957,31230.212293044842,0.0013881627601222135
CGPHDLLWAH,HLA-B*08:01,99.28660326086957,30531.84712264454,0.043399246875196695
GPHDLLWAHS,HLA-B*08:01,62.74467391304348,29015.640607076286,0.07091219967696816
PHDLLWAHSG,HLA-B*08:01,99.28660326086957,28391.519996518156,0.00889372375968378
HDLLWAHSGR,HLA-B*08:01,62.74467391304348,28300.904786834013,0.08721360785420984
DLLWAHSGRD,HLA-B*08:01,99.28660326086957,31604.90685590729,0.005594314323388971
LLWAHSGRDR,HLA-B*08:01,99.28660326086957,30381.745289680315,0.045928984036436304
LWAHSGRDRP,HLA-B*08:01,99.28660326086957,31732.261116705136,0.0010374665616836865
WAHSGRDRPW,HLA-B*08:01,62.74467391304348,28765.19230978403,0.07550957414787263
AHSGRDRPWS,HLA-B*08:01,99.28660326086957,31502.8075532125,0.0017632130584388506
HSGRDRPWSG,HLA-B*08:01,99.28660326086957,28714.00324931122,0.012384530622512102
SGRDRPWSGK,HLA-B*08:01,46.224673913043475,25015.27649285451,0.06853297736961395
GRDRPWSGKE,HLA-B*08:01,99.28660326086957,30448.20517761698,0.0045900615805294365
RDRPWSGKES,HLA-B*08:01,99.28660326086957,30234.29205093406,0.015023211322841235
DRPWSGKEST,HLA-B*08:01,62.74467391304348,26636.008683020067,0.01826842343143653
RPWSGKESTG,HLA-B*08:01,24.57923913043477,18189.389077518183,0.1475212466903031
PWSGKESTGA,HLA-B*08:01,99.28660326086957,27435.43692179327,0.000534497437911341
WSGKESTGAI,HLA-B*08:01,99.28660326086957,28289.031363300117,0.00038438183764810674
SGKESTGAIP,HLA-B*08:01,99.28660326086957,26688.240302533097,0.006205495992617216
GKESTGAIPK,HLA-B*08:01,18.61798913043478,29526.869054713774,0.372914875857532
KESTGAIPKE,HLA-B*08:01,99.28660326086957,31055.131771086435,0.05357749783433974
ESTGAIPKEV,HLA-B*08:01,62.74467391304348,29180.256676388944,0.07402359100524336
STGAIPKEVP,HLA-B*08:01,99.28660326086957,30064.479046842756,0.012337836931692436
TGAIPKEVPG,HLA-B*08:01,62.74467391304348,25779.797971221426,0.011353134294040501
GAIPKEVPGP,HLA-B*08:01,99.28660326086957,28395.877755213714,0.02379157830728218
AIPKEVPGPS,HLA-B*08:01,99.28660326086957,28152.7818107658,0.01735253701917827
IPKEVPGPSW,HLA-B*08:01,1.3596467391303406,2879.3910442423,0.7272058017551899
PKEVPGPSWS,HLA-B*08:01,99.28660326086957,31525.609710441622,0.0011525660702318419
KEVPGPSWSL,HLA-B*08:01,8.839293478260856,17350.361285177863,0.4546149196103215
EVPGPSWSLL,HLA-B*08:01,27.61739130434782,15412.50209823685,0.06674700835719705
VPGPSWSLLD,HLA-B*08:01,99.28660326086957,27414.330340316854,0.005071742707514204
PGPSWSLLDL,HLA-B*08:01,62.74467391304348,22250.40745767474,0.0018136391081498004
GPSWSLLDLK,HLA-B*08:01,99.28660326086957,28240.82206061742,0.019621097831986845
PSWSLLDLKT,HLA-B*08:01,99.28660326086957,31895.734490963645,0.0030383523262571543
SWSLLDLKTG,HLA-B*08:01,99.28660326086957,30086.879575720915,0.0023994436232896987
WSLLDLKTGS,HLA-B*08:01,99.28660326086957,31307.027490101867,0.0023641706429771148
SLLDLKTGSC,HLA-B*08:01,31.643179347826077,15025.708521471213,0.03275208099512383
LLDLKTGSCT,HLA-B*08:01,62.74467391304348,21094.792018452583,0.007527011446654797
LDLKTGSCTS,HLA-B*08:01,99.28660326086957,29758.42670992082,0.004973326478648232
DLKTGSCTSR,HLA-B*08:01,27.61739130434782,22283.332840937324,0.18830905389040709
LKTGSCTSRW,HLA-B*08:01,17.305597826086952,31662.008280006547,0.4071860397234559
KTGSCTSRWE,HLA-B*08:01,99.28660326086957,32641.09552259725,0.01415038885170361
TGSCTSRWES,HLA-B*08:01,99.28660326086957,30645.25248312259,0.00023050171239447081
GSCTSRWESA,HLA-B*08:01,99.28660326086957,30522.33303897404,0.040853962673281785
SCTSRWESAW,HLA-B*08:01,99.28660326086957,28851.908189416783,0.017755804175976664
CTSRWESAWS,HLA-B*08:01,99.28660326086957,31999.80542035811,0.005644034532451769
TSRWESAWSG,HLA-B*08:01,99.28660326086957,30683.284293520777,0.003630141814937815
SRWESAWSGL,HLA-B*08:01,24.57923913043477,19624.471803126904,0.19101056223735213
RWESAWSGLS,HLA-B*08:01,99.28660326086957,30451.488425067822,0.0095678403013153
WESAWSGLSP,HLA-B*08:01,99.28660326086957,28825.84257769263,0.03597171220462769
ESAWSGLSPR,HLA-B*08:01,14.277038043478257,27912.420315864474,0.4270693762227893
SAWSGLSPRT,HLA-B*08:01,99.28660326086957,31153.815490278983,0.03638603142462671
AWSGLSPRTG,HLA-B*08:01,99.28660326086957,29635.525524122197,0.006149467750219628
WSGLSPRTGR,HLA-B*08:01,62.74467391304348,28679.43156144307,0.04839553724741563
SGLSPRTGRC,HLA-B*08:01,99.28660326086957,27140.33999118997,0.001891274114314001
GLSPRTGRCG,HLA-B*08:01,99.28660326086957,27876.94743348915,0.010588010307401419
LSPRTGRCGS,HLA-B*08:01,99.28660326086957,28409.430712822712,0.0012790436776413117
SPRTGRCGSE,HLA-B*08:01,46.224673913043475,18632.74864947552,0.021843250666279346
PRTGRCGSEE,HLA-B*08:01,99.28660326086957,30390.012773603998,0.00016575736299273558
RTGRCGSEEA,HLA-B*08:01,99.28660326086957,30871.411807359906,0.0038664114090352086
TGRCGSEEAS,HLA-B*08:01,99.28660326086957,27889.39498644246,0.0003644150483523845
GRCGSEEAST,HLA-B*08:01,99.28660326086957,29363.083289666505,0.0005012256569898454
RCGSEEASTL,HLA-B*08:01,62.74467391304348,20329.09304187783,0.0031014929118100554
CGSEEASTLT,HLA-B*08:01,99.28660326086957,30002.32394552156,0.0002565005652286345
GSEEASTLTI,HLA-B*08:01,62.74467391304348,28118.812390951007,0.07079017418436706
SEEASTLTIP,HLA-B*08:01,16.15755434782608,28728.030990171876,0.39566211216151714
EEASTLTIPA,HLA-B*08:01,37.35904891304347,27603.22315218355,0.15470935468329117
EASTLTIPAA,HLA-B*08:01,20.2322554347826,23692.112147692256,0.2761758081614971
ASTLTIPAAP,HLA-B*08:01,99.28660326086957,30044.47555852772,0.04256808722857386
STLTIPAAPV,HLA-B*08:01,62.74467391304348,26623.261617361706,0.02315781405195594
TLTIPAAPVG,HLA-B*08:01,99.28660326086957,30263.30051932934,0.003141975132166408
LTIPAAPVGL,HLA-B*08:01,9.494239130434764,10016.480341047316,0.28003276139497757
TIPAAPVGLR,HLA-B*08:01,22.19230978260869,24450.05495969292,0.2606590799987316
IPAAPVGLRW,HLA-B*08:01,3.082635869565138,13904.130504056106,0.7509671971201897
PAAPVGLRWL,HLA-B*08:01,62.74467391304348,24732.390656824984,0.04952203796710819
AAPVGLRWLV,HLA-B*08:01,46.224673913043475,26339.83638326301,0.09354951189015992
APVGLRWLVR,HLA-B*08:01,10.231983695652161,22525.41179551754,0.472885400056839
ISVIRTLSTI,HLA-B*08:01,16.15755434782608,13427.466946215409,0.18589705787599087
SVIRTLSTID,HLA-B*08:01,99.28660326086957,31442.84255239914,0.028850144939497113
VIRTLSTIDD,HLA-B*08:01,99.28660326086957,31303.92239363159,0.0065207289953832515
IRTLSTIDDV,HLA-B*08:01,99.28660326086957,28292.63338510139,0.0030146714052534662
RTLSTIDDVE,HLA-B*08:01,99.28660326086957,31809.56906233477,0.024826025823131204
TLSTIDDVED,HLA-B*08:01,99.28660326086957,27742.417599996046,0.002085953688947484
LSTIDDVEDR,HLA-B*08:01,99.28660326086957,27000.750727106606,0.001598837236088002
STIDDVEDRE,HLA-B*08:01,99.28660326086957,28376.05962542733,0.01016258611343801
TIDDVEDREN,HLA-B*08:01,46.224673913043475,19406.087284976547,0.00828571215242846
IDDVEDRENE,HLA-B*08:01,62.74467391304348,21699.496006442147,0.0008349230392923346
GEKIILNFTT,HLA-B*08:01,46.224673913043475,30192.773217749676,0.16137367766350508
EKIILNFTTL,HLA-B*08:01,20.2322554347826,20920.595049428586,0.23912471439689398
KIILNFTTLD,HLA-B*08:01,99.28660326086957,32054.97373589078,0.005713100574212149
IILNFTTLDL,HLA-B*08:01,46.224673913043475,20796.873374659324,0.0135229064617306
ILNFTTLDLY,HLA-B*08:01,62.74467391304348,28326.618236537786,0.059058566941530444
LNFTTLDLYR,HLA-B*08:01,99.28660326086957,31280.717490612504,0.008036940649617463
NFTTLDLYRS,HLA-B*08:01,99.28660326086957,32478.562736126823,0.01879061947693117
FTTLDLYRSR,HLA-B*08:01,46.224673913043475,30891.57968347603,0.15402161236852407
TTLDLYRSRL,HLA-B*08:01,31.643179347826077,21055.73521221086,0.12140685087069869
TLDLYRSRLC,HLA-B*08:01,62.74467391304348,23330.214623913256,0.0017737610360200051
KQNEELDRQK,HLA-B*08:01,62.74467391304348,26895.660170197898,0.03703262022463605
QNEELDRQKR,HLA-B*08:01,99.28660326086957,26982.345337653638,0.005378502228268189
NEELDRQKRI,HLA-B*08:01,62.74467391304348,25603.818829419488,0.01192340487614274
EELDRQKRIG,HLA-B*08:01,99.28660326086957,27624.48273571641,0.015297894511604682
ELDRQKRIGN,HLA-B*08:01,99.28660326086957,27281.83025026161,0.004243864517775364
LDRQKRIGNT,HLA-B*08:01,62.74467391304348,25173.603466366225,0.0024360456882277504
DRQKRIGNTR,HLA-B*08:01,31.643179347826077,22150.019395146082,0.16241755988448858
RQKRIGNTRK,HLA-B*08:01,62.74467391304348,27901.82965344767,0.039384729287121445
QKRIGNTRKM,HLA-B*08:01,62.74467391304348,27443.40407198517,0.0246496275649406
KRIGNTRKMI,HLA-B*08:01,62.74467391304348,22161.098022527396,0.025947104673832655
DSCDQRQLSE,HLA-B*08:01,99.28660326086957,28199.57583226129,0.003007515500939917
SCDQRQLSEC,HLA-B*08:01,46.224673913043475,19286.403453605195,0.001038663336657919
CDQRQLSECD,HLA-B*08:01,99.28660326086957,28084.2005715028,0.0004363058014860144
DQRQLSECDE,HLA-B*08:01,99.28660326086957,29480.944328629565,0.03261160635156557
QRQLSECDEP,HLA-B*08:01,99.28660326086957,30381.41991749054,0.0005732332811021479
RQLSECDEPQ,HLA-B*08:01,99.28660326086957,30428.322041067186,0.014950361975934356
QLSECDEPQP,HLA-B*08:01,99.28660326086957,29376.805410462817,0.0019344297179486603
LSECDEPQPH,HLA-B*08:01,99.28660326086957,29562.466816052045,0.0045564905885839835
SECDEPQPHH,HLA-B*08:01,99.28660326086957,29363.913549360634,0.015835379410418682
ECDEPQPHHS,HLA-B*08:01,99.28660326086957,26749.07759923238,0.0028990750724915415
DEEDEEEEED,HLA-B*08:01,46.224673913043475,19490.56783532189,0.00010386346639279509
EEDEEEEEDF,HLA-B*08:01,22.19230978260869,9556.102586504498,0.0003980467845394742
EDEEEEEDFK,HLA-B*08:01,46.224673913043475,17697.521699872137,0.00033213836832146626
DEEEEEDFKP,HLA-B*08:01,62.74467391304348,26165.641065444248,0.014562724390998483
SDSVSSINSV,HLA-B*08:01,62.74467391304348,24361.771279557914,0.04291622433811426
DSVSSINSVT,HLA-B*08:01,99.28660326086957,28714.275116815654,0.005616962938802317
SVSSINSVTS,HLA-B*08:01,99.28660326086957,30142.864037584346,0.017040354199707508
VSSINSVTSH,HLA-B*08:01,62.74467391304348,29254.630826399007,0.04253068577963859
SSINSVTSHS,HLA-B*08:01,99.28660326086957,31757.310753932576,0.0029667898634215817
SINSVTSHSS,HLA-B*08:01,99.28660326086957,29358.509530024283,0.00874333041429054
INSVTSHSSV,HLA-B*08:01,99.28660326086957,26498.895612208435,0.0017412419110769406
NSVTSHSSVG,HLA-B*08:01,99.28660326086957,31270.176869545146,0.0023695615855103824
SVTSHSSVGS,HLA-B*08:01,99.28660326086957,31138.056661728107,0.004758644994581118
VTSHSSVGSN,HLA-B*08:01,99.28660326086957,31005.994022425857,0.0005158745934750186
KHGKRFHATI,HLA-B*08:01,62.74467391304348,21840.336465850887,0.01143310050247237
HGKRFHATIS,HLA-B*08:01,99.28660326086957,28118.5369810154,0.0014108458817645442
GKRFHATISF,HLA-B*08:01,9.494239130434764,27121.050720320836,0.5526284766383469
KRFHATISFD,HLA-B*08:01,99.28660326086957,31991.9092735761,0.015497557702474296
RFHATISFDT,HLA-B*08:01,99.28660326086957,31500.654083605445,0.01199639672995545
FHATISFDTD,HLA-B*08:01,99.28660326086957,31396.006536928122,0.013241624823422171
HATISFDTDT,HLA-B*08:01,99.28660326086957,31390.838390848505,0.002792177489027381
ATISFDTDTG,HLA-B*08:01,62.74467391304348,31996.808106234912,0.078371457522735
TISFDTDTGL,HLA-B*08:01,99.28660326086957,26689.16070269589,0.00972964710672386
ISFDTDTGLK,HLA-B*08:01,62.74467391304348,28001.49075717669,0.06851682186243124
GPPISSCDTR,HLA-B*08:01,62.74467391304348,23811.94956505782,0.011173828526807483
PPISSCDTRT,HLA-B*08:01,99.28660326086957,29172.511375971197,0.0003963905546697788
PISSCDTRTM,HLA-B*08:01,99.28660326086957,25525.173987098562,0.004517163113632705
ISSCDTRTMA,HLA-B*08:01,62.74467391304348,29682.986635327616,0.04798858363938052
SSCDTRTMAN,HLA-B*08:01,99.28660326086957,30830.819846913117,0.00176592684147181
SCDTRTMANC,HLA-B*08:01,62.74467391304348,24371.01186139957,0.0010551343139013625
CDTRTMANCE,HLA-B*08:01,99.28660326086957,30055.925174313234,0.0004617612394213211
DTRTMANCER,HLA-B*08:01,99.28660326086957,27903.552758231395,0.025342724577058107
TRTMANCERT,HLA-B*08:01,99.28660326086957,31334.766321735846,0.0005038683211751049
RTMANCERTF,HLA-B*08:01,11.115788043478247,21676.37242269332,0.4354678560048342
RLCGTDEKIA,HLA-B*08:01,62.74467391304348,29005.127051587446,0.04352426034165546
LCGTDEKIAN,HLA-B*08:01,99.28660326086957,29349.602519248532,0.00021767058024124708
CGTDEKIANV,HLA-B*08:01,62.74467391304348,24217.274905914895,0.009610217923182063
GTDEKIANVT,HLA-B*08:01,62.74467391304348,27787.735756206257,0.07976527267601341
TDEKIANVTE,HLA-B*08:01,99.28660326086957,26874.141154511122,0.013715118599066045
DEKIANVTED,HLA-B*08:01,99.28660326086957,28624.862148517925,0.018839739088434726
EKIANVTEDA,HLA-B*08:01,99.28660326086957,30903.082446608467,0.02127271829522215
KIANVTEDAK,HLA-B*08:01,62.74467391304348,28577.96081107176,0.05798794300062582
IANVTEDAKR,HLA-B*08:01,99.28660326086957,28812.385364347327,0.015004037457401864
GCKAYWKVCF,HLA-B*08:01,99.28660326086957,26665.025546596113,0.01365330137195997
CKAYWKVCFH,HLA-B*08:01,62.74467391304348,32746.134394287976,0.0805507629411295
KAYWKVCFHY,HLA-B*08:01,22.19230978260869,29787.763941272773,0.3179935053922236
AYWKVCFHYN,HLA-B*08:01,99.28660326086957,31912.004503291417,0.022703536582412198
YWKVCFHYNL,HLA-B*08:01,62.74467391304348,21024.13583832246,0.0056776412020553835
WKVCFHYNLH,HLA-B*08:01,99.28660326086957,33125.45337548284,0.009386908583110198
KVCFHYNLHK,HLA-B*08:01,99.28660326086957,30763.806357198016,0.005412590864580125
VCFHYNLHKA,HLA-B*08:01,99.28660326086957,29850.994505719686,0.01856572352699004
CFHYNLHKAQ,HLA-B*08:01,99.28660326086957,32243.0001369736,0.00489898786690901
FHYNLHKAQP,HLA-B*08:01,99.28660326086957,29630.338802545662,0.025986398628447205
NECGKSFGRSC,HLA-B*08:01,46.224673913043475,21395.550236307186,0.03188979846891016
ECGKSFGRSCH,HLA-B*08:01,99.28660326086957,29513.387319616166,0.0037746335055999225
CGKSFGRSCHL,HLA-B*08:01,37.35904891304347,15436.030756625301,0.003913338950951584
GKSFGRSCHLI,HLA-B*08:01,37.35904891304347,30739.175926169468,0.20537597069051117
KSFGRSCHLIQ,HLA-B*08:01,62.74467391304348,31684.971836735203,0.0760780552518554
SFGRSCHLIQH,HLA-B*08:01,99.28660326086957,31606.198355155877,0.031009283098683227
FGRSCHLIQHQ,HLA-B*08:01,99.28660326086957,31377.793565764405,0.0033047299984900746
GRSCHLIQHQT,HLA-B*08:01,99.28660326086957,30976.05553366015,0.03579959267517552
RSCHLIQHQTI,HLA-B*08:01,13.500896739130425,29083.855852424243,0.4576273448765278
SCHLIQHQTIH,HLA-B*08:01,99.28660326086957,31551.88506996533,0.0025341560894958093
CHLIQHQTIHT,HLA-B*08:01,99.28660326086957,31310.164192479435,0.015986910220817663
AGSSQKAREER,HLA-B*08:01,99.28660326086957,27848.729373180104,0.0007083491182129364
GSSQKAREERA,HLA-B*08:01,99.28660326086957,31478.004086089353,0.0006086394041631138
SSQKAREERAL,HLA-B*08:01,46.224673913043475,19946.25002029159,0.008760127981076948
SQKAREERALL,HLA-B*08:01,18.61798913043478,13592.073072836238,0.15721336659044027
QKAREERALLP,HLA-B*08:01,62.74467391304348,32215.141011700605,0.07760955789126456
KAREERALLPL,HLA-B*08:01,15.160951086956516,6495.43394302416,0.013642243895446882
AREERALLPLE,HLA-B*08:01,99.28660326086957,31239.007315032115,0.026272594928741455
REERALLPLEL,HLA-B*08:01,31.643179347826077,24829.73363761644,0.17653089482337236
EERALLPLELQ,HLA-B*08:01,99.28660326086957,31072.470802364413,0.017995925969444215
ERALLPLELQD,HLA-B*08:01,99.28660326086957,30882.221250468367,0.017852301331004128
RALLPLELQDD,HLA-B*08:01,99.28660326086957,31969.77519632029,0.022586548642721027
RSGSSFSRRAA,HLA-B*08:01,46.224673913043475,30981.30773852136,0.15245011541992426
SGSSFSRRAAP,HLA-B*08:01,99.28660326086957,29913.155973010864,0.010986726471855945
GSSFSRRAAPV,HLA-B*08:01,99.28660326086957,29974.93968055466,0.0034643970648176037
SSFSRRAAPVA,HLA-B*08:01,31.643179347826077,25621.554976985168,0.19197551114484668
SFSRRAAPVAT,HLA-B*08:01,99.28660326086957,29510.377095054835,0.005648398197081406
FSRRAAPVATP,HLA-B*08:01,99.28660326086957,29603.98207807684,0.033361752139171585
SRRAAPVATPA,HLA-B*08:01,46.224673913043475,22918.615899550674,0.08137142017949373
RRAAPVATPAL,HLA-B*08:01,17.305597826086952,12259.053082133383,0.14226746279746294
RAAPVATPALL,HLA-B*08:01,10.231983695652161,10261.596532673415,0.258177749812603
AAPVATPALLT,HLA-B*08:01,99.28660326086957,30743.219786924365,0.045355653506703675
APVATPALLTS,HLA-B*08:01,31.643179347826077,24169.65563838719,0.15523277781903744
PVATPALLTSH,HLA-B*08:01,46.224673913043475,30746.987191933844,0.12033224618062377
VATPALLTSHR,HLA-B*08:01,18.61798913043478,30412.724376473565,0.37565894424915314
ATPALLTSHRS,HLA-B*08:01,99.28660326086957,32742.543296024804,0.039982459507882595
TPALLTSHRSL,HLA-B*08:01,3.8525271739129607,1683.8296600920992,0.08578518533613533
PALLTSHRSLG,HLA-B*08:01,99.28660326086957,32235.91672663662,0.002418353804387152
ALLTSHRSLGN,HLA-B*08:01,99.28660326086957,32037.378997516553,0.004230668768286705
LLTSHRSLGNT,HLA-B*08:01,99.28660326086957,31667.419680351042,0.0011016681055480149
LTSHRSLGNTR,HLA-B*08:01,62.74467391304348,28409.473539358274,0.0469402541857562
TSHRSLGNTRH,HLA-B*08:01,99.28660326086957,32045.04386186219,0.006143674425402423
SHRSLGNTRHK,HLA-B*08:01,99.28660326086957,31065.500170254818,0.02007297391537577
GAVGATAVYPT,HLA-B*08:01,99.28660326086957,31211.50522365636,0.024073773296549916
AVGATAVYPTD,HLA-B*08:01,99.28660326086957,31983.14747302945,0.002567948378782603
VGATAVYPTDL,HLA-B*08:01,99.28660326086957,28675.230356838852,0.005193680306547321
GATAVYPTDLV,HLA-B*08:01,99.28660326086957,31696.55213349245,0.009790389362024143
ATAVYPTDLVK,HLA-B*08:01,12.187228260869546,30841.59935142955,0.5024365447461605
TAVYPTDLVKT,HLA-B*08:01,12.187228260869546,32119.73249138842,0.521487683057785
AVYPTDLVKTR,HLA-B*08:01,3.132635869565135,28487.299515983857,0.9408041015267372
VYPTDLVKTRM,HLA-B*08:01,10.231983695652161,25209.39003337507,0.5066023794934154
YPTDLVKTRMQ,HLA-B*08:01,37.35904891304347,29845.018696596464,0.16868024785071611
PTDLVKTRMQN,HLA-B*08:01,99.28660326086957,30620.122758725283,0.0056339168004342355
TDLVKTRMQNQ,HLA-B*08:01,99.28660326086957,31061.70725967264,0.025784009194467217
LSKELYALGVV,HLA-B*08:01,99.28660326086957,30690.304678288518,0.006318885658401996
SKELYALGVVD,HLA-B*08:01,99.28660326086957,32002.889053773382,0.007424209077726118
KELYALGVVDG,HLA-B*08:01,99.28660326086957,32194.64360342102,0.04946010559797287
ELYALGVVDGL,HLA-B*08:01,46.224673913043475,24273.46393452378,0.08160499384393916
LYALGVVDGLH,HLA-B*08:01,99.28660326086957,31247.78604732799,0.011585938336793333
YALGVVDGLHT,HLA-B*08:01,99.28660326086957,31716.35478393677,0.05666767596267164
ALGVVDGLHTV,HLA-B*08:01,16.15755434782608,26396.852616578162,0.3772844113409519
LGVVDGLHTVH,HLA-B*08:01,99.28660326086957,30645.66405869963,0.03613096787012182
GVVDGLHTVHG,HLA-B*08:01,62.74467391304348,31693.406806327916,0.1231931748916395
VVDGLHTVHGT,HLA-B*08:01,99.28660326086957,29009.035747488902,0.02773916114529129
VDGLHTVHGTY,HLA-B*08:01,62.74467391304348,29484.861763696237,0.1027756875846535
KNKNSSKPQKK,HLA-B*08:01,99.28660326086957,29463.149103811636,0.0023827013501431793
NKNSSKPQKKN,HLA-B*08:01,99.28660326086957,31486.19079921672,0.0007729835651844041
KNSSKPQKKNG,HLA-B*08:01,99.28660326086957,31698.779173739753,0.0004033083923786762
NSSKPQKKNGS,HLA-B*08:01,99.28660326086957,30648.508305714837,0.0013181067997720675
SSKPQKKNGST,HLA-B*08:01,99.28660326086957,26554.240668164122,0.000595023429923458
SKPQKKNGSTW,HLA-B*08:01,31.643179347826077,25988.9684421221,0.20223800069652498
KPQKKNGSTWA,HLA-B*08:01,62.74467391304348,23717.711848538118,0.022716014042089228
PQKKNGSTWAN,HLA-B*08:01,99.28660326086957,30167.302346387165,0.0018635389096743893
QKKNGSTWANV,HLA-B*08:01,99.28660326086957,31215.996359175442,0.012886691663879901
KKNGSTWANVP,HLA-B*08:01,99.28660326086957,31879.703424893785,0.060369450991856866
KNGSTWANVPL,HLA-B*08:01,99.28660326086957,29757.339172699976,0.0012214880043757148
SRVNKLKREMG,HLA-B*08:01,99.28660326086957,30114.311727013126,0.012238740160682937
RVNKLKREMGH,HLA-B*08:01,99.28660326086957,30621.16851392517,0.03301989519968629
VNKLKREMGHL,HLA-B*08:01,62.74467391304348,24002.839114871615,0.004380719052278437
NKLKREMGHLQ,HLA-B*08:01,62.74467391304348,31290.76612310352,0.07310035833506845
KLKREMGHLQH,HLA-B*08:01,62.74467391304348,30342.37987310514,0.08781285537406802
LKREMGHLQHE,HLA-B*08:01,99.28660326086957,32393.722877317945,0.011683477980113821
KREMGHLQHEL,HLA-B*08:01,46.224673913043475,23120.660249202007,0.07186628691852093
REMGHLQHELQ,HLA-B*08:01,62.74467391304348,30557.424161185158,0.05630512582138181
EMGHLQHELQF,HLA-B*08:01,62.74467391304348,26423.600503830454,0.0591824883595109
MGHLQHELQFK,HLA-B*08:01,62.74467391304348,30586.521240764723,0.08635551563929766
GHLQHELQFKE,HLA-B*08:01,99.28660326086957,31577.67537044535,0.020888319879304618
KSAAKAVKPKV,HLA-B*08:01,99.28660326086957,29094.108054305365,0.01864720368757844
SAAKAVKPKVV,HLA-B*08:01,31.643179347826077,28735.046966986592,0.21447248198091984
AAKAVKPKVVK,HLA-B*08:01,27.61739130434782,24231.357400006356,0.199575106613338
AKAVKPKVVKP,HLA-B*08:01,6.962798913043457,31080.934139063687,0.6863517202436924
KAVKPKVVKPK,HLA-B*08:01,27.61739130434782,28191.928565510756,0.2470601238310337
AVKPKVVKPKK,HLA-B*08:01,24.57923913043477,27823.94564695755,0.2826066352427006
VKPKVVKPKKA,HLA-B*08:01,27.61739130434782,32195.98353379846,0.2673903335817158
PAVTLSPNGKS,HLA-B*08:01,99.28660326086957,31470.250776927784,0.000626135666607297
AVTLSPNGKSL,HLA-B*08:01,62.74467391304348,21564.36569524333,0.01761763170361519
VTLSPNGKSLA,HLA-B*08:01,62.74467391304348,29852.314323347207,0.05202793923672289
TLSPNGKSLAC,HLA-B*08:01,22.19230978260869,9238.627849670833,0.005009584900108166
LSPNGKSLACQ,HLA-B*08:01,99.28660326086957,28998.279597766228,0.017974070069612935
SPNGKSLACQS,HLA-B*08:01,37.35904891304347,17095.494898737557,0.023746145074255764
PNGKSLACQSM,HLA-B*08:01,99.28660326086957,26930.436778476233,0.003669496396469185
NGKSLACQSMD,HLA-B*08:01,99.28660326086957,30232.094177258517,0.0006752727040293394
GKSLACQSMDN,HLA-B*08:01,99.28660326086957,32212.362298596636,0.012689301667705877
KSLACQSMDNQ,HLA-B*08:01,99.28660326086957,32240.02013293911,0.005611242188024335
SLACQSMDNQI,HLA-B*08:01,99.28660326086957,28356.174977869916,0.011761824287532363
SCGPHDLLWAH,HLA-B*08:01,99.28660326086957,29278.14330699239,0.028825398156186566
CGPHDLLWAHS,HLA-B*08:01,99.28660326086957,32049.921635496365,0.005796288518467918
GPHDLLWAHSG,HLA-B*08:01,37.35904891304347,26082.31916370156,0.1329653228749521
PHDLLWAHSGR,HLA-B*08:01,62.74467391304348,29072.867005833203,0.06483757533715107
HDLLWAHSGRD,HLA-B*08:01,99.28660326086957,31482.578490325744,0.002443472701997962
DLLWAHSGRDR,HLA-B*08:01,46.224673913043475,29694.32996973031,0.12010333396028727
LLWAHSGRDRP,HLA-B*08:01,99.28660326086957,32132.78204710862,0.013225600268924609
LWAHSGRDRPW,HLA-B*08:01,99.28660326086957,30849.984385756765,0.018808259308570996
WAHSGRDRPWS,HLA-B*08:01,99.28660326086957,32483.25740369824,0.00373369621229358
AHSGRDRPWSG,HLA-B*08:01,99.28660326086957,29220.552184903714,0.015245328337186947
HSGRDRPWSGK,HLA-B*08:01,62.74467391304348,28536.015379538032,0.03961703088134527
SGRDRPWSGKE,HLA-B*08:01,99.28660326086957,29576.54056786468,0.0084062157839071
GRDRPWSGKES,HLA-B*08:01,99.28660326086957,30058.83548109812,0.007758681655104738
RDRPWSGKEST,HLA-B*08:01,62.74467391304348,28977.44348895931,0.04003157546685543
DRPWSGKESTG,HLA-B*08:01,99.28660326086957,27029.5063404879,0.016917864813876804
RPWSGKESTGA,HLA-B*08:01,14.277038043478257,11098.356836092666,0.17547197919338942
PWSGKESTGAI,HLA-B*08:01,62.74467391304348,24301.976551718653,0.0005544485629798146
WSGKESTGAIP,HLA-B*08:01,99.28660326086957,31025.76253877753,0.004200707608106313
SGKESTGAIPK,HLA-B*08:01,31.643179347826077,18964.764394417183,0.08576490025734529
GKESTGAIPKE,HLA-B*08:01,46.224673913043475,31749.536318717503,0.13022133905542432
KESTGAIPKEV,HLA-B*08:01,62.74467391304348,28908.818190455928,0.05413936701370403
ESTGAIPKEVP,HLA-B*08:01,62.74467391304348,30403.070212135026,0.08116799290291965
STGAIPKEVPG,HLA-B*08:01,99.28660326086957,29088.951837865367,0.011878652032464743
TGAIPKEVPGP,HLA-B*08:01,62.74467391304348,26843.31527965711,0.0261554608005099
GAIPKEVPGPS,HLA-B*08:01,99.28660326086957,27325.40958995927,0.006582363224879373
AIPKEVPGPSW,HLA-B*08:01,10.655842391304333,25346.684924461657,0.4978401241824031
IPKEVPGPSWS,HLA-B*08:01,62.74467391304348,25557.682302779587,0.03207439978723414
PKEVPGPSWSL,HLA-B*08:01,62.74467391304348,25356.761768551092,0.03834380494663492
KEVPGPSWSLL,HLA-B*08:01,46.224673913043475,23914.309523946107,0.05797154130414128
EVPGPSWSLLD,HLA-B*08:01,99.28660326086957,31116.744611806196,0.015126193669857457
VPGPSWSLLDL,HLA-B*08:01,16.15755434782608,7016.56669602535,0.021214990119915456
PGPSWSLLDLK,HLA-B*08:01,99.28660326086957,30858.386252253164,0.003872179593599867
GPSWSLLDLKT,HLA-B*08:01,99.28660326086957,29916.24406103188,0.013019066595006734
PSWSLLDLKTG,HLA-B*08:01,99.28660326086957,32071.41371964309,0.005711463723855559
SWSLLDLKTGS,HLA-B*08:01,99.28660326086957,30911.071169098057,0.0009776445076568052
WSLLDLKTGSC,HLA-B*08:01,99.28660326086957,28344.458648117507,0.002746913613009383
SLLDLKTGSCT,HLA-B*08:01,46.224673913043475,27401.77838261147,0.0916860206052661
LLDLKTGSCTS,HLA-B*08:01,99.28660326086957,26079.751081056096,0.005473891826113686
LDLKTGSCTSR,HLA-B*08:01,46.224673913043475,28791.72007807089,0.1451475905487314
DLKTGSCTSRW,HLA-B*08:01,5.554945652173885,26277.6657811633,0.7145425640046597
LKTGSCTSRWE,HLA-B*08:01,99.28660326086957,32890.65072617812,0.005085781929665245
KTGSCTSRWES,HLA-B*08:01,99.28660326086957,32287.7261076346,0.0164444793954317
TGSCTSRWESA,HLA-B*08:01,99.28660326086957,29491.919570166443,0.007341763435761095
GSCTSRWESAW,HLA-B*08:01,62.74467391304348,30379.81245611623,0.09497792791808024
SCTSRWESAWS,HLA-B*08:01,99.28660326086957,32306.243529169096,0.000568116764043225
CTSRWESAWSG,HLA-B*08:01,99.28660326086957,30974.33183881648,0.02298026547941845
TSRWESAWSGL,HLA-B*08:01,62.74467391304348,24713.919118768914,0.011013089620973915
SRWESAWSGLS,HLA-B*08:01,62.74467391304348,30317.030487270313,0.0579223035601899
RWESAWSGLSP,HLA-B*08:01,37.35904891304347,30283.673320536647,0.2047631855821237
WESAWSGLSPR,HLA-B*08:01,62.74467391304348,29417.167681777453,0.0962983735371381
ESAWSGLSPRT,HLA-B*08:01,99.28660326086957,31712.539544818956,0.03869031899375841
SAWSGLSPRTG,HLA-B*08:01,31.643179347826077,29458.97629345491,0.2106985584832728
AWSGLSPRTGR,HLA-B*08:01,62.74467391304348,28849.39521031355,0.06691216444596648
WSGLSPRTGRC,HLA-B*08:01,99.28660326086957,29553.215850583245,0.0010392496769782156
SGLSPRTGRCG,HLA-B*08:01,99.28660326086957,27632.7569446675,0.004773254171595909
GLSPRTGRCGS,HLA-B*08:01,99.28660326086957,27552.54516301123,0.004287568444851786
LSPRTGRCGSE,HLA-B*08:01,99.28660326086957,29267.479898867383,0.0008933891185733955
SPRTGRCGSEE,HLA-B*08:01,46.224673913043475,19296.123692872523,0.022018608811777085
PRTGRCGSEEA,HLA-B*08:01,99.28660326086957,28388.363079270133,0.0011408512546040583
RTGRCGSEEAS,HLA-B*08:01,99.28660326086957,31292.200238815847,0.000816417425085092
TGRCGSEEAST,HLA-B*08:01,99.28660326086957,27199.800320073427,0.0003457773018453736
GRCGSEEASTL,HLA-B*08:01,37.35904891304347,17259.893294062607,0.029446586617268622
RCGSEEASTLT,HLA-B*08:01,99.28660326086957,31213.373966821084,0.0001977923784579616
CGSEEASTLTI,HLA-B*08:01,62.74467391304348,25234.961519255066,0.00463046740333084
GSEEASTLTIP,HLA-B*08:01,24.57923913043477,31051.30433123819,0.3120196620002389
SEEASTLTIPA,HLA-B*08:01,46.224673913043475,27395.621717648544,0.11763507244177163
EEASTLTIPAA,HLA-B*08:01,14.277038043478257,28301.63325957714,0.43792240973562
EASTLTIPAAP,HLA-B*08:01,62.74467391304348,29726.35920678062,0.057519712252542377
ASTLTIPAAPV,HLA-B*08:01,99.28660326086957,29951.082508402495,0.00993699392711278
STLTIPAAPVG,HLA-B*08:01,99.28660326086957,30836.485055260022,0.03246725635835901
TLTIPAAPVGL,HLA-B*08:01,46.224673913043475,22133.523799884966,0.03431011876091361
LTIPAAPVGLR,HLA-B*08:01,9.494239130434764,28527.742414781358,0.5642124470323324
TIPAAPVGLRW,HLA-B*08:01,10.655842391304333,28978.458605506545,0.5388049520552158
IPAAPVGLRWL,HLA-B*08:01,8.545326086956507,7165.475090202724,0.21771233016625047
PAAPVGLRWLV,HLA-B*08:01,62.74467391304348,28485.341043451182,0.04933510918635875
AAPVGLRWLVR,HLA-B*08:01,17.305597826086952,31184.078627216677,0.399857378564775
LISVIRTLSTI,HLA-B*08:01,62.74467391304348,22971.50057385533,0.036128486157394946
ISVIRTLSTID,HLA-B*08:01,99.28660326086957,31433.71076954562,0.008081576699623838
SVIRTLSTIDD,HLA-B*08:01,99.28660326086957,31904.741241648888,0.04414614080451429
VIRTLSTIDDV,HLA-B*08:01,99.28660326086957,30300.40960050688,0.008218926814151928
IRTLSTIDDVE,HLA-B*08:01,99.28660326086957,30254.291558361445,0.007885866951255593
RTLSTIDDVED,HLA-B*08:01,99.28660326086957,31086.902548994945,0.02002058527432382
TLSTIDDVEDR,HLA-B*08:01,62.74467391304348,22835.02781507431,0.009686271572718397
LSTIDDVEDRE,HLA-B*08:01,99.28660326086957,29827.075603515863,0.0007463667934644036
STIDDVEDREN,HLA-B*08:01,99.28660326086957,27996.644298167375,0.006809540660469793
TIDDVEDRENE,HLA-B*08:01,46.224673913043475,18446.829818986676,0.012134812313888688
IDDVEDRENEK,HLA-B*08:01,37.35904891304347,16293.090642447743,0.0013891550461266888
PGEKIILNFTT,HLA-B*08:01,99.28660326086957,31279.90174676557,0.008901543274987489
GEKIILNFTTL,HLA-B*08:01,12.187228260869546,26209.2379162766,0.4596812315285206
EKIILNFTTLD,HLA-B*08:01,99.28660326086957,32752.872412094603,0.01292968670168193
KIILNFTTLDL,HLA-B*08:01,99.28660326086957,29190.88618745847,0.02728339930763468
IILNFTTLDLY,HLA-B*08:01,99.28660326086957,32319.69205951756,0.04529287462355569
ILNFTTLDLYR,HLA-B*08:01,46.224673913043475,31443.47193009119,0.1286038898397237
LNFTTLDLYRS,HLA-B*08:01,99.28660326086957,32879.95352916431,0.013748213132203091
NFTTLDLYRSR,HLA-B*08:01,37.35904891304347,31116.079006031723,0.2108351404312998
FTTLDLYRSRL,HLA-B*08:01,99.28660326086957,30595.072834268063,0.024455157821648754
TTLDLYRSRLC,HLA-B*08:01,99.28660326086957,31006.0170178872,0.01390477066161111
TLDLYRSRLCW,HLA-B*08:01,46.224673913043475,27017.924126115944,0.11341619153972715
VKQNEELDRQK,HLA-B*08:01,62.74467391304348,29697.386489669894,0.046854653730406426
KQNEELDRQKR,HLA-B*08:01,46.224673913043475,25498.010242615477,0.10201002057874575
QNEELDRQKRI,HLA-B*08:01,99.28660326086957,29413.556223698743,0.009490138705587015
NEELDRQKRIG,HLA-B*08:01,99.28660326086957,28907.376380227863,0.01050247462990228
EELDRQKRIGN,HLA-B*08:01,99.28660326086957,28931.647614358586,0.010777095580124296
ELDRQKRIGNT,HLA-B*08:01,99.28660326086957,29388.205983956355,0.00928119829040952
LDRQKRIGNTR,HLA-B*08:01,62.74467391304348,25770.3972713577,0.03533935559971724
DRQKRIGNTRK,HLA-B*08:01,46.224673913043475,26557.012933554703,0.11622257670387626
RQKRIGNTRKM,HLA-B*08:01,37.35904891304347,23987.483864120484,0.13165014307014644
QKRIGNTRKMI,HLA-B*08:01,99.28660326086957,30117.050454162036,0.040381169761531055
KRIGNTRKMIE,HLA-B*08:01,99.28660326086957,29830.231515593325,0.014694360725115985
TDSCDQRQLSE,HLA-B*08:01,99.28660326086957,27908.538676129603,0.0006644086115557002
DSCDQRQLSEC,HLA-B*08:01,62.74467391304348,23342.3083334293,0.005098704845295288
SCDQRQLSECD,HLA-B*08:01,99.28660326086957,25655.041412367587,0.0007290392259164946
CDQRQLSECDE,HLA-B*08:01,99.28660326086957,28226.954741111982,0.0003409900973565527
DQRQLSECDEP,HLA-B*08:01,62.74467391304348,28896.891570627686,0.06881125259678811
QRQLSECDEPQ,HLA-B*08:01,99.28660326086957,29699.935386192683,0.0005450366243167082
RQLSECDEPQP,HLA-B*08:01,99.28660326086957,30617.137375373968,0.04394212004262954
QLSECDEPQPH,HLA-B*08:01,99.28660326086957,27484.236539307753,0.0013113568256812869
LSECDEPQPHH,HLA-B*08:01,99.28660326086957,31206.746938030225,0.01021501506329514
SECDEPQPHHS,HLA-B*08:01,99.28660326086957,29237.457615723462,0.007257789075083565
ECDEPQPHHST,HLA-B*08:01,62.74467391304348,24792.590456190457,0.004563487142149825
EDEEDEEEEED,HLA-B*08:01,46.224673913043475,18895.613052731933,8.970540648078895e-05
DEEDEEEEEDF,HLA-B*08:01,27.61739130434782,11750.385414631393,0.00023512941061198944
EEDEEEEEDFK,HLA-B*08:01,24.57923913043477,10154.16922389711,0.000634937071481545
EDEEEEEDFKP,HLA-B*08:01,99.28660326086957,26741.507436573957,0.012539498915430158
DEEEEEDFKPS,HLA-B*08:01,62.74467391304348,24975.308334343517,0.0008227330035879277
SSDSVSSINSV,HLA-B*08:01,31.643179347826077,23090.873291185675,0.14664801536127925
SDSVSSINSVT,HLA-B*08:01,99.28660326086957,29480.77190927468,0.002040015664533712
DSVSSINSVTS,HLA-B*08:01,99.28660326086957,29654.21348788534,0.02175846108002588
SVSSINSVTSH,HLA-B*08:01,24.57923913043477,27926.426672646598,0.28904672618955374
VSSINSVTSHS,HLA-B*08:01,99.28660326086957,31443.99688584085,0.0011397433590900619
SSINSVTSHSS,HLA-B*08:01,99.28660326086957,31516.64983863303,0.004166489190538414
SINSVTSHSSV,HLA-B*08:01,62.74467391304348,26837.58924734819,0.029605241550598294
INSVTSHSSVG,HLA-B*08:01,99.28660326086957,31149.10002422302,0.0009230423856934067
NSVTSHSSVGS,HLA-B*08:01,99.28660326086957,31038.69178881527,0.0014100723310548346
SVTSHSSVGSN,HLA-B*08:01,99.28660326086957,30102.970425937376,0.005890407366678119
VTSHSSVGSNI,HLA-B*08:01,99.28660326086957,28139.963087917524,0.028488061390817165
LKHGKRFHATI,HLA-B*08:01,62.74467391304348,28232.68964015968,0.07628100150031969
KHGKRFHATIS,HLA-B*08:01,99.28660326086957,31705.77522630076,0.004227535129757598
HGKRFHATISF,HLA-B*08:01,37.35904891304347,18610.52161188779,0.06803555507212877
GKRFHATISFD,HLA-B*08:01,99.28660326086957,33270.61085138998,0.027714971995010274
KRFHATISFDT,HLA-B*08:01,99.28660326086957,31763.03354267089,0.0272782338433899
RFHATISFDTD,HLA-B*08:01,99.28660326086957,32472.969140022535,0.02168875650386326
FHATISFDTDT,HLA-B*08:01,99.28660326086957,31260.184744931816,0.003933529493224341
HATISFDTDTG,HLA-B*08:01,99.28660326086957,30573.245516293184,0.010650619260559324
ATISFDTDTGL,HLA-B*08:01,27.61739130434782,29166.713125373353,0.2521062735468149
TISFDTDTGLK,HLA-B*08:01,62.74467391304348,26643.057345909816,0.0397772577998694
ISFDTDTGLKQ,HLA-B*08:01,62.74467391304348,30637.34394388511,0.0797048641834408
EGPPISSCDTR,HLA-B*08:01,46.224673913043475,24134.725080636872,0.05375519272638485
GPPISSCDTRT,HLA-B*08:01,99.28660326086957,29341.775606549225,0.0007932989792607259
PPISSCDTRTM,HLA-B*08:01,27.61739130434782,11405.6310010503,0.008898738684365526
PISSCDTRTMA,HLA-B*08:01,99.28660326086957,30630.561052964178,0.018064362957375124
ISSCDTRTMAN,HLA-B*08:01,99.28660326086957,30705.72161430218,0.0018871026477427222
SSCDTRTMANC,HLA-B*08:01,99.28660326086957,28685.49310254124,0.0070767084616818465
SCDTRTMANCE,HLA-B*08:01,99.28660326086957,27391.584286823025,0.0008291473495773971
CDTRTMANCER,HLA-B*08:01,99.28660326086957,30452.63582255282,0.004106745862372918
DTRTMANCERT,HLA-B*08:01,99.28660326086957,31281.647741937584,0.014219579170458019
TRTMANCERTF,HLA-B*08:01,62.74467391304348,27059.616858115707,0.042819976806640625
RTMANCERTFI,HLA-B*08:01,37.35904891304347,27159.18418840797,0.1689692265354097
FRLCGTDEKIA,HLA-B*08:01,99.28660326086957,29131.77285744903,0.010186567738855956
RLCGTDEKIAN,HLA-B*08:01,99.28660326086957,28964.575347823764,0.018515445641241968
LCGTDEKIANV,HLA-B*08:01,99.28660326086957,27230.55043597176,0.006665710025117733
CGTDEKIANVT,HLA-B*08:01,99.28660326086957,29623.025783862686,0.002312894863280235
GTDEKIANVTE,HLA-B*08:01,46.224673913043475,26748.928488719816,0.08218385756481439
TDEKIANVTED,HLA-B*08:01,99.28660326086957,27284.49250755074,0.003715915940119885
DEKIANVTEDA,HLA-B*08:01,62.74467391304348,26942.76251151856,0.05900263832882047
EKIANVTEDAK,HLA-B*08:01,99.28660326086957,29207.835673363945,0.03136201063171029
KIANVTEDAKR,HLA-B*08:01,46.224673913043475,29659.424114032452,0.14869508042465895
IANVTEDAKRL,HLA-B*08:01,62.74467391304348,25016.717980227582,0.03146668092813343
DGCKAYWKVCF,HLA-B*08:01,46.224673913043475,27642.415066372458,0.115557215816807
GCKAYWKVCFH,HLA-B*08:01,99.28660326086957,33178.29462903897,0.014702809690788854
CKAYWKVCFHY,HLA-B*08:01,62.74467391304348,33283.257848615176,0.1033380109583959
KAYWKVCFHYN,HLA-B*08:01,99.28660326086957,32865.69044776993,0.04462758108275011
AYWKVCFHYNL,HLA-B*08:01,99.28660326086957,29631.74345746353,0.03288546728435904
YWKVCFHYNLH,HLA-B*08:01,99.28660326086957,32978.11236005959,0.0070203723007580265
WKVCFHYNLHK,HLA-B*08:01,99.28660326086957,33206.963116728075,0.017238102067494765
KVCFHYNLHKA,HLA-B*08:01,62.74467391304348,32204.66331950646,0.10624248336534947
VCFHYNLHKAQ,HLA-B*08:01,99.28660326086957,33011.58225059021,0.0018724030633165967
CFHYNLHKAQP,HLA-B*08:01,99.28660326086957,32743.988319599026,0.019077382210525684
FHYNLHKAQPA,HLA-B*08:01,62.74467391304348,28353.750090694026,0.09010148607194424
CNECGKSFGRSC,HLA-B*08:01,99.28660326086957,26280.56838231289,0.001496352178946836
NECGKSFGRSCH,HLA-B*08:01,46.224673913043475,26940.377377333498,0.09631360066123307
ECGKSFGRSCHL,HLA-B*08:01,99.28660326086957,28907.969804483633,0.007625317906786222
CGKSFGRSCHLI,HLA-B*08:01,99.28660326086957,26529.242241151067,0.009180296990962233
GKSFGRSCHLIQ,HLA-B*08:01,62.74467391304348,32265.48321320959,0.12380675616441295
KSFGRSCHLIQH,HLA-B*08:01,22.19230978260869,31964.84062646914,0.33556899800896645
SFGRSCHLIQHQ,HLA-B*08:01,99.28660326086957,32286.440595088636,0.0037836954434169456
FGRSCHLIQHQT,HLA-B*08:01,99.28660326086957,32411.96625137023,0.009698274901893456
GRSCHLIQHQTI,HLA-B*08:01,20.2322554347826,28183.815450357386,0.33353137224912643
RSCHLIQHQTIH,HLA-B*08:01,99.28660326086957,32696.49342108807,0.0461777041782625
SCHLIQHQTIHT,HLA-B*08:01,99.28660326086957,32229.81358530951,0.002095693733281223
CHLIQHQTIHTG,HLA-B*08:01,62.74467391304348,31664.080760425953,0.08447116200113669
PAGSSQKAREER,HLA-B*08:01,99.28660326086957,28481.147033142137,0.0005613360481220298
AGSSQKAREERA,HLA-B*08:01,99.28660326086957,31516.014359567398,0.0007626033693668433
GSSQKAREERAL,HLA-B*08:01,99.28660326086957,28043.508628978685,0.005238837446086109
SSQKAREERALL,HLA-B*08:01,99.28660326086957,29469.993008410584,0.03360966534819454
SQKAREERALLP,HLA-B*08:01,37.35904891304347,30690.85485161648,0.19515915028750896
QKAREERALLPL,HLA-B*08:01,99.28660326086957,30953.16965125799,0.020820337143959478
KAREERALLPLE,HLA-B*08:01,99.28660326086957,31766.30581689749,0.029834271408617496
AREERALLPLEL,HLA-B*08:01,31.643179347826077,27050.98392115815,0.18602999113500118
REERALLPLELQ,HLA-B*08:01,99.28660326086957,31929.62961287071,0.031915094528812915
EERALLPLELQD,HLA-B*08:01,99.28660326086957,31298.612847243843,0.010104043351020664
ERALLPLELQDD,HLA-B*08:01,99.28660326086957,31376.60486016777,0.023669533198699355
RALLPLELQDDG,HLA-B*08:01,99.28660326086957,32366.966941522456,0.02079848467838019
FRSGSSFSRRAA,HLA-B*08:01,31.643179347826077,29512.343710195084,0.2281695338897407
RSGSSFSRRAAP,HLA-B*08:01,99.28660326086957,31625.80395279219,0.039461598280468024
SGSSFSRRAAPV,HLA-B*08:01,99.28660326086957,29709.852821856774,0.0013099361895001493
GSSFSRRAAPVA,HLA-B*08:01,46.224673913043475,31299.46881885939,0.16059336671605706
SSFSRRAAPVAT,HLA-B*08:01,99.28660326086957,30892.217451376797,0.022511828457936645
SFSRRAAPVATP,HLA-B*08:01,99.28660326086957,31543.58388466455,0.024714651692193
FSRRAAPVATPA,HLA-B*08:01,62.74467391304348,29456.03513791432,0.05673531477805227
SRRAAPVATPAL,HLA-B*08:01,24.57923913043477,16226.8157798083,0.12192279659211636
RRAAPVATPALL,HLA-B*08:01,27.61739130434782,23544.905467033204,0.19165839906781912
RAAPVATPALLT,HLA-B*08:01,99.28660326086957,30772.83376233015,0.0315604786737822
AAPVATPALLTS,HLA-B*08:01,22.19230978260869,29792.44792466741,0.3233634098432958
APVATPALLTSH,HLA-B*08:01,7.778097826086963,26952.72123979282,0.6145913228392601
PVATPALLTSHR,HLA-B*08:01,62.74467391304348,30876.258784281516,0.1003913459717296
VATPALLTSHRS,HLA-B*08:01,62.74467391304348,32193.1999202128,0.08284636843018234
ATPALLTSHRSL,HLA-B*08:01,31.643179347826077,27987.045157064116,0.19970170804299414
TPALLTSHRSLG,HLA-B*08:01,62.74467391304348,29521.7381185982,0.05589049743139185
PALLTSHRSLGN,HLA-B*08:01,99.28660326086957,32079.992360769724,0.0012844313787354622
ALLTSHRSLGNT,HLA-B*08:01,99.28660326086957,32535.03640190389,0.004180793010164052
LLTSHRSLGNTR,HLA-B*08:01,99.28660326086957,30672.285290798478,0.05450519644364249
LTSHRSLGNTRH,HLA-B*08:01,99.28660326086957,32166.540114335585,0.005517617239092942
TSHRSLGNTRHK,HLA-B*08:01,99.28660326086957,31467.018131595745,0.02296865457901731
AGAVGATAVYPT,HLA-B*08:01,99.28660326086957,30548.03200863556,0.012312433962506475
GAVGATAVYPTD,HLA-B*08:01,99.28660326086957,31570.725908034186,0.027285831805784255
AVGATAVYPTDL,HLA-B*08:01,99.28660326086957,29869.750560062468,0.018483401989215054
VGATAVYPTDLV,HLA-B*08:01,99.28660326086957,30776.930058994913,0.005059796632849611
GATAVYPTDLVK,HLA-B*08:01,27.61739130434782,30582.79531622163,0.2652330375276506
ATAVYPTDLVKT,HLA-B*08:01,17.305597826086952,32483.853139136365,0.41726513765752316
TAVYPTDLVKTR,HLA-B*08:01,4.887418478260841,29576.63128956488,0.7892489470541477
AVYPTDLVKTRM,HLA-B*08:01,5.054048913043445,26921.54979105614,0.7504277378320694
VYPTDLVKTRMQ,HLA-B*08:01,37.35904891304347,31579.380580645175,0.21057591878343374
YPTDLVKTRMQN,HLA-B*08:01,62.74467391304348,29362.07067683317,0.07628474856028333
PTDLVKTRMQNQ,HLA-B*08:01,99.28660326086957,31676.747036419547,0.020140849919698667
TDLVKTRMQNQR,HLA-B*08:01,31.643179347826077,30206.683397464192,0.22641034133266658
TLSKELYALGVV,HLA-B*08:01,99.28660326086957,31668.855549694083,0.041369461454451084
LSKELYALGVVD,HLA-B*08:01,99.28660326086957,31998.21164153619,0.005536361990380101
SKELYALGVVDG,HLA-B*08:01,99.28660326086957,31942.32203162202,0.009122970717726275
KELYALGVVDGL,HLA-B*08:01,46.224673913043475,30392.327601824367,0.14929973240941763
ELYALGVVDGLH,HLA-B*08:01,99.28660326086957,30588.346892501668,0.035953645361587405
LYALGVVDGLHT,HLA-B*08:01,99.28660326086957,32125.43357426396,0.01957151514943689
YALGVVDGLHTV,HLA-B*08:01,7.348016304347794,25298.325004671744,0.6146430484950542
ALGVVDGLHTVH,HLA-B*08:01,37.35904891304347,29349.702363690067,0.18475829856470227
LGVVDGLHTVHG,HLA-B*08:01,99.28660326086957,32109.3763610088,0.010228453589661513
GVVDGLHTVHGT,HLA-B*08:01,62.74467391304348,29081.44598398069,0.10013798042200506
VVDGLHTVHGTY,HLA-B*08:01,17.305597826086952,28479.698772938846,0.3714944012463093
VDGLHTVHGTYY,HLA-B*08:01,46.224673913043475,31936.103658253283,0.16884705401025712
KKNKNSSKPQKK,HLA-B*08:01,99.28660326086957,30273.521141905818,0.006700186672787822
KNKNSSKPQKKN,HLA-B*08:01,99.28660326086957,30763.85143090585,0.0004347123567640665
NKNSSKPQKKNG,HLA-B*08:01,99.28660326086957,31161.87895218066,0.0010880847412408912
KNSSKPQKKNGS,HLA-B*08:01,99.28660326086957,31230.958890550177,0.0003315289004603983
NSSKPQKKNGST,HLA-B*08:01,99.28660326086957,29694.079702368435,0.000782354411057895
SSKPQKKNGSTW,HLA-B*08:01,37.35904891304347,21960.487548794605,0.08985885931178927
SKPQKKNGSTWA,HLA-B*08:01,99.28660326086957,31696.12682761185,0.006902190296386834
KPQKKNGSTWAN,HLA-B*08:01,99.28660326086957,27301.08839625288,0.007577748448966304
PQKKNGSTWANV,HLA-B*08:01,99.28660326086957,30989.288203920816,0.02949138145777397
QKKNGSTWANVP,HLA-B*08:01,99.28660326086957,31440.113789452575,0.039436944454791956
KKNGSTWANVPL,HLA-B*08:01,99.28660326086957,29686.382168724893,0.017349617352010682
KNGSTWANVPLP,HLA-B*08:01,99.28660326086957,31911.99948683392,0.013430706836516038
KSRVNKLKREMG,HLA-B*08:01,99.28660326086957,32190.15432499283,0.03569380724002258
SRVNKLKREMGH,HLA-B*08:01,99.28660326086957,29647.1192322956,0.018111133358615916
RVNKLKREMGHL,HLA-B*08:01,99.28660326086957,30952.471613677142,0.03035156463738531
VNKLKREMGHLQ,HLA-B*08:01,99.28660326086957,31194.885705821784,0.007331901011639275
NKLKREMGHLQH,HLA-B*08:01,46.224673913043475,31159.488053601053,0.15310726629104465
KLKREMGHLQHE,HLA-B*08:01,99.28660326086957,32022.679734918052,0.018261474935570732
LKREMGHLQHEL,HLA-B*08:01,37.35904891304347,27183.785903551758,0.1750609609298408
KREMGHLQHELQ,HLA-B*08:01,99.28660326086957,31043.46974573577,0.007461293324013241
REMGHLQHELQF,HLA-B*08:01,12.187228260869546,27392.983065681103,0.4822581000626087
EMGHLQHELQFK,HLA-B*08:01,62.74467391304348,31147.114857656103,0.06992444267962128
MGHLQHELQFKE,HLA-B*08:01,99.28660326086957,32367.503401333288,0.01630050118546933
GHLQHELQFKER,HLA-B*08:01,20.2322554347826,31236.132819504273,0.3554839612916112
AKSAAKAVKPKV,HLA-B*08:01,31.643179347826077,31253.07122497568,0.23918483208399266
KSAAKAVKPKVV,HLA-B*08:01,62.74467391304348,30694.21140086771,0.10221731523051858
SAAKAVKPKVVK,HLA-B*08:01,27.61739130434782,25768.34566807403,0.21374034811742604
AAKAVKPKVVKP,HLA-B*08:01,24.57923913043477,30182.758813469733,0.28419386874884367
AKAVKPKVVKPK,HLA-B*08:01,8.545326086956507,29441.74958210633,0.6039438303560019
KAVKPKVVKPKK,HLA-B*08:01,46.224673913043475,30969.06134363884,0.1507513594115153
AVKPKVVKPKKA,HLA-B*08:01,7.147065217391287,29507.768347326873,0.661881698295474
VKPKVVKPKKAA,HLA-B*08:01,46.224673913043475,30675.975874673288,0.16546854059561156
MPAVTLSPNGKS,HLA-B*08:01,99.28660326086957,27122.80759976312,0.009785798392840661
PAVTLSPNGKSL,HLA-B*08:01,62.74467391304348,25667.385628940152,0.030369863437954336
AVTLSPNGKSLA,HLA-B*08:01,99.28660326086957,30137.787135442715,0.028347767212835606
VTLSPNGKSLAC,HLA-B*08:01,62.74467391304348,25753.171764923714,0.017388331471011043
TLSPNGKSLACQ,HLA-B*08:01,62.74467391304348,26203.638163435717,0.014070586439629551
LSPNGKSLACQS,HLA-B*08:01,99.28660326086957,31223.99713049561,0.0069881879826425575
SPNGKSLACQSM,HLA-B*08:01,1.7432065217390402,924.908458169945,0.2886425070464611
PNGKSLACQSMD,HLA-B*08:01,99.28660326086957,31105.250332596046,0.0005634002700389829
NGKSLACQSMDN,HLA-B*08:01,99.28660326086957,28852.541062062643,0.0011810823507403256
GKSLACQSMDNQ,HLA-B*08:01,99.28660326086957,32004.783056191893,0.02070135421672603
KSLACQSMDNQI,HLA-B*08:01,99.28660326086957,31349.697835099458,0.03769695435767062
SLACQSMDNQIL,HLA-B*08:01,62.74467391304348,25509.92899482117,0.04884335317183286
ISCGPHDLLWAH,HLA-B*08:01,62.74467391304348,31011.740668634433,0.08069012663327157
SCGPHDLLWAHS,HLA-B*08:01,99.28660326086957,31622.10272011811,0.025341948843561113
CGPHDLLWAHSG,HLA-B*08:01,99.28660326086957,30602.431176831687,0.02578473385074176
GPHDLLWAHSGR,HLA-B*08:01,20.2322554347826,25805.371090263016,0.3175233257934451
PHDLLWAHSGRD,HLA-B*08:01,99.28660326086957,31293.61411258057,0.0020782132814929355
HDLLWAHSGRDR,HLA-B*08:01,62.74467391304348,30413.6696364313,0.10879416146781296
DLLWAHSGRDRP,HLA-B*08:01,99.28660326086957,31990.719997237044,0.01444032252766192
LLWAHSGRDRPW,HLA-B*08:01,37.35904891304347,29514.737654847417,0.17956494621466845
LWAHSGRDRPWS,HLA-B*08:01,99.28660326086957,33025.42210748224,0.000816007985122269
WAHSGRDRPWSG,HLA-B*08:01,99.28660326086957,30123.297460978032,0.02397657642723061
AHSGRDRPWSGK,HLA-B*08:01,62.74467391304348,27467.608809771078,0.08632445547846146
HSGRDRPWSGKE,HLA-B*08:01,99.28660326086957,30830.675446422993,0.0030406688747461885
SGRDRPWSGKES,HLA-B*08:01,99.28660326086957,28419.547584178275,0.011434584594098851
GRDRPWSGKEST,HLA-B*08:01,99.28660326086957,28509.09820107052,0.02172180387424305
RDRPWSGKESTG,HLA-B*08:01,99.28660326086957,29037.205709015783,0.026743643058580346
DRPWSGKESTGA,HLA-B*08:01,62.74467391304348,25989.14002851936,0.031272337058908306
RPWSGKESTGAI,HLA-B*08:01,4.807092391304323,3254.2358229268316,0.18589311838150024
PWSGKESTGAIP,HLA-B*08:01,99.28660326086957,29553.964526756175,0.012770424204063602
WSGKESTGAIPK,HLA-B*08:01,62.74467391304348,28884.327671939594,0.057839167420752347
SGKESTGAIPKE,HLA-B*08:01,99.28660326086957,26987.948222259154,0.00866781560034724
GKESTGAIPKEV,HLA-B*08:01,46.224673913043475,30643.542008555454,0.12701209489023313
KESTGAIPKEVP,HLA-B*08:01,62.74467391304348,29543.994335384163,0.07830986846238375
ESTGAIPKEVPG,HLA-B*08:01,62.74467391304348,29130.151789634074,0.052468204812612385
STGAIPKEVPGP,HLA-B*08:01,99.28660326086957,28885.90956169479,0.02770199565566145
TGAIPKEVPGPS,HLA-B*08:01,62.74467391304348,25564.839851394987,0.00788211989129195
GAIPKEVPGPSW,HLA-B*08:01,18.61798913043478,22175.978375081457,0.28617472434416413
AIPKEVPGPSWS,HLA-B*08:01,99.28660326086957,30330.04470974944,0.03817795302893501
IPKEVPGPSWSL,HLA-B*08:01,0.7080978260868562,367.70683547851047,0.46051428467035294
PKEVPGPSWSLL,HLA-B*08:01,99.28660326086957,28732.67283353136,0.02471475474885665
KEVPGPSWSLLD,HLA-B*08:01,99.28660326086957,30677.657123014185,0.025839152076514438
EVPGPSWSLLDL,HLA-B*08:01,62.74467391304348,25909.569371219884,0.04274837498087436
VPGPSWSLLDLK,HLA-B*08:01,62.74467391304348,27608.22829427961,0.04259541886858642
PGPSWSLLDLKT,HLA-B*08:01,99.28660326086957,31231.620281835916,0.0029974649696669076
GPSWSLLDLKTG,HLA-B*08:01,62.74467391304348,29917.44460799198,0.10958935267990455
PSWSLLDLKTGS,HLA-B*08:01,99.28660326086957,31841.145942673604,0.0017757962341420352
SWSLLDLKTGSC,HLA-B*08:01,99.28660326086957,27611.067637562704,0.0010609726850816514
WSLLDLKTGSCT,HLA-B*08:01,99.28660326086957,31320.013481134294,0.022202457181265345
SLLDLKTGSCTS,HLA-B*08:01,62.74467391304348,28938.19764560225,0.08618448747438379
LLDLKTGSCTSR,HLA-B*08:01,24.57923913043477,26915.679812946757,0.25004100054502487
LDLKTGSCTSRW,HLA-B*08:01,24.57923913043477,31444.313105569105,0.29434116557240486
DLKTGSCTSRWE,HLA-B*08:01,62.74467391304348,31042.616896321437,0.06303027493413538
LKTGSCTSRWES,HLA-B*08:01,99.28660326086957,32405.08030404933,0.004275301525922259
KTGSCTSRWESA,HLA-B*08:01,62.74467391304348,31394.94191251919,0.12219860958430218
TGSCTSRWESAW,HLA-B*08:01,99.28660326086957,28493.14990098775,0.010072677134303376
GSCTSRWESAWS,HLA-B*08:01,99.28660326086957,33034.89712487462,0.005029647156334249
SCTSRWESAWSG,HLA-B*08:01,99.28660326086957,30144.14001857185,0.0015451506478711963
CTSRWESAWSGL,HLA-B*08:01,62.74467391304348,29824.64298137054,0.05380009762302507
TSRWESAWSGLS,HLA-B*08:01,99.28660326086957,31788.940313035906,0.005893869667488616
SRWESAWSGLSP,HLA-B*08:01,12.187228260869546,26962.835146609854,0.4781253654509783
RWESAWSGLSPR,HLA-B*08:01,17.305597826086952,29195.370404973615,0.39725218899548054
WESAWSGLSPRT,HLA-B*08:01,99.28660326086957,32118.15876055315,0.006610193784581497
ESAWSGLSPRTG,HLA-B*08:01,46.224673913043475,30662.564798707685,0.1494874000782147
SAWSGLSPRTGR,HLA-B*08:01,7.147065217391287,23221.879881737405,0.5952849425375462
AWSGLSPRTGRC,HLA-B*08:01,99.28660326086957,29394.363301450587,0.0017214678737218492
WSGLSPRTGRCG,HLA-B*08:01,99.28660326086957,31007.80546714409,0.0027562741452129558
SGLSPRTGRCGS,HLA-B*08:01,99.28660326086957,28710.734675214906,0.005237894372839946
GLSPRTGRCGSE,HLA-B*08:01,99.28660326086957,28741.340834883682,0.005539475358091295
LSPRTGRCGSEE,HLA-B*08:01,99.28660326086957,29160.069410667445,0.0023846040421631187
SPRTGRCGSEEA,HLA-B*08:01,18.61798913043478,10827.656702893144,0.08936006110161543
PRTGRCGSEEAS,HLA-B*08:01,99.28660326086957,29275.66211556379,0.0021108515247760806
RTGRCGSEEAST,HLA-B*08:01,99.28660326086957,31331.7847622611,0.0007004250637692166
TGRCGSEEASTL,HLA-B*08:01,31.643179347826077,13959.338952874668,0.022023334240657277
GRCGSEEASTLT,HLA-B*08:01,99.28660326086957,28911.65296593998,0.001498138331953669
RCGSEEASTLTI,HLA-B*08:01,99.28660326086957,29165.47358081953,0.003585577811463736
CGSEEASTLTIP,HLA-B*08:01,99.28660326086957,30099.11426718509,0.027585201227338985
GSEEASTLTIPA,HLA-B*08:01,62.74467391304348,30288.019959668258,0.08177587005775422
SEEASTLTIPAA,HLA-B*08:01,11.115788043478247,28458.545880133275,0.5108280777931213
EEASTLTIPAAP,HLA-B*08:01,62.74467391304348,30373.42692213203,0.08181585581041873
EASTLTIPAAPV,HLA-B*08:01,99.28660326086957,30189.0624036837,0.011208557611098513
ASTLTIPAAPVG,HLA-B*08:01,99.28660326086957,31095.293361947766,0.013470540034177247
STLTIPAAPVGL,HLA-B*08:01,22.19230978260869,28099.465456788515,0.30743178352713585
TLTIPAAPVGLR,HLA-B*08:01,46.224673913043475,27490.40912984797,0.13871685694903135
LTIPAAPVGLRW,HLA-B*08:01,4.732201086956479,28958.02378148678,0.791679136455059
TIPAAPVGLRWL,HLA-B*08:01,31.643179347826077,26949.047793115787,0.1888671691995114
IPAAPVGLRWLV,HLA-B*08:01,20.2322554347826,21987.555863820908,0.2617339107673615
PAAPVGLRWLVR,HLA-B*08:01,27.61739130434782,30751.16309320141,0.2705039824359119
LLISVIRTLSTI,HLA-B*08:01,27.61739130434782,30085.117807604147,0.2706869423855096
LISVIRTLSTID,HLA-B*08:01,99.28660326086957,32020.237246399014,0.002027036782237701
ISVIRTLSTIDD,HLA-B*08:01,99.28660326086957,31536.718447759922,0.013931049383245409
SVIRTLSTIDDV,HLA-B*08:01,62.74467391304348,31655.93341031323,0.09150461736135185
VIRTLSTIDDVE,HLA-B*08:01,99.28660326086957,29892.7230158389,0.009565917032887228
IRTLSTIDDVED,HLA-B*08:01,99.28660326086957,30101.489441424073,0.014894777039444307
RTLSTIDDVEDR,HLA-B*08:01,62.74467391304348,28879.885757484513,0.07672868156805634
TLSTIDDVEDRE,HLA-B*08:01,99.28660326086957,26187.673930698824,0.0058621186144591775
LSTIDDVEDREN,HLA-B*08:01,99.28660326086957,29359.120380624136,0.0016286987347484683
STIDDVEDRENE,HLA-B*08:01,62.74467391304348,21922.109720689547,0.01338445172586944
TIDDVEDRENEK,HLA-B*08:01,18.61798913043478,8502.198080789447,0.021961200574878603
IDDVEDRENEKG,HLA-B*08:01,99.28660326086957,25374.561704670534,0.0014689147665194469
TPGEKIILNFTT,HLA-B*08:01,62.74467391304348,27013.06106092833,0.08028742676833645
PGEKIILNFTTL,HLA-B*08:01,99.28660326086957,30254.375091085105,0.041335248708492145
GEKIILNFTTLD,HLA-B*08:01,99.28660326086957,32110.90203168188,0.06030943721998483
EKIILNFTTLDL,HLA-B*08:01,62.74467391304348,32044.050417234383,0.11443665355909616
KIILNFTTLDLY,HLA-B*08:01,62.74467391304348,32587.822241736823,0.07374947989592329
IILNFTTLDLYR,HLA-B*08:01,62.74467391304348,32081.177068017994,0.07574809127254412
ILNFTTLDLYRS,HLA-B*08:01,62.74467391304348,33005.78497229651,0.11496951180743054
LNFTTLDLYRSR,HLA-B*08:01,62.74467391304348,32469.755862908674,0.0778501961613074
NFTTLDLYRSRL,HLA-B*08:01,99.28660326086957,30339.991194364222,0.03220923914341256
FTTLDLYRSRLC,HLA-B*08:01,99.28660326086957,32618.644165725145,0.003391234058653936
TTLDLYRSRLCW,HLA-B*08:01,15.160951086956516,30899.981918056128,0.44742225762456656
TLDLYRSRLCWY,HLA-B*08:01,99.28660326086957,32481.371023861473,0.01116021047346294
IVKQNEELDRQK,HLA-B*08:01,46.224673913043475,26886.801781777238,0.11247292556799948
VKQNEELDRQKR,HLA-B*08:01,62.74467391304348,28714.589578949082,0.0505618153802061
KQNEELDRQKRI,HLA-B*08:01,62.74467391304348,29020.940807508116,0.08028367697261274
QNEELDRQKRIG,HLA-B*08:01,99.28660326086957,30581.916910326116,0.0072643321473151445
NEELDRQKRIGN,HLA-B*08:01,99.28660326086957,28541.53167706086,0.004088852401764598
EELDRQKRIGNT,HLA-B*08:01,99.28660326086957,29733.68958572464,0.01578496834554244
ELDRQKRIGNTR,HLA-B*08:01,37.35904891304347,27204.967081099876,0.16050033608917147
LDRQKRIGNTRK,HLA-B*08:01,99.28660326086957,30512.373388008593,0.023569361728732474
DRQKRIGNTRKM,HLA-B*08:01,27.61739130434782,26768.447574175996,0.22208256367594004
RQKRIGNTRKMI,HLA-B*08:01,37.35904891304347,28986.985890294178,0.1849049529992044
QKRIGNTRKMIE,HLA-B*08:01,99.28660326086957,31416.498825665345,0.024242079452960752
KRIGNTRKMIED,HLA-B*08:01,99.28660326086957,30076.6131010129,0.007147473457735032
KTDSCDQRQLSE,HLA-B*08:01,62.74467391304348,29016.703259730268,0.05134821985848248
TDSCDQRQLSEC,HLA-B*08:01,99.28660326086957,26193.073688827877,0.0010879447363549843
DSCDQRQLSECD,HLA-B*08:01,99.28660326086957,27042.708750849037,0.003066372599278111
SCDQRQLSECDE,HLA-B*08:01,99.28660326086957,26602.339478133345,0.0007720368230366148
CDQRQLSECDEP,HLA-B*08:01,99.28660326086957,29556.066400972224,0.0019707896681211423
DQRQLSECDEPQ,HLA-B*08:01,62.74467391304348,28026.62557476275,0.05983968067448586
QRQLSECDEPQP,HLA-B*08:01,99.28660326086957,30676.62106153081,0.0020572924113366753
RQLSECDEPQPH,HLA-B*08:01,99.28660326086957,29348.39542209522,0.024892045243177563
QLSECDEPQPHH,HLA-B*08:01,99.28660326086957,29741.271116650412,0.0030008183166501112
LSECDEPQPHHS,HLA-B*08:01,99.28660326086957,31162.7045556407,0.006910343887284398
SECDEPQPHHST,HLA-B*08:01,62.74467391304348,22549.381480786706,0.008902201745513594
ECDEPQPHHSTK,HLA-B*08:01,62.74467391304348,22862.553799863963,0.018320176634006202
GEDEEDEEEEED,HLA-B*08:01,31.643179347826077,13293.921539731347,0.0004259600282239262
EDEEDEEEEEDF,HLA-B*08:01,37.35904891304347,16194.056854114851,0.00021867480882065138
DEEDEEEEEDFK,HLA-B*08:01,24.57923913043477,9903.221313907663,0.0008158176397046191
EEDEEEEEDFKP,HLA-B*08:01,62.74467391304348,23178.759040602636,0.016132745804497972
EDEEEEEDFKPS,HLA-B*08:01,99.28660326086957,25810.523275895812,0.00064187094267254
DEEEEEDFKPSD,HLA-B*08:01,62.74467391304348,24865.612261808285,0.0007771754135319497
HSSDSVSSINSV,HLA-B*08:01,46.224673913043475,25994.203908532727,0.0786207863711752
SSDSVSSINSVT,HLA-B*08:01,99.28660326086957,27975.906004347788,0.01623343353276141
SDSVSSINSVTS,HLA-B*08:01,99.28660326086957,29403.289703467373,0.007424316732794978
DSVSSINSVTSH,HLA-B*08:01,24.57923913043477,28455.98010743522,0.2684116791933775
SVSSINSVTSHS,HLA-B*08:01,99.28660326086957,31164.27895275813,0.022153947065817192
VSSINSVTSHSS,HLA-B*08:01,99.28660326086957,31237.17430567964,0.005690546568075661
SSINSVTSHSSV,HLA-B*08:01,99.28660326086957,29826.73585400358,0.023137316238717176
SINSVTSHSSVG,HLA-B*08:01,99.28660326086957,29486.8231128971,0.01130050970823504
INSVTSHSSVGS,HLA-B*08:01,99.28660326086957,31156.67274071626,0.0006131761801952962
NSVTSHSSVGSN,HLA-B*08:01,99.28660326086957,29189.29677306912,0.0015175442676991224
SVTSHSSVGSNI,HLA-B*08:01,37.35904891304347,26963.566998241222,0.16480358503758907
VTSHSSVGSNIE,HLA-B*08:01,99.28660326086957,30049.556726565228,0.007846336160582723
ILKHGKRFHATI,HLA-B*08:01,99.28660326086957,30565.966264305036,0.04445962858153507
LKHGKRFHATIS,HLA-B*08:01,99.28660326086957,32849.729301511354,0.0477857669320656
KHGKRFHATISF,HLA-B*08:01,62.74467391304348,30247.559701143025,0.0799378405790776
HGKRFHATISFD,HLA-B*08:01,99.28660326086957,32654.86903165213,0.0010391896139481105
GKRFHATISFDT,HLA-B*08:01,99.28660326086957,33025.81706192477,0.04666702870599693
KRFHATISFDTD,HLA-B*08:01,99.28660326086957,31675.12951400746,0.03858080299687572
RFHATISFDTDT,HLA-B*08:01,99.28660326086957,32273.081739006324,0.009687240919447504
FHATISFDTDTG,HLA-B*08:01,99.28660326086957,32043.690322958013,0.018534375703893602
HATISFDTDTGL,HLA-B*08:01,62.74467391304348,28264.64836492832,0.042383827560115606
ATISFDTDTGLK,HLA-B*08:01,10.231983695652161,28428.455597396456,0.5361054539680481
TISFDTDTGLKQ,HLA-B*08:01,62.74467391304348,28547.71549976966,0.03868609661003575
ISFDTDTGLKQA,HLA-B*08:01,27.61739130434782,30139.711373878563,0.2508367004338652
GEGPPISSCDTR,HLA-B*08:01,14.277038043478257,24056.05493685373,0.38362462539225817
EGPPISSCDTRT,HLA-B*08:01,99.28660326086957,29877.583431403385,0.00806136014580261
GPPISSCDTRTM,HLA-B*08:01,22.19230978260869,9705.204343356478,0.016259325202554464
PPISSCDTRTMA,HLA-B*08:01,62.74467391304348,27740.09562541068,0.029902670969022438
PISSCDTRTMAN,HLA-B*08:01,99.28660326086957,30502.409733161636,0.004644048876798479
ISSCDTRTMANC,HLA-B*08:01,99.28660326086957,30596.90010637072,0.004984064697055146
SSCDTRTMANCE,HLA-B*08:01,99.28660326086957,29834.842928825667,0.0018953081307699904
SCDTRTMANCER,HLA-B*08:01,99.28660326086957,27716.904999247872,0.018527841093600728
CDTRTMANCERT,HLA-B*08:01,99.28660326086957,32105.828434552623,0.001134226953581674
DTRTMANCERTF,HLA-B*08:01,13.500896739130425,27093.016947464715,0.43971008993685246
TRTMANCERTFI,HLA-B*08:01,99.28660326086957,30394.133209382377,0.020127605566813145
RTMANCERTFIA,HLA-B*08:01,17.305597826086952,31563.50457283199,0.41663019359111786
VFRLCGTDEKIA,HLA-B*08:01,99.28660326086957,30781.8059370037,0.0051079228815069655
FRLCGTDEKIAN,HLA-B*08:01,99.28660326086957,29196.276298418055,0.005464688532811124
RLCGTDEKIANV,HLA-B*08:01,18.61798913043478,27588.612155557,0.35740290116518736
LCGTDEKIANVT,HLA-B*08:01,99.28660326086957,30177.45016506496,0.00224232105028932
CGTDEKIANVTE,HLA-B*08:01,99.28660326086957,27176.142226920296,0.00400332132994663
GTDEKIANVTED,HLA-B*08:01,99.28660326086957,28119.702448171793,0.02228320125141181
TDEKIANVTEDA,HLA-B*08:01,99.28660326086957,28138.9640738516,0.020819688892515842
DEKIANVTEDAK,HLA-B*08:01,46.224673913043475,24585.929808797468,0.10502388281747699
EKIANVTEDAKR,HLA-B*08:01,46.224673913043475,29635.49303336886,0.11418657837202772
KIANVTEDAKRL,HLA-B*08:01,27.61739130434782,27800.14874107462,0.2510955980978906
IANVTEDAKRLI,HLA-B*08:01,62.74467391304348,29549.198576879306,0.08581681037321687
DDGCKAYWKVCF,HLA-B*08:01,99.28660326086957,30016.969337758503,0.0318982933240477
DGCKAYWKVCFH,HLA-B*08:01,62.74467391304348,32956.98882189616,0.09606016741599888
GCKAYWKVCFHY,HLA-B*08:01,99.28660326086957,33021.53797487063,0.015633615374099463
CKAYWKVCFHYN,HLA-B*08:01,99.28660326086957,33943.059216493195,0.015820838925719727
KAYWKVCFHYNL,HLA-B*08:01,62.74467391304348,30455.16790911979,0.08133925875881687
AYWKVCFHYNLH,HLA-B*08:01,62.74467391304348,33456.02168022858,0.13011917262338102
YWKVCFHYNLHK,HLA-B*08:01,99.28660326086957,33320.29608299449,0.004998119387892075
WKVCFHYNLHKA,HLA-B*08:01,62.74467391304348,33415.71716181298,0.10672032134607434
KVCFHYNLHKAQ,HLA-B*08:01,99.28660326086957,32805.037745830494,0.006013789941789582
VCFHYNLHKAQP,HLA-B*08:01,99.28660326086957,33334.97183718381,0.008259707632532809
CFHYNLHKAQPA,HLA-B*08:01,99.28660326086957,32072.257796957492,0.06617448123870417
FHYNLHKAQPAE,HLA-B*08:01,99.28660326086957,32083.517646425047,0.008446168823866174
CGKSFGRSC,HLA-B*27:05,13.500896739130425,5434.972761960091,0.0009101395444304217
GKSFGRSCH,HLA-B*27:05,17.305597826086952,7876.232945287151,0.037576978698780295
KSFGRSCHL,HLA-B*27:05,2.4134510869564423,929.5260388386363,0.12240074248984456
SFGRSCHLI,HLA-B*27:05,3.8986413043477626,1295.2767419454783,0.008560818212572485
FGRSCHLIQ,HLA-B*27:05,13.500896739130425,5568.096048375175,0.002315407091373345
GRSCHLIQH,HLA-B*27:05,0.5828532608695269,89.2751559668265,0.14604728727135807
RSCHLIQHQ,HLA-B*27:05,24.57923913043477,11003.570716972647,0.024526966037228703
SCHLIQHQT,HLA-B*27:05,46.224673913043475,18240.31783194095,0.0013720831157115754
CHLIQHQTI,HLA-B*27:05,2.7600543478259993,3647.67824560336,0.43460363056510687
SSQKAREER,HLA-B*27:05,3.082635869565138,901.0808118534375,0.001073688674296136
SQKAREERA,HLA-B*27:05,15.160951086956516,6453.222476178522,0.005943332515016664
QKAREERAL,HLA-B*27:05,3.599483695652097,1157.2346735831543,0.0075615164314513095
KAREERALL,HLA-B*27:05,1.4522282608694752,275.4274160489678,0.04952196590602398
AREERALLP,HLA-B*27:05,2.7245652173912447,967.4031292405125,0.07745920144952834
REERALLPL,HLA-B*27:05,2.334510869565136,611.139451017645,0.026017527910880744
EERALLPLE,HLA-B*27:05,17.305597826086952,8355.60816351028,0.037018501199781895
ERALLPLEL,HLA-B*27:05,0.3385597826086837,72.46749500996944,0.28337101079523563
RALLPLELQ,HLA-B*27:05,4.807092391304323,1969.4316716395585,0.0478685635025613
GSSFSRRAA,HLA-B*27:05,37.35904891304347,18335.942618390738,0.03856597386038629
SSFSRRAAP,HLA-B*27:05,24.57923913043477,10903.038649742026,0.01903512328863144
SFSRRAAPV,HLA-B*27:05,11.6303260869565,4741.4029319689935,0.0027089456270914525
FSRRAAPVA,HLA-B*27:05,18.61798913043478,10184.042387574898,0.0825316341361031
SRRAAPVAT,HLA-B*27:05,2.1733967391303537,496.4780209861587,0.004941751794831362
RRAAPVATP,HLA-B*27:05,0.8789945652172975,122.38998563149423,0.06812139507383108
RAAPVATPA,HLA-B*27:05,4.732201086956479,3620.6003223993603,0.21903295628726482
AAPVATPAL,HLA-B*27:05,0.3657336956521533,411.78887886976804,0.7341283373534679
APVATPALL,HLA-B*27:05,1.64182065217382,1313.8257633530277,0.41489092726260424
PVATPALLT,HLA-B*27:05,46.224673913043475,16897.22770988451,0.0008232715081248898
VATPALLTS,HLA-B*27:05,9.849456521739114,8428.862616763461,0.2145937248133123
ATPALLTSH,HLA-B*27:05,2.6465760869564434,3327.2944739459135,0.4305800423026085
TPALLTSHR,HLA-B*27:05,13.500896739130425,8906.25028712971,0.1369518687715754
PALLTSHRS,HLA-B*27:05,99.28660326086957,26967.243619702956,0.0017670557426754385
ALLTSHRSL,HLA-B*27:05,2.2610597826086405,788.4414971809238,0.11118927365168929
LLTSHRSLG,HLA-B*27:05,24.57923913043477,10306.534266220047,0.0017045863714884035
LTSHRSLGN,HLA-B*27:05,10.231983695652161,4028.6079858187213,0.000986029279374634
TSHRSLGNT,HLA-B*27:05,27.61739130434782,12140.581195110379,0.001056285947925062
SHRSLGNTR,HLA-B*27:05,4.887418478260841,1834.7155979570139,0.023343546701653395
HRSLGNTRH,HLA-B*27:05,1.1142119565216007,144.03456539296113,0.002881220367271453
RSLGNTRHK,HLA-B*27:05,3.487608695652085,1194.4960073668096,0.02782009291695431
VGATAVYPT,HLA-B*27:05,46.224673913043475,19527.70482988867,0.003187003494531382
GATAVYPTD,HLA-B*27:05,46.224673913043475,19793.847494192694,0.00469154299935326
ATAVYPTDL,HLA-B*27:05,10.231983695652161,5153.173991486721,0.07201923883985728
TAVYPTDLV,HLA-B*27:05,18.61798913043478,11064.059551433877,0.10651841061189771
AVYPTDLVK,HLA-B*27:05,1.1393749999998448,3164.981857195028,0.8399567604064941
VYPTDLVKT,HLA-B*27:05,10.655842391304333,17201.903486865598,0.3869263781234622
YPTDLVKTR,HLA-B*27:05,1.4729891304346978,4614.920888346681,0.8153282776474953
PTDLVKTRM,HLA-B*27:05,8.269211956521715,4799.469798606295,0.11325834947638214
TDLVKTRMQ,HLA-B*27:05,16.15755434782608,8226.554800541058,0.06798939182772301
KELYALGVV,HLA-B*27:05,31.643179347826077,15546.848929162476,0.06041065655881539
ELYALGVVD,HLA-B*27:05,62.74467391304348,21666.807894697933,0.011418428708566353
LYALGVVDG,HLA-B*27:05,46.224673913043475,19158.19360010055,0.004347949972725473
YALGVVDGL,HLA-B*27:05,2.9105706521738455,1470.0648843815582,0.16077654901891947
ALGVVDGLH,HLA-B*27:05,14.277038043478257,6055.214324553434,0.018340858223382384
LGVVDGLHT,HLA-B*27:05,37.35904891304347,15430.618017276189,0.005453800433315337
GVVDGLHTV,HLA-B*27:05,1.4441304347825223,3436.78077165184,0.7450722977519035
VVDGLHTVH,HLA-B*27:05,5.149211956521697,3950.5753051873517,0.21528875012882054
VDGLHTVHG,HLA-B*27:05,46.224673913043475,17384.12959974791,0.006083357795432676
KNSSKPQKK,HLA-B*27:05,1.7038043478259937,310.72110619106684,0.0009352505339847994
NSSKPQKKN,HLA-B*27:05,9.494239130434764,3703.516466530158,0.0015983184675860684
SSKPQKKNG,HLA-B*27:05,14.277038043478257,5886.585595290741,0.0008143929999278043
SKPQKKNGS,HLA-B*27:05,27.61739130434782,11173.27542339304,0.0025447436737522366
KPQKKNGST,HLA-B*27:05,31.643179347826077,13166.415968001673,0.0020504960484686308
PQKKNGSTW,HLA-B*27:05,8.01565217391304,6973.615494098284,0.22653750341851264
QKKNGSTWA,HLA-B*27:05,62.74467391304348,22349.251923403288,0.0010383128064859193
KKNGSTWAN,HLA-B*27:05,27.61739130434782,11736.235715815503,0.0015444457239937037
KNGSTWANV,HLA-B*27:05,17.305597826086952,7031.635310116368,0.006430197070585564
VNKLKREMG,HLA-B*27:05,22.19230978260869,9496.391498042702,0.0023366212572000222
NKLKREMGH,HLA-B*27:05,6.047907608695624,2327.83404961525,0.02254017569066491
KLKREMGHL,HLA-B*27:05,2.8906521739129545,861.1809904543463,0.01883173530222848
LKREMGHLQ,HLA-B*27:05,15.160951086956516,6436.375925209537,0.009619555290555581
KREMGHLQH,HLA-B*27:05,1.0016032608694445,120.37000208731246,0.004654078558814945
REMGHLQHE,HLA-B*27:05,7.558260869565203,3061.854259900195,0.02395920714479871
EMGHLQHEL,HLA-B*27:05,3.8525271739129607,1707.4413944733171,0.09007939044386148
MGHLQHELQ,HLA-B*27:05,8.839293478260856,3413.587954026176,0.002388136497756932
GHLQHELQF,HLA-B*27:05,1.4984510869564218,628.2522465938705,0.25926147121936083
AAKAVKPKV,HLA-B*27:05,4.391929347826036,1823.7376023794718,0.058864880935288966
AKAVKPKVV,HLA-B*27:05,1.6662771739129596,4670.989217081957,0.7558252699673176
KAVKPKVVK,HLA-B*27:05,1.4729891304346978,317.90836724310617,0.08087129623163491
AVKPKVVKP,HLA-B*27:05,2.068124999999938,9996.472879970075,0.8534085378050804
VKPKVVKPK,HLA-B*27:05,3.0137228260868767,1691.3037336877887,0.18226099503226578
VTLSPNGKS,HLA-B*27:05,46.224673913043475,16884.68304597607,0.005516667406482156
TLSPNGKSL,HLA-B*27:05,1.2269293478259584,259.71879495995285,0.11821085982955992
LSPNGKSLA,HLA-B*27:05,14.277038043478257,6288.276435538271,0.01704572887683753
SPNGKSLAC,HLA-B*27:05,7.778097826086963,3918.440332030726,0.08018229622393847
PNGKSLACQ,HLA-B*27:05,27.61739130434782,12188.795262390604,0.0002898671309594647
NGKSLACQS,HLA-B*27:05,37.35904891304347,14822.295964708577,0.00038819935525680194
GKSLACQSM,HLA-B*27:05,3.2120380434781595,2975.1836553082026,0.312039895914495
KSLACQSMD,HLA-B*27:05,37.35904891304347,16029.126851872405,0.0033323700990877114
SLACQSMDN,HLA-B*27:05,17.305597826086952,6955.7646836349195,0.0023083999349182704
GPHDLLWAH,HLA-B*27:05,6.63130434782606,9143.842312223087,0.36301058379467577
PHDLLWAHS,HLA-B*27:05,62.74467391304348,24286.1670014034,0.01215571662032744
HDLLWAHSG,HLA-B*27:05,20.2322554347826,13863.565702861202,0.1298625278286636
DLLWAHSGR,HLA-B*27:05,16.15755434782608,12560.638246031194,0.18272143276408315
LLWAHSGRD,HLA-B*27:05,62.74467391304348,23268.38577827029,0.00559648666967405
LWAHSGRDR,HLA-B*27:05,24.57923913043477,10341.340179008866,0.004338410384661984
WAHSGRDRP,HLA-B*27:05,62.74467391304348,20756.234509813796,0.0021471945310622687
AHSGRDRPW,HLA-B*27:05,27.61739130434782,12901.64809559083,0.04569951933808625
HSGRDRPWS,HLA-B*27:05,31.643179347826077,13275.114165098676,0.0011123065305582713
SGRDRPWSG,HLA-B*27:05,7.778097826086963,3183.5455218086076,0.026508122478844598
GRDRPWSGK,HLA-B*27:05,0.858478260869461,111.38190680235002,0.05300374259240925
RDRPWSGKE,HLA-B*27:05,14.277038043478257,5858.152295725069,0.011832946154754609
DRPWSGKES,HLA-B*27:05,27.61739130434782,11793.08078767107,0.012527734972536564
RPWSGKEST,HLA-B*27:05,9.494239130434764,7420.569606748589,0.19579975260421634
PWSGKESTG,HLA-B*27:05,31.643179347826077,14083.56938598307,0.00041811702112681814
WSGKESTGA,HLA-B*27:05,37.35904891304347,15730.950457110266,0.00035860942080034874
SGKESTGAI,HLA-B*27:05,3.80744565217384,1225.899712558769,0.0008114970096357865
GKESTGAIP,HLA-B*27:05,27.61739130434782,17593.917540977996,0.1018390363897197
KESTGAIPK,HLA-B*27:05,1.4729891304346978,825.7147969068618,0.3435148363932967
ESTGAIPKE,HLA-B*27:05,16.15755434782608,9757.56755078373,0.10310564242536202
STGAIPKEV,HLA-B*27:05,6.962798913043457,3075.8631944771514,0.05011501343687996
TGAIPKEVP,HLA-B*27:05,11.115788043478247,4499.0834620670885,0.012251402062247507
GAIPKEVPG,HLA-B*27:05,16.15755434782608,6792.689862305086,0.008444294478977099
AIPKEVPGP,HLA-B*27:05,12.187228260869546,6962.556187659613,0.104850810370408
IPKEVPGPS,HLA-B*27:05,13.500896739130425,6458.60429020761,0.04436003355658613
PKEVPGPSW,HLA-B*27:05,17.305597826086952,11160.090568126143,0.1283577373251319
KEVPGPSWS,HLA-B*27:05,46.224673913043475,18680.65443786493,0.020619672170141712
EVPGPSWSL,HLA-B*27:05,2.1644836956520948,2655.388078262109,0.46677787601947784
VPGPSWSLL,HLA-B*27:05,4.454592391304317,1816.4783087267513,0.05215509107802063
PGPSWSLLD,HLA-B*27:05,31.643179347826077,14048.797106453625,0.000402936580030655
GPSWSLLDL,HLA-B*27:05,9.849456521739114,4420.502312015312,0.03905951022170484
PSWSLLDLK,HLA-B*27:05,18.61798913043478,8071.892730723891,0.003993208956671879
SWSLLDLKT,HLA-B*27:05,46.224673913043475,17364.19480340475,0.0031348280899692327
WSLLDLKTG,HLA-B*27:05,46.224673913043475,18423.044676340516,0.01302054892948945
SLLDLKTGS,HLA-B*27:05,31.643179347826077,13848.228978701574,0.03262847042060457
LLDLKTGSC,HLA-B*27:05,8.545326086956507,3302.5683487279985,0.006269899691687897
LDLKTGSCT,HLA-B*27:05,31.643179347826077,14059.234363873815,0.009844804415479302
DLKTGSCTS,HLA-B*27:05,37.35904891304347,16759.394874046575,0.02172406093450263
LKTGSCTSR,HLA-B*27:05,4.6575815217390755,2209.727288556269,0.09213087930402253
KTGSCTSRW,HLA-B*27:05,3.996902173913,13218.802197282641,0.6360136028379202
TGSCTSRWE,HLA-B*27:05,31.643179347826077,12595.819665561461,0.0005400600603024941
GSCTSRWES,HLA-B*27:05,62.74467391304348,20354.37703028202,0.002666903252247721
SCTSRWESA,HLA-B*27:05,24.57923913043477,10144.427662215958,0.006198200399012421
CTSRWESAW,HLA-B*27:05,15.160951086956516,14427.93520873129,0.23057505395263433
TSRWESAWS,HLA-B*27:05,46.224673913043475,19756.294821321124,0.0020076287546544336
SRWESAWSG,HLA-B*27:05,1.3343749999999233,340.0396688798679,0.14989778853487223
RWESAWSGL,HLA-B*27:05,3.526929347825998,1350.434488440248,0.05560539907310158
WESAWSGLS,HLA-B*27:05,62.74467391304348,21233.77386621169,0.0013503614427463617
ESAWSGLSP,HLA-B*27:05,15.160951086956516,13199.929669908073,0.21683779393788427
SAWSGLSPR,HLA-B*27:05,0.7554076086955206,652.153725272529,0.592073280364275
AWSGLSPRT,HLA-B*27:05,62.74467391304348,20280.002852120084,0.0034516719351813663
WSGLSPRTG,HLA-B*27:05,31.643179347826077,12924.336194396363,0.005135509491083212
SGLSPRTGR,HLA-B*27:05,1.692934782608603,379.01784514412293,0.05856045777909458
GLSPRTGRC,HLA-B*27:05,37.35904891304347,14886.394846468123,0.006921409789356403
LSPRTGRCG,HLA-B*27:05,18.61798913043478,7946.417021483003,0.0030526574155373964
SPRTGRCGS,HLA-B*27:05,22.19230978260869,9907.14518722221,0.02849019035784295
PRTGRCGSE,HLA-B*27:05,20.2322554347826,8603.788922751957,0.00017774620209820569
RTGRCGSEE,HLA-B*27:05,9.494239130434764,3686.663583756631,0.0010244698032693123
TGRCGSEEA,HLA-B*27:05,8.01565217391304,3061.1648011076854,0.0011088832798122894
GRCGSEEAS,HLA-B*27:05,8.839293478260856,3333.1446691052975,0.00043548565918172244
RCGSEEAST,HLA-B*27:05,27.61739130434782,12233.542574927505,8.178914140444249e-05
CGSEEASTL,HLA-B*27:05,2.312336956521662,559.6310182249555,0.0046284468116937205
GSEEASTLT,HLA-B*27:05,46.224673913043475,18429.061104045308,0.0024113588660839014
SEEASTLTI,HLA-B*27:05,2.7082880434782055,1986.7834008377665,0.27766965772025287
EEASTLTIP,HLA-B*27:05,8.839293478260856,18781.97991205057,0.47150314785540104
EASTLTIPA,HLA-B*27:05,31.643179347826077,18308.540165588114,0.08158678316976875
ASTLTIPAA,HLA-B*27:05,14.277038043478257,13352.51068725851,0.23258441966027021
STLTIPAAP,HLA-B*27:05,18.61798913043478,12833.201960644183,0.15032318234443665
TLTIPAAPV,HLA-B*27:05,16.15755434782608,6531.179027638504,0.004661472237785347
LTIPAAPVG,HLA-B*27:05,24.57923913043477,12588.509117988657,0.05156175186857581
TIPAAPVGL,HLA-B*27:05,0.938097826086846,325.77934592897356,0.30703257117420435
IPAAPVGLR,HLA-B*27:05,1.570679347826001,2070.5310215608897,0.563428396359086
PAAPVGLRW,HLA-B*27:05,4.887418478260841,12605.54419759564,0.5535979196429253
AAPVGLRWL,HLA-B*27:05,4.585733695652138,2760.067203351476,0.15587825560942292
APVGLRWLV,HLA-B*27:05,8.839293478260856,11008.56747051941,0.3268516771495342
PVGLRWLVR,HLA-B*27:05,20.2322554347826,10320.700631439468,0.05057458457304165
SVIRTLSTI,HLA-B*27:05,0.49160326086953887,381.7648530933283,0.6085283905267715
VIRTLSTID,HLA-B*27:05,46.224673913043475,17608.63723844827,0.005915552836086135
IRTLSTIDD,HLA-B*27:05,31.643179347826077,13942.425625350354,0.0022320168718579225
RTLSTIDDV,HLA-B*27:05,11.115788043478247,4825.821935097207,0.02869667625054717
TLSTIDDVE,HLA-B*27:05,5.671874999999957,2018.8855755644588,0.0033196466756635346
LSTIDDVED,HLA-B*27:05,20.2322554347826,8232.89066864006,0.00042241324445058126
STIDDVEDR,HLA-B*27:05,3.238749999999925,1122.221434964397,0.04074021731503308
TIDDVEDRE,HLA-B*27:05,2.970652173912967,879.4082389241829,0.011671187923639081
IDDVEDREN,HLA-B*27:05,4.329592391304317,1440.1795802004976,0.0003821677510131849
EKIILNFTT,HLA-B*27:05,46.224673913043475,22727.84478893074,0.08115135063417256
KIILNFTTL,HLA-B*27:05,1.1500815217389828,367.47375582792483,0.24402974545955658
IILNFTTLD,HLA-B*27:05,46.224673913043475,19035.499956059262,0.0038618438884441275
ILNFTTLDL,HLA-B*27:05,1.9201630434781833,595.9820823202053,0.11735021020285785
LNFTTLDLY,HLA-B*27:05,6.792608695652163,2694.882061516426,0.023052786258631386
NFTTLDLYR,HLA-B*27:05,22.19230978260869,10971.428748350892,0.05141458674916066
FTTLDLYRS,HLA-B*27:05,62.74467391304348,24016.09393244422,0.044967578796786256
TTLDLYRSR,HLA-B*27:05,2.631467391304284,6102.751666614018,0.5977586060762405
TLDLYRSRL,HLA-B*27:05,3.1845108695651163,1067.763471030883,0.03344217408448458
QNEELDRQK,HLA-B*27:05,3.358777173912955,1035.5347338524803,0.0019464719007373787
NEELDRQKR,HLA-B*27:05,3.326576086956436,1014.8378777253138,0.0019688224092533346
EELDRQKRI,HLA-B*27:05,5.054048913043445,2040.1696479139,0.041691025777254254
ELDRQKRIG,HLA-B*27:05,20.2322554347826,8862.678443747713,0.008929111616453156
LDRQKRIGN,HLA-B*27:05,5.554945652173885,1995.2872096638748,0.001841482659074245
DRQKRIGNT,HLA-B*27:05,15.160951086956516,6684.045708953738,0.026531561044976115
RQKRIGNTR,HLA-B*27:05,0.7013858695651152,121.07187750659533,0.15974518680013716
QKRIGNTRK,HLA-B*27:05,5.913749999999965,2209.9402047354592,0.009511433381703682
KRIGNTRKM,HLA-B*27:05,0.5961956521738614,68.46786978862895,0.0643077100685332
SCDQRQLSE,HLA-B*27:05,4.213478260869522,1395.8252593046282,0.001518587241662317
CDQRQLSEC,HLA-B*27:05,15.160951086956516,5997.106728775686,0.0007331207980314502
DQRQLSECD,HLA-B*27:05,22.19230978260869,11550.995392819945,0.04976560245268047
QRQLSECDE,HLA-B*27:05,17.305597826086952,6901.277700574093,0.000197019835923129
RQLSECDEP,HLA-B*27:05,17.305597826086952,7612.019801693754,0.013625609659356996
QLSECDEPQ,HLA-B*27:05,10.655842391304333,4161.779097664022,0.0005167809977137949
LSECDEPQP,HLA-B*27:05,27.61739130434782,12259.703563415229,0.011780718072259333
SECDEPQPH,HLA-B*27:05,4.807092391304323,1687.601793688036,0.007780594165524235
ECDEPQPHH,HLA-B*27:05,16.15755434782608,6948.448659529429,0.007610734410263831
EEDEEEEED,HLA-B*27:05,3.4218749999999147,1052.6831251774643,0.00015564614295726642
EDEEEEEDF,HLA-B*27:05,4.271168478260833,1425.4918391656888,0.00026849994628719287
DEEEEEDFK,HLA-B*27:05,3.720108695652101,1180.9504499306768,0.0004298266776459059
DSVSSINSV,HLA-B*27:05,11.115788043478247,6935.068842604315,0.12261751317419112
SVSSINSVT,HLA-B*27:05,31.643179347826077,13631.654914378392,0.011224811314605176
VSSINSVTS,HLA-B*27:05,27.61739130434782,12173.369242242248,0.003229942682082765
SSINSVTSH,HLA-B*27:05,2.1033695652173208,1249.4659637800141,0.27478316007182
SINSVTSHS,HLA-B*27:05,37.35904891304347,15345.636660943945,0.0095578295076848
INSVTSHSS,HLA-B*27:05,46.224673913043475,16560.604037581288,0.0009522079199086875
NSVTSHSSV,HLA-B*27:05,12.187228260869546,5122.25283553242,0.011114795532193966
SVTSHSSVG,HLA-B*27:05,24.57923913043477,10841.997625955786,0.006466403618105687
VTSHSSVGS,HLA-B*27:05,37.35904891304347,16345.927635281872,0.0007059567578835413
HGKRFHATI,HLA-B*27:05,1.9611684782608023,433.71049227588765,0.020143925037700683
GKRFHATIS,HLA-B*27:05,46.224673913043475,20638.173082692418,0.05361471384821925
KRFHATISF,HLA-B*27:05,0.038315217391314604,50.018874138075454,0.7252205945551395
RFHATISFD,HLA-B*27:05,62.74467391304348,23532.26155637762,0.009261634360882454
FHATISFDT,HLA-B*27:05,62.74467391304348,23324.325286845604,0.009037864656420425
HATISFDTD,HLA-B*27:05,27.61739130434782,12327.569146883547,0.006895945043652318
ATISFDTDT,HLA-B*27:05,46.224673913043475,22877.226656632636,0.03899411903694272
TISFDTDTG,HLA-B*27:05,27.61739130434782,10931.571647862642,0.001874790781585034
ISFDTDTGL,HLA-B*27:05,4.807092391304323,2032.794399201207,0.057610335177741945
PPISSCDTR,HLA-B*27:05,22.19230978260869,9435.853193755685,0.007641983371286187
PISSCDTRT,HLA-B*27:05,62.74467391304348,23331.548384051246,0.0003251251473557204
ISSCDTRTM,HLA-B*27:05,5.554945652173885,2173.9459928481483,0.024813983676722273
SSCDTRTMA,HLA-B*27:05,31.643179347826077,14112.498709380841,0.008132246628520079
SCDTRTMAN,HLA-B*27:05,14.277038043478257,5624.778390422949,0.0006470251200880739
CDTRTMANC,HLA-B*27:05,31.643179347826077,12746.024334264312,0.0008601348436059197
DTRTMANCE,HLA-B*27:05,37.35904891304347,15780.619270307547,0.011444021205534227
TRTMANCER,HLA-B*27:05,1.39152173913034,216.93677570400098,0.005459738275021664
RTMANCERT,HLA-B*27:05,31.643179347826077,13453.850277968157,0.01013714837608859
LCGTDEKIA,HLA-B*27:05,37.35904891304347,14318.891016828242,0.00046435777676379075
CGTDEKIAN,HLA-B*27:05,7.147065217391287,2652.1130050264455,0.00022586367867916124
GTDEKIANV,HLA-B*27:05,1.1338586956520231,1315.9356817200596,0.6011236384510994
TDEKIANVT,HLA-B*27:05,22.19230978260869,10191.68267834531,0.019068944704486057
DEKIANVTE,HLA-B*27:05,9.849456521739114,5165.188015111519,0.07883895986014977
EKIANVTED,HLA-B*27:05,31.643179347826077,14029.658032762718,0.02181390031182673
KIANVTEDA,HLA-B*27:05,37.35904891304347,17727.01765458745,0.036460219882428646
IANVTEDAK,HLA-B*27:05,6.479157608695644,2418.4246916814523,0.009023147460538894
CKAYWKVCF,HLA-B*27:05,11.6303260869565,8306.333494808569,0.16000989614985883
KAYWKVCFH,HLA-B*27:05,6.63130434782606,10553.746406244645,0.40708840917795897
AYWKVCFHY,HLA-B*27:05,4.732201086956479,8502.953006210015,0.45323494262993336
YWKVCFHYN,HLA-B*27:05,62.74467391304348,22246.346295183157,0.002827674732543528
WKVCFHYNL,HLA-B*27:05,16.15755434782608,7093.4614556146325,0.015985196085239295
KVCFHYNLH,HLA-B*27:05,24.57923913043477,10694.905687077604,0.01237662578932941
VCFHYNLHK,HLA-B*27:05,31.643179347826077,13174.715488580841,0.002274030732223764
CFHYNLHKA,HLA-B*27:05,46.224673913043475,22338.148204358367,0.05289875323069282
FHYNLHKAQ,HLA-B*27:05,46.224673913043475,18791.255585159248,0.02467911329586059
ECGKSFGRSC,HLA-B*27:05,37.35904891304347,14705.953264056476,0.0007892808862379752
CGKSFGRSCH,HLA-B*27:05,13.500896739130425,5442.3121012860865,0.0012642787578442949
GKSFGRSCHL,HLA-B*27:05,10.655842391304333,7866.5924592875,0.18083411123370752
KSFGRSCHLI,HLA-B*27:05,7.778097826086963,4214.73018511022,0.10119775380007923
SFGRSCHLIQ,HLA-B*27:05,22.19230978260869,9080.98949182525,0.0027154562267242
FGRSCHLIQH,HLA-B*27:05,10.655842391304333,4436.378186298932,0.01546144942403771
GRSCHLIQHQ,HLA-B*27:05,5.671874999999957,2069.8666474325,0.00729027834313456
RSCHLIQHQT,HLA-B*27:05,46.224673913043475,19949.913243093386,0.046444566280115396
SCHLIQHQTI,HLA-B*27:05,16.15755434782608,8170.849431765792,0.05008814396569505
CHLIQHQTIH,HLA-B*27:05,31.643179347826077,14408.639230519775,0.035084767107036896
GSSQKAREER,HLA-B*27:05,8.269211956521715,3181.0901948675105,0.0005801797415188048
SSQKAREERA,HLA-B*27:05,37.35904891304347,15533.209242256173,0.0009338430209027138
SQKAREERAL,HLA-B*27:05,3.8986413043477626,1361.870493738046,0.02330194611568004
QKAREERALL,HLA-B*27:05,7.147065217391287,3262.4487790501253,0.06117052142508328
KAREERALLP,HLA-B*27:05,24.57923913043477,12785.471197334275,0.05925117270089686
AREERALLPL,HLA-B*27:05,0.9888858695650811,124.71918125570679,0.019266141986008734
REERALLPLE,HLA-B*27:05,18.61798913043478,8535.91908248733,0.036366148735396564
EERALLPLEL,HLA-B*27:05,3.80744565217384,1972.3193365201237,0.1342848485801369
ERALLPLELQ,HLA-B*27:05,9.849456521739114,4286.161734653382,0.03036812276695855
RALLPLELQD,HLA-B*27:05,37.35904891304347,15422.223480916065,0.025289866025559604
SGSSFSRRAA,HLA-B*27:05,37.35904891304347,15733.695054525582,0.025711515016155317
GSSFSRRAAP,HLA-B*27:05,46.224673913043475,20136.46201922334,0.008082533608103404
SSFSRRAAPV,HLA-B*27:05,27.61739130434782,11463.055297103207,0.008139592449879274
SFSRRAAPVA,HLA-B*27:05,37.35904891304347,20742.40163175128,0.07422042521648109
FSRRAAPVAT,HLA-B*27:05,37.35904891304347,15229.877731334595,0.0034786670585162938
SRRAAPVATP,HLA-B*27:05,4.519266304347795,1762.4893110740752,0.040951402799692005
RRAAPVATPA,HLA-B*27:05,0.7967119565216052,111.9753135623576,0.08659073524177074
RAAPVATPAL,HLA-B*27:05,1.5753260869564372,657.3940630901584,0.24621672555804253
AAPVATPALL,HLA-B*27:05,1.755733695652097,1396.9651502501317,0.39799266308546066
APVATPALLT,HLA-B*27:05,37.35904891304347,15029.544761695699,0.014000925788423046
PVATPALLTS,HLA-B*27:05,46.224673913043475,19668.078649264102,0.008135979413054883
VATPALLTSH,HLA-B*27:05,3.8986413043477626,6523.916603004582,0.4535486279055476
ATPALLTSHR,HLA-B*27:05,16.15755434782608,9694.204879538152,0.10895465919747949
TPALLTSHRS,HLA-B*27:05,62.74467391304348,22360.742043856066,0.014764188264962286
PALLTSHRSL,HLA-B*27:05,24.57923913043477,10153.575618315133,0.010603716247715056
ALLTSHRSLG,HLA-B*27:05,62.74467391304348,21274.043344332298,0.00638430894468911
LLTSHRSLGN,HLA-B*27:05,22.19230978260869,9229.451687031413,0.0008225253004638944
LTSHRSLGNT,HLA-B*27:05,31.643179347826077,12973.486433282791,0.0008952879670687253
TSHRSLGNTR,HLA-B*27:05,7.778097826086963,3190.385104273506,0.021556075145781506
SHRSLGNTRH,HLA-B*27:05,13.500896739130425,5581.276188521176,0.0032693539360479917
HRSLGNTRHK,HLA-B*27:05,1.0924456521737653,141.09860558829888,0.007076072244672105
AVGATAVYPT,HLA-B*27:05,62.74467391304348,22844.665775957357,0.002287472154421266
VGATAVYPTD,HLA-B*27:05,46.224673913043475,17803.495132443717,0.0012523099212558009
GATAVYPTDL,HLA-B*27:05,24.57923913043477,10670.100290741422,0.013533653371268883
ATAVYPTDLV,HLA-B*27:05,46.224673913043475,19335.3756877689,0.03201146575156599
TAVYPTDLVK,HLA-B*27:05,2.813858695652101,5425.729542600385,0.533831475302577
AVYPTDLVKT,HLA-B*27:05,4.213478260869522,20562.431807597135,0.7377970181405544
VYPTDLVKTR,HLA-B*27:05,3.358777173912955,13285.093793567796,0.7052624225616455
YPTDLVKTRM,HLA-B*27:05,4.391929347826036,9014.353271137647,0.49963128939270973
PTDLVKTRMQ,HLA-B*27:05,46.224673913043475,19075.03737547151,0.024625054327771068
TDLVKTRMQN,HLA-B*27:05,20.2322554347826,8736.828899941078,0.01354717599315336
SKELYALGVV,HLA-B*27:05,62.74467391304348,24009.48428645319,0.00437297869939357
KELYALGVVD,HLA-B*27:05,46.224673913043475,20044.483143974387,0.03734788449946791
ELYALGVVDG,HLA-B*27:05,62.74467391304348,24691.599842719133,0.025444800936384127
LYALGVVDGL,HLA-B*27:05,4.213478260869522,1533.5027500623737,0.02445990324486047
YALGVVDGLH,HLA-B*27:05,24.57923913043477,11975.61001676177,0.04468165244907141
ALGVVDGLHT,HLA-B*27:05,37.35904891304347,16097.23585011337,0.020533070419332944
LGVVDGLHTV,HLA-B*27:05,4.807092391304323,2532.8192003032245,0.11643605772405863
GVVDGLHTVH,HLA-B*27:05,4.585733695652138,4705.595310909764,0.30460400879383087
VVDGLHTVHG,HLA-B*27:05,37.35904891304347,17308.10191716123,0.04516420705476776
VDGLHTVHGT,HLA-B*27:05,37.35904891304347,16176.167948100063,0.005098180845379829
NKNSSKPQKK,HLA-B*27:05,2.4134510869564423,595.3983229255438,0.0017407764789822977
KNSSKPQKKN,HLA-B*27:05,17.305597826086952,7104.29731850248,0.00033146664554806193
NSSKPQKKNG,HLA-B*27:05,27.61739130434782,12221.981311439613,0.0019708988274942385
SSKPQKKNGS,HLA-B*27:05,20.2322554347826,8511.735461418108,0.0007252237655848148
SKPQKKNGST,HLA-B*27:05,37.35904891304347,14418.486351279953,0.0013834203382430132
KPQKKNGSTW,HLA-B*27:05,5.913749999999965,6859.899943519707,0.3227802007459104
PQKKNGSTWA,HLA-B*27:05,62.74467391304348,23408.2016779818,0.005226369627052918
QKKNGSTWAN,HLA-B*27:05,46.224673913043475,16788.493989137078,0.0008521472145730513
KKNGSTWANV,HLA-B*27:05,22.19230978260869,10732.149880345727,0.039757810620358214
KNGSTWANVP,HLA-B*27:05,46.224673913043475,19331.70172555263,0.006448216478020186
RVNKLKREMG,HLA-B*27:05,31.643179347826077,14486.221693056534,0.016185269050765783
VNKLKREMGH,HLA-B*27:05,14.277038043478257,5685.145458781684,0.003918021237041103
NKLKREMGHL,HLA-B*27:05,12.187228260869546,6006.149386018305,0.06394581560743973
KLKREMGHLQ,HLA-B*27:05,22.19230978260869,10075.200176069364,0.022000773169565946
LKREMGHLQH,HLA-B*27:05,14.277038043478257,6100.041836638414,0.022609120511333458
KREMGHLQHE,HLA-B*27:05,11.115788043478247,4432.359645349897,0.0011370735246600816
REMGHLQHEL,HLA-B*27:05,0.9035597826085819,568.5031974622524,0.47766389697790146
EMGHLQHELQ,HLA-B*27:05,27.61739130434782,11816.49708220434,0.0022584256730624475
MGHLQHELQF,HLA-B*27:05,2.4632608695651186,752.4264403854164,0.054925119737163186
GHLQHELQFK,HLA-B*27:05,5.913749999999965,2896.118527897065,0.08493147499393672
SAAKAVKPKV,HLA-B*27:05,17.305597826086952,8629.96632758154,0.0519614031072706
AAKAVKPKVV,HLA-B*27:05,12.187228260869546,10345.124488635725,0.21074603078886867
AKAVKPKVVK,HLA-B*27:05,1.5159510869564343,1300.5960675538329,0.453904427587986
KAVKPKVVKP,HLA-B*27:05,12.187228260869546,15377.424938496484,0.3150097457692027
AVKPKVVKPK,HLA-B*27:05,2.5728260869564394,3350.3847352173784,0.4450753778219223
VKPKVVKPKK,HLA-B*27:05,6.479157608695644,3042.1380720126413,0.0692497294221539
AVTLSPNGKS,HLA-B*27:05,46.224673913043475,17988.410323433294,0.0021577487168542575
VTLSPNGKSL,HLA-B*27:05,1.7260326086955757,455.681268155963,0.09883292182348669
TLSPNGKSLA,HLA-B*27:05,22.19230978260869,9977.78742749932,0.014171134331263602
LSPNGKSLAC,HLA-B*27:05,9.494239130434764,3816.2037806888857,0.012152732386311982
SPNGKSLACQ,HLA-B*27:05,9.15535326086956,4211.369893413037,0.05413009790936485
PNGKSLACQS,HLA-B*27:05,62.74467391304348,20717.764038777383,0.00019796864535237546
NGKSLACQSM,HLA-B*27:05,4.968641304347784,1787.0826406887488,0.012630270248337183
GKSLACQSMD,HLA-B*27:05,62.74467391304348,21033.97511388284,0.014810287138971034
KSLACQSMDN,HLA-B*27:05,31.643179347826077,13160.508627219755,0.004588098650856409
SLACQSMDNQ,HLA-B*27:05,18.61798913043478,7668.590264684749,0.0013881627601222135
CGPHDLLWAH,HLA-B*27:05,17.305597826086952,8303.25435738388,0.043399246875196695
GPHDLLWAHS,HLA-B*27:05,46.224673913043475,24748.55781911356,0.07091219967696816
PHDLLWAHSG,HLA-B*27:05,62.74467391304348,22217.520873570287,0.00889372375968378
HDLLWAHSGR,HLA-B*27:05,14.277038043478257,7926.685266726892,0.08721360785420984
DLLWAHSGRD,HLA-B*27:05,99.28660326086957,26098.890104725077,0.005594314323388971
LLWAHSGRDR,HLA-B*27:05,27.61739130434782,14136.107810414876,0.045928984036436304
LWAHSGRDRP,HLA-B*27:05,62.74467391304348,23159.699622186243,0.0010374665616836865
WAHSGRDRPW,HLA-B*27:05,31.643179347826077,17656.785539778903,0.07550957414787263
AHSGRDRPWS,HLA-B*27:05,62.74467391304348,21998.98957817412,0.0017632130584388506
HSGRDRPWSG,HLA-B*27:05,14.277038043478257,6191.24369327131,0.012384530622512102
SGRDRPWSGK,HLA-B*27:05,1.9611684782608023,518.8736186671933,0.06853297736961395
GRDRPWSGKE,HLA-B*27:05,5.671874999999957,2034.9597951564338,0.0045900615805294365
RDRPWSGKES,HLA-B*27:05,24.57923913043477,10332.49365500695,0.015023211322841235
DRPWSGKEST,HLA-B*27:05,31.643179347826077,13772.767380954725,0.01826842343143653
RPWSGKESTG,HLA-B*27:05,8.839293478260856,5796.20478373577,0.1475212466903031
PWSGKESTGA,HLA-B*27:05,46.224673913043475,18269.8814372447,0.000534497437911341
WSGKESTGAI,HLA-B*27:05,31.643179347826077,13033.034959535766,0.00038438183764810674
SGKESTGAIP,HLA-B*27:05,9.849456521739114,3834.9550139611547,0.006205495992617216
GKESTGAIPK,HLA-B*27:05,1.905543478260796,1485.861318233897,0.372914875857532
KESTGAIPKE,HLA-B*27:05,13.500896739130425,6541.643943992943,0.05357749783433974
ESTGAIPKEV,HLA-B*27:05,27.61739130434782,14693.395171338756,0.07402359100524336
STGAIPKEVP,HLA-B*27:05,24.57923913043477,10906.133022665445,0.012337836931692436
TGAIPKEVPG,HLA-B*27:05,6.63130434782606,2534.36355570131,0.011353134294040501
GAIPKEVPGP,HLA-B*27:05,22.19230978260869,10362.950504360475,0.02379157830728218
AIPKEVPGPS,HLA-B*27:05,10.231983695652161,4249.953864896684,0.01735253701917827
IPKEVPGPSW,HLA-B*27:05,1.1472282608693973,2122.8627275177682,0.7272058017551899
PKEVPGPSWS,HLA-B*27:05,62.74467391304348,24638.752617980183,0.0011525660702318419
KEVPGPSWSL,HLA-B*27:05,2.027690217391225,2248.743178670846,0.4546149196103215
EVPGPSWSLL,HLA-B*27:05,12.187228260869546,6130.685463423553,0.06674700835719705
VPGPSWSLLD,HLA-B*27:05,27.61739130434782,11984.622977887024,0.005071742707514204
PGPSWSLLDL,HLA-B*27:05,11.115788043478247,4462.898847685367,0.0018136391081498004
GPSWSLLDLK,HLA-B*27:05,17.305597826086952,7355.057650845082,0.019621097831986845
PSWSLLDLKT,HLA-B*27:05,62.74467391304348,24812.853254003832,0.0030383523262571543
SWSLLDLKTG,HLA-B*27:05,46.224673913043475,18417.1132056694,0.0023994436232896987
WSLLDLKTGS,HLA-B*27:05,62.74467391304348,21649.7053483155,0.0023641706429771148
SLLDLKTGSC,HLA-B*27:05,24.57923913043477,11231.536091579952,0.03275208099512383
LLDLKTGSCT,HLA-B*27:05,24.57923913043477,10319.486248337273,0.007527011446654797
LDLKTGSCTS,HLA-B*27:05,37.35904891304347,14516.336661416088,0.004973326478648232
DLKTGSCTSR,HLA-B*27:05,7.778097826086963,5734.34474208439,0.18830905389040709
LKTGSCTSRW,HLA-B*27:05,8.269211956521715,13860.157688644005,0.4071860397234559
KTGSCTSRWE,HLA-B*27:05,46.224673913043475,19277.03635725072,0.01415038885170361
TGSCTSRWES,HLA-B*27:05,31.643179347826077,13930.633864974143,0.00023050171239447081
GSCTSRWESA,HLA-B*27:05,37.35904891304347,18370.174398158302,0.040853962673281785
SCTSRWESAW,HLA-B*27:05,37.35904891304347,15355.86046925541,0.017755804175976664
CTSRWESAWS,HLA-B*27:05,62.74467391304348,22739.229562785295,0.005644034532451769
TSRWESAWSG,HLA-B*27:05,37.35904891304347,15570.602073706774,0.003630141814937815
SRWESAWSGL,HLA-B*27:05,0.41527173913044635,66.80243738598902,0.19101056223735213
RWESAWSGLS,HLA-B*27:05,46.224673913043475,19768.54639524657,0.0095678403013153
WESAWSGLSP,HLA-B*27:05,37.35904891304347,16938.387897202112,0.03597171220462769
ESAWSGLSPR,HLA-B*27:05,3.8525271739129607,5899.057764209375,0.4270693762227893
SAWSGLSPRT,HLA-B*27:05,37.35904891304347,16342.433983264043,0.03638603142462671
AWSGLSPRTG,HLA-B*27:05,31.643179347826077,12577.595357178425,0.006149467750219628
WSGLSPRTGR,HLA-B*27:05,10.231983695652161,4767.094365376547,0.04839553724741563
SGLSPRTGRC,HLA-B*27:05,24.57923913043477,10547.191598558778,0.001891274114314001
GLSPRTGRCG,HLA-B*27:05,27.61739130434782,11293.988407700474,0.010588010307401419
LSPRTGRCGS,HLA-B*27:05,18.61798913043478,7885.656393453749,0.0012790436776413117
SPRTGRCGSE,HLA-B*27:05,8.839293478260856,3594.2354073525944,0.021843250666279346
PRTGRCGSEE,HLA-B*27:05,24.57923913043477,10372.108055362347,0.00016575736299273558
RTGRCGSEEA,HLA-B*27:05,22.19230978260869,9745.294750473564,0.0038664114090352086
TGRCGSEEAS,HLA-B*27:05,6.18413043478256,2229.6828390184055,0.0003644150483523845
GRCGSEEAST,HLA-B*27:05,5.2477717391304,1817.784198023085,0.0005012256569898454
RCGSEEASTL,HLA-B*27:05,3.2120380434781595,968.7715317194352,0.0031014929118100554
CGSEEASTLT,HLA-B*27:05,27.61739130434782,12212.154455505251,0.0002565005652286345
GSEEASTLTI,HLA-B*27:05,15.160951086956516,7735.889287872409,0.07079017418436706
SEEASTLTIP,HLA-B*27:05,10.231983695652161,16746.0510110282,0.39566211216151714
EEASTLTIPA,HLA-B*27:05,27.61739130434782,21261.150276296208,0.15470935468329117
EASTLTIPAA,HLA-B*27:05,18.61798913043478,21858.34006151839,0.2761758081614971
ASTLTIPAAP,HLA-B*27:05,37.35904891304347,17343.821052211682,0.04256808722857386
STLTIPAAPV,HLA-B*27:05,27.61739130434782,13074.182333261417,0.02315781405195594
TLTIPAAPVG,HLA-B*27:05,37.35904891304347,14929.205777820065,0.003141975132166408
LTIPAAPVGL,HLA-B*27:05,0.9548913043476972,303.5591679799361,0.28003276139497757
TIPAAPVGLR,HLA-B*27:05,2.231603260869477,1328.0505072060694,0.2606590799987316
IPAAPVGLRW,HLA-B*27:05,1.8266032608694758,5431.729531263918,0.7509671971201897
PAAPVGLRWL,HLA-B*27:05,27.61739130434782,14569.683891807348,0.04952203796710819
AAPVGLRWLV,HLA-B*27:05,27.61739130434782,15490.932643428823,0.09354951189015992
APVGLRWLVR,HLA-B*27:05,4.887418478260841,9330.714406411653,0.472885400056839
ISVIRTLSTI,HLA-B*27:05,1.6471467391303207,572.8694092794925,0.18589705787599087
SVIRTLSTID,HLA-B*27:05,46.224673913043475,19926.975801205517,0.028850144939497113
VIRTLSTIDD,HLA-B*27:05,62.74467391304348,20440.10801881279,0.0065207289953832515
IRTLSTIDDV,HLA-B*27:05,17.305597826086952,7343.338369804588,0.0030146714052534662
RTLSTIDDVE,HLA-B*27:05,22.19230978260869,10305.135546892701,0.024826025823131204
TLSTIDDVED,HLA-B*27:05,7.348016304347794,2739.2391543943486,0.002085953688947484
LSTIDDVEDR,HLA-B*27:05,11.6303260869565,4598.550586006126,0.001598837236088002
STIDDVEDRE,HLA-B*27:05,4.271168478260833,1470.746269419028,0.01016258611343801
TIDDVEDREN,HLA-B*27:05,2.2118478260868812,521.3891429115062,0.00828571215242846
IDDVEDRENE,HLA-B*27:05,3.2967934782607813,995.4160987841276,0.0008349230392923346
GEKIILNFTT,HLA-B*27:05,27.61739130434782,21365.1054415411,0.16137367766350508
EKIILNFTTL,HLA-B*27:05,7.778097826086963,6904.95000109212,0.23912471439689398
KIILNFTTLD,HLA-B*27:05,62.74467391304348,23192.000285505965,0.005713100574212149
IILNFTTLDL,HLA-B*27:05,6.962798913043457,2707.035217106024,0.0135229064617306
ILNFTTLDLY,HLA-B*27:05,11.6303260869565,5554.477216471668,0.059058566941530444
LNFTTLDLYR,HLA-B*27:05,27.61739130434782,11517.342851331128,0.008036940649617463
NFTTLDLYRS,HLA-B*27:05,99.28660326086957,27238.50222331477,0.01879061947693117
FTTLDLYRSR,HLA-B*27:05,27.61739130434782,19118.082339122477,0.15402161236852407
TTLDLYRSRL,HLA-B*27:05,13.500896739130425,8473.487914594967,0.12140685087069869
TLDLYRSRLC,HLA-B*27:05,46.224673913043475,16776.072988200296,0.0017737610360200051
KQNEELDRQK,HLA-B*27:05,1.3243206521738387,222.08107049399382,0.03703262022463605
QNEELDRQKR,HLA-B*27:05,5.149211956521697,1848.3487389625707,0.005378502228268189
NEELDRQKRI,HLA-B*27:05,13.500896739130425,5801.077477156462,0.01192340487614274
EELDRQKRIG,HLA-B*27:05,31.643179347826077,13009.272359451228,0.015297894511604682
ELDRQKRIGN,HLA-B*27:05,9.494239130434764,3647.4963492096963,0.004243864517775364
LDRQKRIGNT,HLA-B*27:05,20.2322554347826,8463.221524494065,0.0024360456882277504
DRQKRIGNTR,HLA-B*27:05,3.037282608695577,1583.1069949672524,0.16241755988448858
RQKRIGNTRK,HLA-B*27:05,1.052445652173759,149.03187745869153,0.039384729287121445
QKRIGNTRKM,HLA-B*27:05,16.15755434782608,7324.311648632473,0.0246496275649406
KRIGNTRKMI,HLA-B*27:05,0.8065217391303037,91.59325201551466,0.025947104673832655
DSCDQRQLSE,HLA-B*27:05,11.115788043478247,4377.278332757003,0.003007515500939917
SCDQRQLSEC,HLA-B*27:05,15.160951086956516,5986.771972249162,0.001038663336657919
CDQRQLSECD,HLA-B*27:05,18.61798913043478,7847.745928817972,0.0004363058014860144
DQRQLSECDE,HLA-B*27:05,22.19230978260869,10613.238053669462,0.03261160635156557
QRQLSECDEP,HLA-B*27:05,37.35904891304347,14220.205220915079,0.0005732332811021479
RQLSECDEPQ,HLA-B*27:05,7.558260869565203,2991.578965483927,0.014950361975934356
QLSECDEPQP,HLA-B*27:05,31.643179347826077,12672.960923901333,0.0019344297179486603
LSECDEPQPH,HLA-B*27:05,12.187228260869546,4884.269011865782,0.0045564905885839835
SECDEPQPHH,HLA-B*27:05,6.962798913043457,2687.0316668794253,0.015835379410418682
ECDEPQPHHS,HLA-B*27:05,31.643179347826077,13000.758139165597,0.0028990750724915415
DEEDEEEEED,HLA-B*27:05,3.679429347826016,1163.9474712379467,0.00010386346639279509
EEDEEEEEDF,HLA-B*27:05,3.1845108695651163,943.0231152882134,0.0003980467845394742
EDEEEEEDFK,HLA-B*27:05,4.102010869565163,1337.7151587150572,0.00033213836832146626
DEEEEEDFKP,HLA-B*27:05,16.15755434782608,6953.813282519014,0.014562724390998483
SDSVSSINSV,HLA-B*27:05,13.500896739130425,6413.825307855012,0.04291622433811426
DSVSSINSVT,HLA-B*27:05,62.74467391304348,21275.75856283302,0.005616962938802317
SVSSINSVTS,HLA-B*27:05,27.61739130434782,12557.472171725834,0.017040354199707508
VSSINSVTSH,HLA-B*27:05,9.15535326086956,4148.074619131832,0.04253068577963859
SSINSVTSHS,HLA-B*27:05,46.224673913043475,18084.144850688757,0.0029667898634215817
SINSVTSHSS,HLA-B*27:05,31.643179347826077,13847.887936140281,0.00874333041429054
INSVTSHSSV,HLA-B*27:05,16.15755434782608,6594.4003671660785,0.0017412419110769406
NSVTSHSSVG,HLA-B*27:05,37.35904891304347,16221.211136182485,0.0023695615855103824
SVTSHSSVGS,HLA-B*27:05,31.643179347826077,13196.988202735369,0.004758644994581118
VTSHSSVGSN,HLA-B*27:05,17.305597826086952,7274.589125864572,0.0005158745934750186
KHGKRFHATI,HLA-B*27:05,27.61739130434782,12534.314535846272,0.01143310050247237
HGKRFHATIS,HLA-B*27:05,37.35904891304347,16144.413287528392,0.0014108458817645442
GKRFHATISF,HLA-B*27:05,1.5659510869564457,1976.3903272608854,0.5526284766383469
KRFHATISFD,HLA-B*27:05,22.19230978260869,9424.138725818322,0.015497557702474296
RFHATISFDT,HLA-B*27:05,99.28660326086957,26240.4078812028,0.01199639672995545
FHATISFDTD,HLA-B*27:05,62.74467391304348,23331.65869562565,0.013241624823422171
HATISFDTDT,HLA-B*27:05,62.74467391304348,20987.90091683024,0.002792177489027381
ATISFDTDTG,HLA-B*27:05,37.35904891304347,18974.062577528042,0.078371457522735
TISFDTDTGL,HLA-B*27:05,8.269211956521715,3209.832913232471,0.00972964710672386
ISFDTDTGLK,HLA-B*27:05,7.147065217391287,3349.3496529129793,0.06851682186243124
GPPISSCDTR,HLA-B*27:05,8.01565217391304,3195.8644734531986,0.011173828526807483
PPISSCDTRT,HLA-B*27:05,62.74467391304348,23053.0652225196,0.0003963905546697788
PISSCDTRTM,HLA-B*27:05,22.19230978260869,9359.00490499968,0.004517163113632705
ISSCDTRTMA,HLA-B*27:05,31.643179347826077,16103.355983261961,0.04798858363938052
SSCDTRTMAN,HLA-B*27:05,17.305597826086952,7434.918704383686,0.00176592684147181
SCDTRTMANC,HLA-B*27:05,27.61739130434782,11703.920902784806,0.0010551343139013625
CDTRTMANCE,HLA-B*27:05,27.61739130434782,11471.760000858247,0.0004617612394213211
DTRTMANCER,HLA-B*27:05,31.643179347826077,14628.765073824596,0.025342724577058107
TRTMANCERT,HLA-B*27:05,31.643179347826077,13468.974011106071,0.0005038683211751049
RTMANCERTF,HLA-B*27:05,1.1225271739129,706.2652941101236,0.4354678560048342
RLCGTDEKIA,HLA-B*27:05,27.61739130434782,13789.838292094404,0.04352426034165546
LCGTDEKIAN,HLA-B*27:05,12.187228260869546,4862.794133066471,0.00021767058024124708
CGTDEKIANV,HLA-B*27:05,7.348016304347794,2796.927115054315,0.009610217923182063
GTDEKIANVT,HLA-B*27:05,24.57923913043477,14302.525392616944,0.07976527267601341
TDEKIANVTE,HLA-B*27:05,6.792608695652163,2590.785155979847,0.013715118599066045
DEKIANVTED,HLA-B*27:05,27.61739130434782,12256.896423281403,0.018839739088434726
EKIANVTEDA,HLA-B*27:05,62.74467391304348,23489.68666907892,0.02127271829522215
KIANVTEDAK,HLA-B*27:05,5.149211956521697,2228.649665050865,0.05798794300062582
IANVTEDAKR,HLA-B*27:05,14.277038043478257,5900.5782757766865,0.015004037457401864
GCKAYWKVCF,HLA-B*27:05,31.643179347826077,13026.146366638912,0.01365330137195997
CKAYWKVCFH,HLA-B*27:05,46.224673913043475,22468.923031345632,0.0805507629411295
KAYWKVCFHY,HLA-B*27:05,8.545326086956507,10145.150931869388,0.3179935053922236
AYWKVCFHYN,HLA-B*27:05,62.74467391304348,26024.032457491947,0.022703536582412198
YWKVCFHYNL,HLA-B*27:05,46.224673913043475,17787.93155043952,0.0056776412020553835
WKVCFHYNLH,HLA-B*27:05,62.74467391304348,23574.81174594989,0.009386908583110198
KVCFHYNLHK,HLA-B*27:05,24.57923913043477,10916.375651376875,0.005412590864580125
VCFHYNLHKA,HLA-B*27:05,62.74467391304348,26558.00695216372,0.01856572352699004
CFHYNLHKAQ,HLA-B*27:05,99.28660326086957,26351.239115948036,0.00489898786690901
FHYNLHKAQP,HLA-B*27:05,62.74467391304348,26473.62041539152,0.025986398628447205
NECGKSFGRSC,HLA-B*27:05,12.187228260869546,5575.949077905371,0.03188979846891016
ECGKSFGRSCH,HLA-B*27:05,24.57923913043477,10710.546520553886,0.0037746335055999225
CGKSFGRSCHL,HLA-B*27:05,18.61798913043478,7830.0524960702705,0.003913338950951584
GKSFGRSCHLI,HLA-B*27:05,20.2322554347826,17493.762842832497,0.20537597069051117
KSFGRSCHLIQ,HLA-B*27:05,22.19230978260869,11757.312452043912,0.0760780552518554
SFGRSCHLIQH,HLA-B*27:05,20.2322554347826,9011.288293832617,0.031009283098683227
FGRSCHLIQHQ,HLA-B*27:05,46.224673913043475,18700.36204849003,0.0033047299984900746
GRSCHLIQHQT,HLA-B*27:05,27.61739130434782,12431.665056536629,0.03579959267517552
RSCHLIQHQTI,HLA-B*27:05,5.44942934782604,10219.098678925584,0.4576273448765278
SCHLIQHQTIH,HLA-B*27:05,46.224673913043475,17420.18454235732,0.0025341560894958093
CHLIQHQTIHT,HLA-B*27:05,62.74467391304348,25562.873337499354,0.015986910220817663
AGSSQKAREER,HLA-B*27:05,3.454483695652087,1074.7895501909193,0.0007083491182129364
GSSQKAREERA,HLA-B*27:05,46.224673913043475,17486.066341603062,0.0006086394041631138
SSQKAREERAL,HLA-B*27:05,6.962798913043457,2625.9360775194273,0.008760127981076948
SQKAREERALL,HLA-B*27:05,4.157119565217343,2422.916596138413,0.15721336659044027
QKAREERALLP,HLA-B*27:05,37.35904891304347,19326.550813474834,0.07760955789126456
KAREERALLPL,HLA-B*27:05,6.327092391304319,2417.967246521924,0.013642243895446882
AREERALLPLE,HLA-B*27:05,11.6303260869565,5093.457601413093,0.026272594928741455
REERALLPLEL,HLA-B*27:05,4.807092391304323,3110.8023703546974,0.17653089482337236
EERALLPLELQ,HLA-B*27:05,31.643179347826077,14039.189337054462,0.017995925969444215
ERALLPLELQD,HLA-B*27:05,31.643179347826077,13996.207683688912,0.017852301331004128
RALLPLELQDD,HLA-B*27:05,37.35904891304347,17847.08612469376,0.022586548642721027
RSGSSFSRRAA,HLA-B*27:05,22.19230978260869,16597.115108759448,0.15245011541992426
SGSSFSRRAAP,HLA-B*27:05,37.35904891304347,15353.687256668767,0.010986726471855945
GSSFSRRAAPV,HLA-B*27:05,46.224673913043475,18336.510671356158,0.0034643970648176037
SSFSRRAAPVA,HLA-B*27:05,22.19230978260869,18093.97795262991,0.19197551114484668
SFSRRAAPVAT,HLA-B*27:05,46.224673913043475,18921.435957534228,0.005648398197081406
FSRRAAPVATP,HLA-B*27:05,37.35904891304347,17383.120902881263,0.033361752139171585
SRRAAPVATPA,HLA-B*27:05,3.526929347825998,1470.1432908801723,0.08137142017949373
RRAAPVATPAL,HLA-B*27:05,0.4674999999999443,65.42931087058479,0.14226746279746294
RAAPVATPALL,HLA-B*27:05,2.4772826086955604,1592.8161902661407,0.258177749812603
AAPVATPALLT,HLA-B*27:05,31.643179347826077,14547.270612057491,0.045355653506703675
APVATPALLTS,HLA-B*27:05,16.15755434782608,11874.665153062899,0.15523277781903744
PVATPALLTSH,HLA-B*27:05,20.2322554347826,12502.334968485924,0.12033224618062377
VATPALLTSHR,HLA-B*27:05,10.655842391304333,16004.160345777918,0.37565894424915314
ATPALLTSHRS,HLA-B*27:05,62.74467391304348,24240.229116413353,0.039982459507882595
TPALLTSHRSL,HLA-B*27:05,11.115788043478247,6095.665977757701,0.08578518533613533
PALLTSHRSLG,HLA-B*27:05,99.28660326086957,26128.779488480708,0.002418353804387152
ALLTSHRSLGN,HLA-B*27:05,27.61739130434782,12048.658782641063,0.004230668768286705
LLTSHRSLGNT,HLA-B*27:05,62.74467391304348,21927.793662941345,0.0011016681055480149
LTSHRSLGNTR,HLA-B*27:05,14.277038043478257,6630.644159402621,0.0469402541857562
TSHRSLGNTRH,HLA-B*27:05,18.61798913043478,8197.189008465642,0.006143674425402423
SHRSLGNTRHK,HLA-B*27:05,13.500896739130425,5945.664035456193,0.02007297391537577
GAVGATAVYPT,HLA-B*27:05,46.224673913043475,20929.285540931643,0.024073773296549916
AVGATAVYPTD,HLA-B*27:05,37.35904891304347,16630.092528972076,0.002567948378782603
VGATAVYPTDL,HLA-B*27:05,20.2322554347826,8747.86179408072,0.005193680306547321
GATAVYPTDLV,HLA-B*27:05,46.224673913043475,20579.767126484676,0.009790389362024143
ATAVYPTDLVK,HLA-B*27:05,3.946249999999935,7915.364802624855,0.5024365447461605
TAVYPTDLVKT,HLA-B*27:05,8.545326086956507,21272.824458736024,0.521487683057785
AVYPTDLVKTR,HLA-B*27:05,1.511603260869478,7627.448639352805,0.9408041015267372
VYPTDLVKTRM,HLA-B*27:05,7.348016304347794,17364.842358692764,0.5066023794934154
YPTDLVKTRMQ,HLA-B*27:05,27.61739130434782,21086.801901834304,0.16868024785071611
PTDLVKTRMQN,HLA-B*27:05,37.35904891304347,16216.322828389584,0.0056339168004342355
TDLVKTRMQNQ,HLA-B*27:05,24.57923913043477,11106.883178045568,0.025784009194467217
LSKELYALGVV,HLA-B*27:05,62.74467391304348,20550.08804316377,0.006318885658401996
SKELYALGVVD,HLA-B*27:05,62.74467391304348,21043.45282543688,0.007424209077726118
KELYALGVVDG,HLA-B*27:05,46.224673913043475,21056.916706185628,0.04946010559797287
ELYALGVVDGL,HLA-B*27:05,24.57923913043477,14337.428562038825,0.08160499384393916
LYALGVVDGLH,HLA-B*27:05,37.35904891304347,15744.333132157759,0.011585938336793333
YALGVVDGLHT,HLA-B*27:05,46.224673913043475,21211.10407771072,0.05666767596267164
ALGVVDGLHTV,HLA-B*27:05,6.327092391304319,9075.28289421516,0.3772844113409519
LGVVDGLHTVH,HLA-B*27:05,17.305597826086952,7832.426706590427,0.03613096787012182
GVVDGLHTVHG,HLA-B*27:05,27.61739130434782,17007.432601642187,0.1231931748916395
VVDGLHTVHGT,HLA-B*27:05,37.35904891304347,16282.223539052195,0.02773916114529129
VDGLHTVHGTY,HLA-B*27:05,10.655842391304333,5999.257300025914,0.1027756875846535
KNKNSSKPQKK,HLA-B*27:05,2.1829619565216376,497.47663463973515,0.0023827013501431793
NKNSSKPQKKN,HLA-B*27:05,11.6303260869565,4694.605094743047,0.0007729835651844041
KNSSKPQKKNG,HLA-B*27:05,37.35904891304347,14126.583704073862,0.0004033083923786762
NSSKPQKKNGS,HLA-B*27:05,16.15755434782608,6608.911940115657,0.0013181067997720675
SSKPQKKNGST,HLA-B*27:05,17.305597826086952,7386.000773970529,0.000595023429923458
SKPQKKNGSTW,HLA-B*27:05,5.2477717391304,3868.0022321201045,0.20223800069652498
KPQKKNGSTWA,HLA-B*27:05,46.224673913043475,21561.735770879994,0.022716014042089228
PQKKNGSTWAN,HLA-B*27:05,27.61739130434782,11394.622601358422,0.0018635389096743893
QKKNGSTWANV,HLA-B*27:05,62.74467391304348,21183.54833530071,0.012886691663879901
KKNGSTWANVP,HLA-B*27:05,37.35904891304347,18799.55187495062,0.060369450991856866
KNGSTWANVPL,HLA-B*27:05,13.500896739130425,5330.3804229207035,0.0012214880043757148
SRVNKLKREMG,HLA-B*27:05,13.500896739130425,5708.9979114987345,0.012238740160682937
RVNKLKREMGH,HLA-B*27:05,9.494239130434764,4139.183733257772,0.03301989519968629
VNKLKREMGHL,HLA-B*27:05,22.19230978260869,9318.321556930523,0.004380719052278437
NKLKREMGHLQ,HLA-B*27:05,20.2322554347826,10493.107996045284,0.07310035833506845
KLKREMGHLQH,HLA-B*27:05,13.500896739130425,7530.740635246488,0.08781285537406802
LKREMGHLQHE,HLA-B*27:05,46.224673913043475,18853.641964385242,0.011683477980113821
KREMGHLQHEL,HLA-B*27:05,1.1919565217390158,209.3881103708561,0.07186628691852093
REMGHLQHELQ,HLA-B*27:05,8.269211956521715,3858.4277634838463,0.05630512582138181
EMGHLQHELQF,HLA-B*27:05,13.500896739130425,6896.817208273858,0.0591824883595109
MGHLQHELQFK,HLA-B*27:05,11.6303260869565,6403.2118900076,0.08635551563929766
GHLQHELQFKE,HLA-B*27:05,27.61739130434782,12568.681143152997,0.020888319879304618
KSAAKAVKPKV,HLA-B*27:05,37.35904891304347,15355.545057700714,0.01864720368757844
SAAKAVKPKVV,HLA-B*27:05,10.231983695652161,8835.691584097505,0.21447248198091984
AAKAVKPKVVK,HLA-B*27:05,3.454483695652087,2213.559672575331,0.199575106613338
AKAVKPKVVKP,HLA-B*27:05,4.047907608695596,16024.504019082342,0.6863517202436924
KAVKPKVVKPK,HLA-B*27:05,3.1588586956520857,2289.3846733479354,0.2470601238310337
AVKPKVVKPKK,HLA-B*27:05,5.671874999999957,5691.365426267078,0.2826066352427006
VKPKVVKPKKA,HLA-B*27:05,18.61798913043478,19633.34091618905,0.2673903335817158
PAVTLSPNGKS,HLA-B*27:05,46.224673913043475,17613.635851863415,0.000626135666607297
AVTLSPNGKSL,HLA-B*27:05,3.8525271739129607,1318.6461577153912,0.01761763170361519
VTLSPNGKSLA,HLA-B*27:05,24.57923913043477,12592.828261749324,0.05202793923672289
TLSPNGKSLAC,HLA-B*27:05,5.788070652173886,2091.1920351063754,0.005009584900108166
LSPNGKSLACQ,HLA-B*27:05,11.115788043478247,4734.764570255943,0.017974070069612935
SPNGKSLACQS,HLA-B*27:05,18.61798913043478,8656.616812299919,0.023746145074255764
PNGKSLACQSM,HLA-B*27:05,14.277038043478257,5689.863599683341,0.003669496396469185
NGKSLACQSMD,HLA-B*27:05,24.57923913043477,9815.122518150218,0.0006752727040293394
GKSLACQSMDN,HLA-B*27:05,31.643179347826077,13854.567870470028,0.012689301667705877
KSLACQSMDNQ,HLA-B*27:05,24.57923913043477,10391.586991024575,0.005611242188024335
SLACQSMDNQI,HLA-B*27:05,14.277038043478257,6039.0422507327285,0.011761824287532363
SCGPHDLLWAH,HLA-B*27:05,20.2322554347826,9234.45329993176,0.028825398156186566
CGPHDLLWAHS,HLA-B*27:05,62.74467391304348,20851.48177865904,0.005796288518467918
GPHDLLWAHSG,HLA-B*27:05,31.643179347826077,22473.99642544459,0.1329653228749521
PHDLLWAHSGR,HLA-B*27:05,31.643179347826077,16175.298972766439,0.06483757533715107
HDLLWAHSGRD,HLA-B*27:05,46.224673913043475,17159.649505878926,0.002443472701997962
DLLWAHSGRDR,HLA-B*27:05,27.61739130434782,18478.52378622334,0.12010333396028727
LLWAHSGRDRP,HLA-B*27:05,62.74467391304348,24011.81821576022,0.013225600268924609
LWAHSGRDRPW,HLA-B*27:05,46.224673913043475,18491.73220622968,0.018808259308570996
WAHSGRDRPWS,HLA-B*27:05,62.74467391304348,25227.21443422623,0.00373369621229358
AHSGRDRPWSG,HLA-B*27:05,27.61739130434782,11888.404605335465,0.015245328337186947
HSGRDRPWSGK,HLA-B*27:05,2.222146739130366,586.4799623520586,0.03961703088134527
SGRDRPWSGKE,HLA-B*27:05,5.788070652173886,2150.940603226844,0.0084062157839071
GRDRPWSGKES,HLA-B*27:05,5.2477717391304,1879.8541939204329,0.007758681655104738
RDRPWSGKEST,HLA-B*27:05,22.19230978260869,10675.20206021861,0.04003157546685543
DRPWSGKESTG,HLA-B*27:05,22.19230978260869,9688.910358010075,0.016917864813876804
RPWSGKESTGA,HLA-B*27:05,9.15535326086956,6575.091051071124,0.17547197919338942
PWSGKESTGAI,HLA-B*27:05,24.57923913043477,10658.456358284586,0.0005544485629798146
WSGKESTGAIP,HLA-B*27:05,37.35904891304347,15842.601069273513,0.004200707608106313
SGKESTGAIPK,HLA-B*27:05,1.1200271739129022,196.37344256599982,0.08576490025734529
GKESTGAIPKE,HLA-B*27:05,12.805461956521725,8428.661492723842,0.13022133905542432
KESTGAIPKEV,HLA-B*27:05,18.61798913043478,9129.351813952238,0.05413936701370403
ESTGAIPKEVP,HLA-B*27:05,27.61739130434782,15643.223969197605,0.08116799290291965
STGAIPKEVPG,HLA-B*27:05,10.655842391304333,4442.88671841778,0.011878652032464743
TGAIPKEVPGP,HLA-B*27:05,5.44942934782604,2106.4651273288946,0.0261554608005099
GAIPKEVPGPS,HLA-B*27:05,10.655842391304333,4303.4850325909965,0.006582363224879373
AIPKEVPGPSW,HLA-B*27:05,1.9201630434781833,2377.250823319849,0.4978401241824031
IPKEVPGPSWS,HLA-B*27:05,31.643179347826077,15037.641185364027,0.03207439978723414
PKEVPGPSWSL,HLA-B*27:05,31.643179347826077,14243.221174289532,0.03834380494663492
KEVPGPSWSLL,HLA-B*27:05,12.187228260869546,5929.034003272147,0.05797154130414128
EVPGPSWSLLD,HLA-B*27:05,27.61739130434782,12292.01056691304,0.015126193669857457
VPGPSWSLLDL,HLA-B*27:05,6.962798913043457,2784.3921200518153,0.021214990119915456
PGPSWSLLDLK,HLA-B*27:05,20.2322554347826,8818.11989365272,0.003872179593599867
GPSWSLLDLKT,HLA-B*27:05,62.74467391304348,22509.321259830947,0.013019066595006734
PSWSLLDLKTG,HLA-B*27:05,62.74467391304348,23572.13511245925,0.005711463723855559
SWSLLDLKTGS,HLA-B*27:05,46.224673913043475,19460.418691326915,0.0009776445076568052
WSLLDLKTGSC,HLA-B*27:05,37.35904891304347,16137.669490767139,0.002746913613009383
SLLDLKTGSCT,HLA-B*27:05,27.61739130434782,15225.443059008669,0.0916860206052661
LLDLKTGSCTS,HLA-B*27:05,27.61739130434782,11163.313959099001,0.005473891826113686
LDLKTGSCTSR,HLA-B*27:05,6.479157608695644,4032.4405551787036,0.1451475905487314
DLKTGSCTSRW,HLA-B*27:05,3.720108695652101,15985.373973600294,0.7145425640046597
LKTGSCTSRWE,HLA-B*27:05,62.74467391304348,22429.420527473798,0.005085781929665245
KTGSCTSRWES,HLA-B*27:05,46.224673913043475,20504.807489343373,0.0164444793954317
TGSCTSRWESA,HLA-B*27:05,24.57923913043477,10963.25128451256,0.007341763435761095
GSCTSRWESAW,HLA-B*27:05,24.57923913043477,14538.522728607688,0.09497792791808024
SCTSRWESAWS,HLA-B*27:05,62.74467391304348,22637.72112662403,0.000568116764043225
CTSRWESAWSG,HLA-B*27:05,46.224673913043475,18246.65643562949,0.02298026547941845
TSRWESAWSGL,HLA-B*27:05,16.15755434782608,6719.50912710666,0.011013089620973915
SRWESAWSGLS,HLA-B*27:05,3.2120380434781595,1186.1190925775943,0.0579223035601899
RWESAWSGLSP,HLA-B*27:05,18.61798913043478,15809.250649620933,0.2047631855821237
WESAWSGLSPR,HLA-B*27:05,14.277038043478257,8040.37650576959,0.0962983735371381
ESAWSGLSPRT,HLA-B*27:05,46.224673913043475,21779.510697776674,0.03869031899375841
SAWSGLSPRTG,HLA-B*27:05,6.63130434782606,5281.976192936591,0.2106985584832728
AWSGLSPRTGR,HLA-B*27:05,11.115788043478247,5664.623241105536,0.06691216444596648
WSGLSPRTGRC,HLA-B*27:05,37.35904891304347,15431.63283905905,0.0010392496769782156
SGLSPRTGRCG,HLA-B*27:05,6.479157608695644,2401.520091482539,0.004773254171595909
GLSPRTGRCGS,HLA-B*27:05,31.643179347826077,12518.062811072305,0.004287568444851786
LSPRTGRCGSE,HLA-B*27:05,8.545326086956507,3288.5696437020974,0.0008933891185733955
SPRTGRCGSEE,HLA-B*27:05,6.63130434782606,2640.4853795201843,0.022018608811777085
PRTGRCGSEEA,HLA-B*27:05,37.35904891304347,15170.12019881286,0.0011408512546040583
RTGRCGSEEAS,HLA-B*27:05,14.277038043478257,5630.462241716108,0.000816417425085092
TGRCGSEEAST,HLA-B*27:05,5.788070652173886,2076.968729273233,0.0003457773018453736
GRCGSEEASTL,HLA-B*27:05,0.7226358695651243,78.51864930967132,0.029446586617268622
RCGSEEASTLT,HLA-B*27:05,31.643179347826077,12365.32452034678,0.0001977923784579616
CGSEEASTLTI,HLA-B*27:05,6.792608695652163,2499.202791222334,0.00463046740333084
GSEEASTLTIP,HLA-B*27:05,15.160951086956516,19307.95495081742,0.3120196620002389
SEEASTLTIPA,HLA-B*27:05,24.57923913043477,15597.3950594358,0.11763507244177163
EEASTLTIPAA,HLA-B*27:05,11.115788043478247,21252.921964717123,0.43792240973562
EASTLTIPAAP,HLA-B*27:05,37.35904891304347,20105.310040783334,0.057519712252542377
ASTLTIPAAPV,HLA-B*27:05,37.35904891304347,14881.40181121961,0.00993699392711278
STLTIPAAPVG,HLA-B*27:05,37.35904891304347,16427.842006847408,0.03246725635835901
TLTIPAAPVGL,HLA-B*27:05,4.329592391304317,1647.9670500274879,0.03431011876091361
LTIPAAPVGLR,HLA-B*27:05,2.5436413043477444,5084.375962125434,0.5642124470323324
TIPAAPVGLRW,HLA-B*27:05,3.0595108695651447,6325.694972470434,0.5388049520552158
IPAAPVGLRWL,HLA-B*27:05,9.494239130434764,8204.824068665484,0.21771233016625047
PAAPVGLRWLV,HLA-B*27:05,46.224673913043475,22720.454908765383,0.04933510918635875
AAPVGLRWLVR,HLA-B*27:05,7.778097826086963,12520.955402641834,0.399857378564775
LISVIRTLSTI,HLA-B*27:05,12.187228260869546,5597.4173965746295,0.036128486157394946
ISVIRTLSTID,HLA-B*27:05,62.74467391304348,21415.592424560065,0.008081576699623838
SVIRTLSTIDD,HLA-B*27:05,31.643179347826077,16447.782948354015,0.04414614080451429
VIRTLSTIDDV,HLA-B*27:05,46.224673913043475,19917.300158120735,0.008218926814151928
IRTLSTIDDVE,HLA-B*27:05,22.19230978260869,9548.883571646826,0.007885866951255593
RTLSTIDDVED,HLA-B*27:05,20.2322554347826,9262.492631334435,0.02002058527432382
TLSTIDDVEDR,HLA-B*27:05,2.7245652173912447,761.527592771388,0.009686271572718397
LSTIDDVEDRE,HLA-B*27:05,12.187228260869546,4980.815135574628,0.0007463667934644036
STIDDVEDREN,HLA-B*27:05,2.390326086956435,598.4560061172842,0.006809540660469793
TIDDVEDRENE,HLA-B*27:05,1.692934782608603,321.3466451715514,0.012134812313888688
IDDVEDRENEK,HLA-B*27:05,2.0946467391303543,458.90992970406097,0.0013891550461266888
PGEKIILNFTT,HLA-B*27:05,62.74467391304348,25638.972815748763,0.008901543274987489
GEKIILNFTTL,HLA-B*27:05,6.479157608695644,12614.869662059711,0.4596812315285206
EKIILNFTTLD,HLA-B*27:05,99.28660326086957,26737.284048347334,0.01292968670168193
KIILNFTTLDL,HLA-B*27:05,31.643179347826077,14310.331803054576,0.02728339930763468
IILNFTTLDLY,HLA-B*27:05,31.643179347826077,15879.064787908163,0.04529287462355569
ILNFTTLDLYR,HLA-B*27:05,31.643179347826077,21308.991282788873,0.1286038898397237
LNFTTLDLYRS,HLA-B*27:05,62.74467391304348,25438.37189452531,0.013748213132203091
NFTTLDLYRSR,HLA-B*27:05,22.19230978260869,20637.11348786673,0.2108351404312998
FTTLDLYRSRL,HLA-B*27:05,62.74467391304348,22277.77125701326,0.024455157821648754
TTLDLYRSRLC,HLA-B*27:05,62.74467391304348,22691.878293761823,0.01390477066161111
TLDLYRSRLCW,HLA-B*27:05,22.19230978260869,14270.646528194713,0.11341619153972715
VKQNEELDRQK,HLA-B*27:05,2.6465760869564434,822.1409116559043,0.046854653730406426
KQNEELDRQKR,HLA-B*27:05,1.2239673913042424,244.06702111185697,0.10201002057874575
QNEELDRQKRI,HLA-B*27:05,22.19230978260869,10031.339904042949,0.009490138705587015
NEELDRQKRIG,HLA-B*27:05,20.2322554347826,8888.603122255203,0.01050247462990228
EELDRQKRIGN,HLA-B*27:05,10.231983695652161,4094.116392455012,0.010777095580124296
ELDRQKRIGNT,HLA-B*27:05,31.643179347826077,13381.808114539104,0.00928119829040952
LDRQKRIGNTR,HLA-B*27:05,8.269211956521715,3590.4091111392104,0.03533935559971724
DRQKRIGNTRK,HLA-B*27:05,2.1033695652173208,703.701842277677,0.11622257670387626
RQKRIGNTRKM,HLA-B*27:05,1.2464945652172759,280.428376773107,0.13165014307014644
QKRIGNTRKMI,HLA-B*27:05,46.224673913043475,19481.901422298346,0.040381169761531055
KRIGNTRKMIE,HLA-B*27:05,1.425407608695565,235.13975796352935,0.014694360725115985
TDSCDQRQLSE,HLA-B*27:05,3.487608695652085,1082.9183155665917,0.0006644086115557002
DSCDQRQLSEC,HLA-B*27:05,24.57923913043477,10257.647460978591,0.005098704845295288
SCDQRQLSECD,HLA-B*27:05,7.147065217391287,2669.646861403492,0.0007290392259164946
CDQRQLSECDE,HLA-B*27:05,11.115788043478247,4477.868475339429,0.0003409900973565527
DQRQLSECDEP,HLA-B*27:05,27.61739130434782,14622.99859851541,0.06881125259678811
QRQLSECDEPQ,HLA-B*27:05,12.187228260869546,4835.106192446724,0.0005450366243167082
RQLSECDEPQP,HLA-B*27:05,15.160951086956516,7302.41664438709,0.04394212004262954
QLSECDEPQPH,HLA-B*27:05,4.047907608695596,1327.0101304214113,0.0013113568256812869
LSECDEPQPHH,HLA-B*27:05,27.61739130434782,12100.709639530305,0.01021501506329514
SECDEPQPHHS,HLA-B*27:05,12.187228260869546,5091.26833100613,0.007257789075083565
ECDEPQPHHST,HLA-B*27:05,27.61739130434782,12031.119158631942,0.004563487142149825
EDEEDEEEEED,HLA-B*27:05,2.7245652173912447,731.8257825233769,8.970540648078895e-05
DEEDEEEEEDF,HLA-B*27:05,3.0595108695651447,887.6035530933308,0.00023512941061198944
EEDEEEEEDFK,HLA-B*27:05,2.4134510869564423,595.7704944476305,0.000634937071481545
EDEEEEEDFKP,HLA-B*27:05,10.655842391304333,4302.654864804536,0.012539498915430158
DEEEEEDFKPS,HLA-B*27:05,10.655842391304333,4091.1303415511607,0.0008227330035879277
SSDSVSSINSV,HLA-B*27:05,7.147065217391287,4483.456638092965,0.14664801536127925
SDSVSSINSVT,HLA-B*27:05,31.643179347826077,12897.991594643227,0.002040015664533712
DSVSSINSVTS,HLA-B*27:05,37.35904891304347,16403.070583603487,0.02175846108002588
SVSSINSVTSH,HLA-B*27:05,2.7600543478259993,2154.7489186898783,0.28904672618955374
VSSINSVTSHS,HLA-B*27:05,46.224673913043475,18906.721526818743,0.0011397433590900619
SSINSVTSHSS,HLA-B*27:05,31.643179347826077,13016.336598429487,0.004166489190538414
SINSVTSHSSV,HLA-B*27:05,22.19230978260869,10160.58568502014,0.029605241550598294
INSVTSHSSVG,HLA-B*27:05,37.35904891304347,15595.635353962518,0.0009230423856934067
NSVTSHSSVGS,HLA-B*27:05,17.305597826086952,6926.984726975189,0.0014100723310548346
SVTSHSSVGSN,HLA-B*27:05,3.946249999999935,1316.0846722094236,0.005890407366678119
VTSHSSVGSNI,HLA-B*27:05,7.778097826086963,3210.8329032470688,0.028488061390817165
LKHGKRFHATI,HLA-B*27:05,37.35904891304347,21299.750604333956,0.07628100150031969
KHGKRFHATIS,HLA-B*27:05,62.74467391304348,25047.043240397412,0.004227535129757598
HGKRFHATISF,HLA-B*27:05,3.80744565217384,1571.7688349428518,0.06803555507212877
GKRFHATISFD,HLA-B*27:05,62.74467391304348,26654.182983705585,0.027714971995010274
KRFHATISFDT,HLA-B*27:05,15.160951086956516,6618.001673106122,0.0272782338433899
RFHATISFDTD,HLA-B*27:05,62.74467391304348,23928.780738654335,0.02168875650386326
FHATISFDTDT,HLA-B*27:05,99.28660326086957,26265.81592885046,0.003933529493224341
HATISFDTDTG,HLA-B*27:05,27.61739130434782,12698.657121735689,0.010650619260559324
ATISFDTDTGL,HLA-B*27:05,6.63130434782606,6015.280936235808,0.2521062735468149
TISFDTDTGLK,HLA-B*27:05,3.0137228260868767,999.4079123732097,0.0397772577998694
ISFDTDTGLKQ,HLA-B*27:05,10.231983695652161,5427.83413568149,0.0797048641834408
EGPPISSCDTR,HLA-B*27:05,5.788070652173886,2516.4215842446483,0.05375519272638485
GPPISSCDTRT,HLA-B*27:05,46.224673913043475,16578.647848484554,0.0007932989792607259
PPISSCDTRTM,HLA-B*27:05,17.305597826086952,7316.310668056319,0.008898738684365526
PISSCDTRTMA,HLA-B*27:05,62.74467391304348,22584.250126904375,0.018064362957375124
ISSCDTRTMAN,HLA-B*27:05,20.2322554347826,8571.813223529038,0.0018871026477427222
SSCDTRTMANC,HLA-B*27:05,31.643179347826077,12632.25038972603,0.0070767084616818465
SCDTRTMANCE,HLA-B*27:05,16.15755434782608,6424.368275415106,0.0008291473495773971
CDTRTMANCER,HLA-B*27:05,27.61739130434782,11152.145841421248,0.004106745862372918
DTRTMANCERT,HLA-B*27:05,62.74467391304348,24373.90495922879,0.014219579170458019
TRTMANCERTF,HLA-B*27:05,1.3243206521738387,226.7652628132074,0.042819976806640625
RTMANCERTFI,HLA-B*27:05,11.115788043478247,7957.703183754437,0.1689692265354097
FRLCGTDEKIA,HLA-B*27:05,16.15755434782608,6869.294786909765,0.010186567738855956
RLCGTDEKIAN,HLA-B*27:05,3.80744565217384,1293.5432448932215,0.018515445641241968
LCGTDEKIANV,HLA-B*27:05,12.187228260869546,5057.556523145135,0.006665710025117733
CGTDEKIANVT,HLA-B*27:05,22.19230978260869,9240.591988779348,0.002312894863280235
GTDEKIANVTE,HLA-B*27:05,4.157119565217343,1845.2314156689624,0.08218385756481439
TDEKIANVTED,HLA-B*27:05,10.231983695652161,4087.1300331218545,0.003715915940119885
DEKIANVTEDA,HLA-B*27:05,31.643179347826077,16695.64002262833,0.05900263832882047
EKIANVTEDAK,HLA-B*27:05,8.839293478260856,3767.1908722339426,0.03136201063171029
KIANVTEDAKR,HLA-B*27:05,4.271168478260833,2421.387370949555,0.14869508042465895
IANVTEDAKRL,HLA-B*27:05,9.15535326086956,3869.8517293996747,0.03146668092813343
DGCKAYWKVCF,HLA-B*27:05,27.61739130434782,17572.741600970345,0.115557215816807
GCKAYWKVCFH,HLA-B*27:05,62.74467391304348,25874.998220045545,0.014702809690788854
CKAYWKVCFHY,HLA-B*27:05,46.224673913043475,24512.883363724817,0.1033380109583959
KAYWKVCFHYN,HLA-B*27:05,62.74467391304348,26301.137910844704,0.04462758108275011
AYWKVCFHYNL,HLA-B*27:05,62.74467391304348,24770.25943712285,0.03288546728435904
YWKVCFHYNLH,HLA-B*27:05,99.28660326086957,27921.084065511066,0.0070203723007580265
WKVCFHYNLHK,HLA-B*27:05,62.74467391304348,24783.62856220516,0.017238102067494765
KVCFHYNLHKA,HLA-B*27:05,46.224673913043475,27420.388202209408,0.10624248336534947
VCFHYNLHKAQ,HLA-B*27:05,99.28660326086957,27208.256697396148,0.0018724030633165967
CFHYNLHKAQP,HLA-B*27:05,99.28660326086957,28776.918772803627,0.019077382210525684
FHYNLHKAQPA,HLA-B*27:05,46.224673913043475,24971.536808747747,0.09010148607194424
CNECGKSFGRSC,HLA-B*27:05,18.61798913043478,8047.771176745869,0.001496352178946836
NECGKSFGRSCH,HLA-B*27:05,6.18413043478256,3125.206165242847,0.09631360066123307
ECGKSFGRSCHL,HLA-B*27:05,46.224673913043475,17309.67975917864,0.007625317906786222
CGKSFGRSCHLI,HLA-B*27:05,37.35904891304347,14590.23323958792,0.009180296990962233
GKSFGRSCHLIQ,HLA-B*27:05,27.61739130434782,17629.09610510286,0.12380675616441295
KSFGRSCHLIQH,HLA-B*27:05,8.839293478260856,11317.018366598108,0.33556899800896645
SFGRSCHLIQHQ,HLA-B*27:05,46.224673913043475,16967.621208825447,0.0037836954434169456
FGRSCHLIQHQT,HLA-B*27:05,99.28660326086957,27064.543939684416,0.009698274901893456
GRSCHLIQHQTI,HLA-B*27:05,4.6575815217390755,5328.900479253887,0.33353137224912643
RSCHLIQHQTIH,HLA-B*27:05,46.224673913043475,20772.121096392286,0.0461777041782625
SCHLIQHQTIHT,HLA-B*27:05,62.74467391304348,25137.183680497288,0.002095693733281223
CHLIQHQTIHTG,HLA-B*27:05,46.224673913043475,25081.86728630319,0.08447116200113669
PAGSSQKAREER,HLA-B*27:05,17.305597826086952,7240.527747527774,0.0005613360481220298
AGSSQKAREERA,HLA-B*27:05,27.61739130434782,11187.21939995225,0.0007626033693668433
GSSQKAREERAL,HLA-B*27:05,27.61739130434782,12352.539920902782,0.005238837446086109
SSQKAREERALL,HLA-B*27:05,18.61798913043478,8663.19011066859,0.03360966534819454
SQKAREERALLP,HLA-B*27:05,16.15755434782608,13674.918213962748,0.19515915028750896
QKAREERALLPL,HLA-B*27:05,46.224673913043475,19477.859985255884,0.020820337143959478
KAREERALLPLE,HLA-B*27:05,37.35904891304347,18186.67579496951,0.029834271408617496
AREERALLPLEL,HLA-B*27:05,1.570679347826001,522.9690082201766,0.18602999113500118
REERALLPLELQ,HLA-B*27:05,31.643179347826077,15391.939794775497,0.031915094528812915
EERALLPLELQD,HLA-B*27:05,46.224673913043475,20098.024577101238,0.010104043351020664
ERALLPLELQDD,HLA-B*27:05,46.224673913043475,18206.91276491371,0.023669533198699355
RALLPLELQDDG,HLA-B*27:05,62.74467391304348,22160.81307975298,0.02079848467838019
FRSGSSFSRRAA,HLA-B*27:05,7.558260869565203,6459.304292066014,0.2281695338897407
RSGSSFSRRAAP,HLA-B*27:05,37.35904891304347,17660.336227439046,0.039461598280468024
SGSSFSRRAAPV,HLA-B*27:05,37.35904891304347,15793.729591385118,0.0013099361895001493
GSSFSRRAAPVA,HLA-B*27:05,31.643179347826077,24724.703185376875,0.16059336671605706
SSFSRRAAPVAT,HLA-B*27:05,37.35904891304347,17162.21392372683,0.022511828457936645
SFSRRAAPVATP,HLA-B*27:05,46.224673913043475,21682.710772301627,0.024714651692193
FSRRAAPVATPA,HLA-B*27:05,46.224673913043475,20783.5697351248,0.05673531477805227
SRRAAPVATPAL,HLA-B*27:05,1.1986684782607568,253.58783476234007,0.12192279659211636
RRAAPVATPALL,HLA-B*27:05,0.49160326086953887,83.61370001640866,0.19165839906781912
RAAPVATPALLT,HLA-B*27:05,46.224673913043475,19458.854685508806,0.0315604786737822
AAPVATPALLTS,HLA-B*27:05,8.01565217391304,9840.214140221075,0.3233634098432958
APVATPALLTSH,HLA-B*27:05,3.0595108695651447,8307.192774714262,0.6145913228392601
PVATPALLTSHR,HLA-B*27:05,37.35904891304347,22173.740573130617,0.1003913459717296
VATPALLTSHRS,HLA-B*27:05,46.224673913043475,25825.612094300785,0.08284636843018234
ATPALLTSHRSL,HLA-B*27:05,15.160951086956516,13043.87650540242,0.19970170804299414
TPALLTSHRSLG,HLA-B*27:05,37.35904891304347,18230.044561191255,0.05589049743139185
PALLTSHRSLGN,HLA-B*27:05,62.74467391304348,20964.76681250828,0.0012844313787354622
ALLTSHRSLGNT,HLA-B*27:05,62.74467391304348,23478.461316681256,0.004180793010164052
LLTSHRSLGNTR,HLA-B*27:05,31.643179347826077,15507.790853381885,0.05450519644364249
LTSHRSLGNTRH,HLA-B*27:05,46.224673913043475,20275.47565525225,0.005517617239092942
TSHRSLGNTRHK,HLA-B*27:05,14.277038043478257,6184.2129929249895,0.02296865457901731
AGAVGATAVYPT,HLA-B*27:05,37.35904891304347,16010.615123731619,0.012312433962506475
GAVGATAVYPTD,HLA-B*27:05,37.35904891304347,17139.170750035282,0.027285831805784255
AVGATAVYPTDL,HLA-B*27:05,27.61739130434782,12434.43874806423,0.018483401989215054
VGATAVYPTDLV,HLA-B*27:05,62.74467391304348,20891.16097512085,0.005059796632849611
GATAVYPTDLVK,HLA-B*27:05,11.115788043478247,11317.587477348348,0.2652330375276506
ATAVYPTDLVKT,HLA-B*27:05,13.500896739130425,24998.24074835805,0.41726513765752316
TAVYPTDLVKTR,HLA-B*27:05,2.4501358695651163,10788.053603994618,0.7892489470541477
AVYPTDLVKTRM,HLA-B*27:05,3.2120380434781595,14723.63685154033,0.7504277378320694
VYPTDLVKTRMQ,HLA-B*27:05,24.57923913043477,22423.396509881863,0.21057591878343374
YPTDLVKTRMQN,HLA-B*27:05,37.35904891304347,19131.42959071413,0.07628474856028333
PTDLVKTRMQNQ,HLA-B*27:05,46.224673913043475,21097.42664057237,0.020140849919698667
TDLVKTRMQNQR,HLA-B*27:05,12.805461956521725,11828.781528354033,0.22641034133266658
TLSKELYALGVV,HLA-B*27:05,62.74467391304348,23710.262068372413,0.041369461454451084
LSKELYALGVVD,HLA-B*27:05,62.74467391304348,24004.407738202677,0.005536361990380101
SKELYALGVVDG,HLA-B*27:05,62.74467391304348,22387.032622986353,0.009122970717726275
KELYALGVVDGL,HLA-B*27:05,22.19230978260869,15746.66192000832,0.14929973240941763
ELYALGVVDGLH,HLA-B*27:05,37.35904891304347,18500.20213438002,0.035953645361587405
LYALGVVDGLHT,HLA-B*27:05,62.74467391304348,25116.608242397222,0.01957151514943689
YALGVVDGLHTV,HLA-B*27:05,4.807092391304323,15420.728679879498,0.6146430484950542
ALGVVDGLHTVH,HLA-B*27:05,6.18413043478256,4393.890137998498,0.18475829856470227
LGVVDGLHTVHG,HLA-B*27:05,46.224673913043475,20548.90434143801,0.010228453589661513
GVVDGLHTVHGT,HLA-B*27:05,24.57923913043477,15428.368679683095,0.10013798042200506
VVDGLHTVHGTY,HLA-B*27:05,5.671874999999957,7822.791659504355,0.3714944012463093
VDGLHTVHGTYY,HLA-B*27:05,24.57923913043477,18185.739204963007,0.16884705401025712
KKNKNSSKPQKK,HLA-B*27:05,2.660624999999925,721.9564558575552,0.006700186672787822
KNKNSSKPQKKN,HLA-B*27:05,11.115788043478247,4285.621163369987,0.0004347123567640665
NKNSSKPQKKNG,HLA-B*27:05,17.305597826086952,7033.0481447591055,0.0010880847412408912
KNSSKPQKKNGS,HLA-B*27:05,24.57923913043477,10460.408065262169,0.0003315289004603983
NSSKPQKKNGST,HLA-B*27:05,13.500896739130425,5538.936422816491,0.000782354411057895
SSKPQKKNGSTW,HLA-B*27:05,4.102010869565163,1853.8560885284867,0.08985885931178927
SKPQKKNGSTWA,HLA-B*27:05,46.224673913043475,17022.643172118846,0.006902190296386834
KPQKKNGSTWAN,HLA-B*27:05,27.61739130434782,11184.891806605398,0.007577748448966304
PQKKNGSTWANV,HLA-B*27:05,46.224673913043475,21550.395979232144,0.02949138145777397
QKKNGSTWANVP,HLA-B*27:05,46.224673913043475,21007.515601701754,0.039436944454791956
KKNGSTWANVPL,HLA-B*27:05,24.57923913043477,10533.92469672587,0.017349617352010682
KNGSTWANVPLP,HLA-B*27:05,46.224673913043475,18661.606645972694,0.013430706836516038
KSRVNKLKREMG,HLA-B*27:05,46.224673913043475,21890.890158200473,0.03569380724002258
SRVNKLKREMGH,HLA-B*27:05,2.2118478260868812,536.9569439707593,0.018111133358615916
RVNKLKREMGHL,HLA-B*27:05,46.224673913043475,19211.398961261173,0.03035156463738531
VNKLKREMGHLQ,HLA-B*27:05,37.35904891304347,16578.488676268804,0.007331901011639275
NKLKREMGHLQH,HLA-B*27:05,12.187228260869546,8257.389547631725,0.15310726629104465
KLKREMGHLQHE,HLA-B*27:05,46.224673913043475,19550.922159416998,0.018261474935570732
LKREMGHLQHEL,HLA-B*27:05,20.2322554347826,15541.534142391614,0.1750609609298408
KREMGHLQHELQ,HLA-B*27:05,12.805461956521725,5212.274249587445,0.007461293324013241
REMGHLQHELQF,HLA-B*27:05,3.0137228260868767,5021.485539478852,0.4822581000626087
EMGHLQHELQFK,HLA-B*27:05,27.61739130434782,14415.712377204427,0.06992444267962128
MGHLQHELQFKE,HLA-B*27:05,46.224673913043475,20875.18688038273,0.01630050118546933
GHLQHELQFKER,HLA-B*27:05,7.348016304347794,9821.272242537449,0.3554839612916112
AKSAAKAVKPKV,HLA-B*27:05,17.305597826086952,17244.906126063313,0.23918483208399266
KSAAKAVKPKVV,HLA-B*27:05,31.643179347826077,19538.56494292304,0.10221731523051858
SAAKAVKPKVVK,HLA-B*27:05,3.037282608695577,1921.5035310327012,0.21374034811742604
AAKAVKPKVVKP,HLA-B*27:05,15.160951086956516,17362.080828084876,0.28419386874884367
AKAVKPKVVKPK,HLA-B*27:05,2.741494565217323,6655.559463552545,0.6039438303560019
KAVKPKVVKPKK,HLA-B*27:05,12.187228260869546,8200.206139154521,0.1507513594115153
AVKPKVVKPKKA,HLA-B*27:05,4.6575815217390755,17833.563916022227,0.661881698295474
VKPKVVKPKKAA,HLA-B*27:05,27.61739130434782,20764.179213040334,0.16546854059561156
MPAVTLSPNGKS,HLA-B*27:05,27.61739130434782,12663.505232758638,0.009785798392840661
PAVTLSPNGKSL,HLA-B*27:05,17.305597826086952,7659.5795283860625,0.030369863437954336
AVTLSPNGKSLA,HLA-B*27:05,31.643179347826077,15235.725576848008,0.028347767212835606
VTLSPNGKSLAC,HLA-B*27:05,18.61798913043478,8372.364516397474,0.017388331471011043
TLSPNGKSLACQ,HLA-B*27:05,3.2967934782607813,1041.2652161756832,0.014070586439629551
LSPNGKSLACQS,HLA-B*27:05,27.61739130434782,12542.726008216983,0.0069881879826425575
SPNGKSLACQSM,HLA-B*27:05,1.9827717391303565,1182.710002188693,0.2886425070464611
PNGKSLACQSMD,HLA-B*27:05,46.224673913043475,16757.19215516957,0.0005634002700389829
NGKSLACQSMDN,HLA-B*27:05,4.585733695652138,1558.9915894839594,0.0011810823507403256
GKSLACQSMDNQ,HLA-B*27:05,27.61739130434782,12772.067801984867,0.02070135421672603
KSLACQSMDNQI,HLA-B*27:05,31.643179347826077,15122.297688512293,0.03769695435767062
SLACQSMDNQIL,HLA-B*27:05,5.44942934782604,2305.289077196421,0.04884335317183286
ISCGPHDLLWAH,HLA-B*27:05,27.61739130434782,14846.3074892155,0.08069012663327157
SCGPHDLLWAHS,HLA-B*27:05,46.224673913043475,18360.334470797094,0.025341948843561113
CGPHDLLWAHSG,HLA-B*27:05,37.35904891304347,16404.64963124556,0.02578473385074176
GPHDLLWAHSGR,HLA-B*27:05,9.849456521739114,11911.088254547,0.3175233257934451
PHDLLWAHSGRD,HLA-B*27:05,62.74467391304348,23365.51379590618,0.0020782132814929355
HDLLWAHSGRDR,HLA-B*27:05,22.19230978260869,13374.399866436956,0.10879416146781296
DLLWAHSGRDRP,HLA-B*27:05,62.74467391304348,25288.546185496903,0.01444032252766192
LLWAHSGRDRPW,HLA-B*27:05,24.57923913043477,19285.54494142302,0.17956494621466845
LWAHSGRDRPWS,HLA-B*27:05,99.28660326086957,28068.693155235513,0.000816007985122269
WAHSGRDRPWSG,HLA-B*27:05,37.35904891304347,15917.585318915675,0.02397657642723061
AHSGRDRPWSGK,HLA-B*27:05,3.358777173912955,1406.2695951007895,0.08632445547846146
HSGRDRPWSGKE,HLA-B*27:05,6.962798913043457,2620.640715801833,0.0030406688747461885
SGRDRPWSGKES,HLA-B*27:05,6.047907608695624,2283.7638566608134,0.011434584594098851
GRDRPWSGKEST,HLA-B*27:05,5.44942934782604,2091.230134212802,0.02172180387424305
RDRPWSGKESTG,HLA-B*27:05,17.305597826086952,7568.134125521263,0.026743643058580346
DRPWSGKESTGA,HLA-B*27:05,20.2322554347826,9002.764226453164,0.031272337058908306
RPWSGKESTGAI,HLA-B*27:05,7.348016304347794,5347.910145524309,0.18589311838150024
PWSGKESTGAIP,HLA-B*27:05,46.224673913043475,18190.381211736836,0.012770424204063602
WSGKESTGAIPK,HLA-B*27:05,6.479157608695644,2928.4697249784504,0.057839167420752347
SGKESTGAIPKE,HLA-B*27:05,2.1379619565216643,487.67582342241826,0.00866781560034724
GKESTGAIPKEV,HLA-B*27:05,24.57923913043477,15433.628841641665,0.12701209489023313
KESTGAIPKEVP,HLA-B*27:05,22.19230978260869,12509.56400857945,0.07830986846238375
ESTGAIPKEVPG,HLA-B*27:05,27.61739130434782,14410.187055991422,0.052468204812612385
STGAIPKEVPGP,HLA-B*27:05,10.655842391304333,4635.8041789062345,0.02770199565566145
TGAIPKEVPGPS,HLA-B*27:05,2.9306793478260005,852.4308347214233,0.00788211989129195
GAIPKEVPGPSW,HLA-B*27:05,3.326576086956436,2864.8861484281174,0.28617472434416413
AIPKEVPGPSWS,HLA-B*27:05,16.15755434782608,7535.331561421991,0.03817795302893501
IPKEVPGPSWSL,HLA-B*27:05,2.5574999999999193,3503.1538001253766,0.46051428467035294
PKEVPGPSWSLL,HLA-B*27:05,46.224673913043475,20131.290609999014,0.02471475474885665
KEVPGPSWSLLD,HLA-B*27:05,27.61739130434782,12236.157047446746,0.025839152076514438
EVPGPSWSLLDL,HLA-B*27:05,24.57923913043477,11648.238471631134,0.04274837498087436
VPGPSWSLLDLK,HLA-B*27:05,18.61798913043478,8904.861850733505,0.04259541886858642
PGPSWSLLDLKT,HLA-B*27:05,62.74467391304348,22942.148243787804,0.0029974649696669076
GPSWSLLDLKTG,HLA-B*27:05,37.35904891304347,20970.05512616728,0.10958935267990455
PSWSLLDLKTGS,HLA-B*27:05,62.74467391304348,23712.571211696293,0.0017757962341420352
SWSLLDLKTGSC,HLA-B*27:05,31.643179347826077,13795.700595612016,0.0010609726850816514
WSLLDLKTGSCT,HLA-B*27:05,62.74467391304348,24726.37549316691,0.022202457181265345
SLLDLKTGSCTS,HLA-B*27:05,15.160951086956516,8602.543685210436,0.08618448747438379
LLDLKTGSCTSR,HLA-B*27:05,6.962798913043457,6284.500198880409,0.25004100054502487
LDLKTGSCTSRW,HLA-B*27:05,16.15755434782608,18620.170419988146,0.29434116557240486
DLKTGSCTSRWE,HLA-B*27:05,37.35904891304347,17705.100321169113,0.06303027493413538
LKTGSCTSRWES,HLA-B*27:05,62.74467391304348,24674.57895133208,0.004275301525922259
KTGSCTSRWESA,HLA-B*27:05,27.61739130434782,16918.170200070897,0.12219860958430218
TGSCTSRWESAW,HLA-B*27:05,22.19230978260869,9283.17080144371,0.010072677134303376
GSCTSRWESAWS,HLA-B*27:05,62.74467391304348,23971.919004304487,0.005029647156334249
SCTSRWESAWSG,HLA-B*27:05,37.35904891304347,15317.423099674104,0.0015451506478711963
CTSRWESAWSGL,HLA-B*27:05,27.61739130434782,13421.493873166855,0.05380009762302507
TSRWESAWSGLS,HLA-B*27:05,37.35904891304347,14478.517866710155,0.005893869667488616
SRWESAWSGLSP,HLA-B*27:05,0.5470923913043038,273.642650842874,0.4781253654509783
RWESAWSGLSPR,HLA-B*27:05,6.047907608695624,9199.228091297453,0.39725218899548054
WESAWSGLSPRT,HLA-B*27:05,62.74467391304348,24584.377090443784,0.006610193784581497
ESAWSGLSPRTG,HLA-B*27:05,20.2322554347826,14523.26481436221,0.1494874000782147
SAWSGLSPRTGR,HLA-B*27:05,0.9202989130433537,898.678087984821,0.5952849425375462
AWSGLSPRTGRC,HLA-B*27:05,37.35904891304347,14465.576749352118,0.0017214678737218492
WSGLSPRTGRCG,HLA-B*27:05,46.224673913043475,17474.289026919305,0.0027562741452129558
SGLSPRTGRCGS,HLA-B*27:05,4.807092391304323,1677.015970417279,0.005237894372839946
GLSPRTGRCGSE,HLA-B*27:05,8.269211956521715,3134.087500410501,0.005539475358091295
LSPRTGRCGSEE,HLA-B*27:05,13.500896739130425,5513.33462695577,0.0023846040421631187
SPRTGRCGSEEA,HLA-B*27:05,8.01565217391304,4121.920140241853,0.08936006110161543
PRTGRCGSEEAS,HLA-B*27:05,37.35904891304347,14418.025147490842,0.0021108515247760806
RTGRCGSEEAST,HLA-B*27:05,24.57923913043477,9832.734999180311,0.0007004250637692166
TGRCGSEEASTL,HLA-B*27:05,1.9978260869564366,454.3285695844791,0.022023334240657277
GRCGSEEASTLT,HLA-B*27:05,2.832907608695578,785.1070104849888,0.001498138331953669
RCGSEEASTLTI,HLA-B*27:05,18.61798913043478,7779.004844428205,0.003585577811463736
CGSEEASTLTIP,HLA-B*27:05,27.61739130434782,13280.830559056803,0.027585201227338985
GSEEASTLTIPA,HLA-B*27:05,37.35904891304347,19492.415817626334,0.08177587005775422
SEEASTLTIPAA,HLA-B*27:05,7.348016304347794,17408.974499979275,0.5108280777931213
EEASTLTIPAAP,HLA-B*27:05,37.35904891304347,20264.068725903748,0.08181585581041873
EASTLTIPAAPV,HLA-B*27:05,62.74467391304348,22181.157995957565,0.011208557611098513
ASTLTIPAAPVG,HLA-B*27:05,46.224673913043475,18776.47785702814,0.013470540034177247
STLTIPAAPVGL,HLA-B*27:05,5.346684782608634,5752.276110263737,0.30743178352713585
TLTIPAAPVGLR,HLA-B*27:05,7.147065217391287,4375.112539683833,0.13871685694903135
LTIPAAPVGLRW,HLA-B*27:05,2.7082880434782055,12980.931601718878,0.791679136455059
TIPAAPVGLRWL,HLA-B*27:05,13.500896739130425,10565.442371830362,0.1888671691995114
IPAAPVGLRWLV,HLA-B*27:05,18.61798913043478,20706.113119810714,0.2617339107673615
PAAPVGLRWLVR,HLA-B*27:05,18.61798913043478,21044.777492575264,0.2705039824359119
LLISVIRTLSTI,HLA-B*27:05,18.61798913043478,21135.863814565295,0.2706869423855096
LISVIRTLSTID,HLA-B*27:05,62.74467391304348,24924.75551676931,0.002027036782237701
ISVIRTLSTIDD,HLA-B*27:05,62.74467391304348,23003.638616932,0.013931049383245409
SVIRTLSTIDDV,HLA-B*27:05,37.35904891304347,19793.207168639612,0.09150461736135185
VIRTLSTIDDVE,HLA-B*27:05,27.61739130434782,12317.238765528713,0.009565917032887228
IRTLSTIDDVED,HLA-B*27:05,27.61739130434782,12244.84934014028,0.014894777039444307
RTLSTIDDVEDR,HLA-B*27:05,8.01565217391304,3963.0883484577926,0.07672868156805634
TLSTIDDVEDRE,HLA-B*27:05,2.778451086956437,770.5185415235076,0.0058621186144591775
LSTIDDVEDREN,HLA-B*27:05,11.115788043478247,4292.249124975735,0.0016286987347484683
STIDDVEDRENE,HLA-B*27:05,1.482146739130343,251.37216924955953,0.01338445172586944
TIDDVEDRENEK,HLA-B*27:05,1.3802717391303645,227.08614928032534,0.021961200574878603
IDDVEDRENEKG,HLA-B*27:05,6.792608695652163,2472.2906582795235,0.0014689147665194469
TPGEKIILNFTT,HLA-B*27:05,37.35904891304347,20955.600824511246,0.08028742676833645
PGEKIILNFTTL,HLA-B*27:05,46.224673913043475,22915.182572192625,0.041335248708492145
GEKIILNFTTLD,HLA-B*27:05,46.224673913043475,23634.995906683667,0.06030943721998483
EKIILNFTTLDL,HLA-B*27:05,46.224673913043475,25590.092567242868,0.11443665355909616
KIILNFTTLDLY,HLA-B*27:05,37.35904891304347,21171.78327881693,0.07374947989592329
IILNFTTLDLYR,HLA-B*27:05,46.224673913043475,24807.716332993412,0.07574809127254412
ILNFTTLDLYRS,HLA-B*27:05,46.224673913043475,28834.16235915578,0.11496951180743054
LNFTTLDLYRSR,HLA-B*27:05,46.224673913043475,22744.927801036894,0.0778501961613074
NFTTLDLYRSRL,HLA-B*27:05,62.74467391304348,23817.64790760626,0.03220923914341256
FTTLDLYRSRLC,HLA-B*27:05,99.28660326086957,28495.41706725746,0.003391234058653936
TTLDLYRSRLCW,HLA-B*27:05,10.655842391304333,21437.516949738896,0.44742225762456656
TLDLYRSRLCWY,HLA-B*27:05,62.74467391304348,24437.02150006737,0.01116021047346294
IVKQNEELDRQK,HLA-B*27:05,4.454592391304317,2257.9093830333313,0.11247292556799948
VKQNEELDRQKR,HLA-B*27:05,5.554945652173885,2381.7122935433167,0.0505618153802061
KQNEELDRQKRI,HLA-B*27:05,8.839293478260856,4589.989846734789,0.08028367697261274
QNEELDRQKRIG,HLA-B*27:05,31.643179347826077,13121.1498879633,0.0072643321473151445
NEELDRQKRIGN,HLA-B*27:05,6.63130434782606,2452.289624652409,0.004088852401764598
EELDRQKRIGNT,HLA-B*27:05,31.643179347826077,13779.856408947415,0.01578496834554244
ELDRQKRIGNTR,HLA-B*27:05,7.558260869565203,5083.211572822555,0.16050033608917147
LDRQKRIGNTRK,HLA-B*27:05,17.305597826086952,7795.271710918603,0.023569361728732474
DRQKRIGNTRKM,HLA-B*27:05,8.01565217391304,6665.408775002758,0.22208256367594004
RQKRIGNTRKMI,HLA-B*27:05,13.500896739130425,10942.253097071647,0.1849049529992044
QKRIGNTRKMIE,HLA-B*27:05,37.35904891304347,16461.26653569405,0.024242079452960752
KRIGNTRKMIED,HLA-B*27:05,12.805461956521725,5227.70206714408,0.007147473457735032
KTDSCDQRQLSE,HLA-B*27:05,8.01565217391304,3576.453019952587,0.05134821985848248
TDSCDQRQLSEC,HLA-B*27:05,12.187228260869546,4981.740809148561,0.0010879447363549843
DSCDQRQLSECD,HLA-B*27:05,17.305597826086952,7157.721650559905,0.003066372599278111
SCDQRQLSECDE,HLA-B*27:05,4.391929347826036,1486.5407257659613,0.0007720368230366148
CDQRQLSECDEP,HLA-B*27:05,24.57923913043477,10015.687038256807,0.0019707896681211423
DQRQLSECDEPQ,HLA-B*27:05,9.849456521739114,4655.673695423352,0.05983968067448586
QRQLSECDEPQP,HLA-B*27:05,27.61739130434782,11900.67439427457,0.0020572924113366753
RQLSECDEPQPH,HLA-B*27:05,3.1588586956520857,1015.6142219570235,0.024892045243177563
QLSECDEPQPHH,HLA-B*27:05,15.160951086956516,6249.712753785198,0.0030008183166501112
LSECDEPQPHHS,HLA-B*27:05,37.35904891304347,15793.895361576926,0.006910343887284398
SECDEPQPHHST,HLA-B*27:05,8.839293478260856,3536.5763556726283,0.008902201745513594
ECDEPQPHHSTK,HLA-B*27:05,4.807092391304323,1747.4138128230409,0.018320176634006202
GEDEEDEEEEED,HLA-B*27:05,2.1549456521738364,481.39707113395133,0.0004259600282239262
EDEEDEEEEEDF,HLA-B*27:05,3.238749999999925,969.9369274599625,0.00021867480882065138
DEEDEEEEEDFK,HLA-B*27:05,2.8906521739129545,808.2670627840001,0.0008158176397046191
EEDEEEEEDFKP,HLA-B*27:05,7.147065217391287,2789.7295448209034,0.016132745804497972
EDEEEEEDFKPS,HLA-B*27:05,11.6303260869565,4601.081943064324,0.00064187094267254
DEEEEEDFKPSD,HLA-B*27:05,9.849456521739114,3818.7169031125227,0.0007771754135319497
HSSDSVSSINSV,HLA-B*27:05,9.849456521739114,5101.444894900957,0.0786207863711752
SSDSVSSINSVT,HLA-B*27:05,17.305597826086952,7806.385052457672,0.01623343353276141
SDSVSSINSVTS,HLA-B*27:05,16.15755434782608,6604.5392523391,0.007424316732794978
DSVSSINSVTSH,HLA-B*27:05,9.15535326086956,9403.677560316059,0.2684116791933775
SVSSINSVTSHS,HLA-B*27:05,22.19230978260869,9916.793112804002,0.022153947065817192
VSSINSVTSHSS,HLA-B*27:05,46.224673913043475,18281.059441908215,0.005690546568075661
SSINSVTSHSSV,HLA-B*27:05,24.57923913043477,11571.01047034604,0.023137316238717176
SINSVTSHSSVG,HLA-B*27:05,10.231983695652161,4119.183967713296,0.01130050970823504
INSVTSHSSVGS,HLA-B*27:05,31.643179347826077,13675.923405364772,0.0006131761801952962
NSVTSHSSVGSN,HLA-B*27:05,3.454483695652087,1069.2598703365898,0.0015175442676991224
SVTSHSSVGSNI,HLA-B*27:05,4.968641304347784,3153.244649062095,0.16480358503758907
VTSHSSVGSNIE,HLA-B*27:05,16.15755434782608,7031.31357588717,0.007846336160582723
ILKHGKRFHATI,HLA-B*27:05,62.74467391304348,24777.921823351444,0.04445962858153507
LKHGKRFHATIS,HLA-B*27:05,62.74467391304348,28209.413078439014,0.0477857669320656
KHGKRFHATISF,HLA-B*27:05,37.35904891304347,18990.14821161164,0.0799378405790776
HGKRFHATISFD,HLA-B*27:05,99.28660326086957,25231.442660438923,0.0010391896139481105
GKRFHATISFDT,HLA-B*27:05,62.74467391304348,28793.825654811582,0.04666702870599693
KRFHATISFDTD,HLA-B*27:05,22.19230978260869,10370.826342239161,0.03858080299687572
RFHATISFDTDT,HLA-B*27:05,99.28660326086957,27915.113841286504,0.009687240919447504
FHATISFDTDTG,HLA-B*27:05,62.74467391304348,23531.127544530864,0.018534375703893602
HATISFDTDTGL,HLA-B*27:05,18.61798913043478,9327.090867992409,0.042383827560115606
ATISFDTDTGLK,HLA-B*27:05,1.8910597826086217,2659.337988540268,0.5361054539680481
TISFDTDTGLKQ,HLA-B*27:05,3.4218749999999147,1211.2904017206847,0.03868609661003575
ISFDTDTGLKQA,HLA-B*27:05,16.15755434782608,16479.414798139802,0.2508367004338652
GEGPPISSCDTR,HLA-B*27:05,1.6023369565216399,1119.1501515551208,0.38362462539225817
EGPPISSCDTRT,HLA-B*27:05,31.643179347826077,14158.358519092746,0.00806136014580261
GPPISSCDTRTM,HLA-B*27:05,6.63130434782606,2563.696686648892,0.016259325202554464
PPISSCDTRTMA,HLA-B*27:05,46.224673913043475,20356.964471587136,0.029902670969022438
PISSCDTRTMAN,HLA-B*27:05,31.643179347826077,12855.381793948782,0.004644048876798479
ISSCDTRTMANC,HLA-B*27:05,46.224673913043475,17313.19623546635,0.004984064697055146
SSCDTRTMANCE,HLA-B*27:05,10.655842391304333,4224.404110389398,0.0018953081307699904
SCDTRTMANCER,HLA-B*27:05,11.115788043478247,4765.742691892445,0.018527841093600728
CDTRTMANCERT,HLA-B*27:05,62.74467391304348,21053.008294433497,0.001134226953581674
DTRTMANCERTF,HLA-B*27:05,7.778097826086963,14369.798449540118,0.43971008993685246
TRTMANCERTFI,HLA-B*27:05,22.19230978260869,10165.174233574691,0.020127605566813145
RTMANCERTFIA,HLA-B*27:05,12.805461956521725,23597.796927697837,0.41663019359111786
VFRLCGTDEKIA,HLA-B*27:05,62.74467391304348,21770.27613577726,0.0051079228815069655
FRLCGTDEKIAN,HLA-B*27:05,6.792608695652163,2552.76240321064,0.005464688532811124
RLCGTDEKIANV,HLA-B*27:05,4.6575815217390755,5791.379414655766,0.35740290116518736
LCGTDEKIANVT,HLA-B*27:05,37.35904891304347,15108.966649584874,0.00224232105028932
CGTDEKIANVTE,HLA-B*27:05,4.047907608695596,1344.5378141744118,0.00400332132994663
GTDEKIANVTED,HLA-B*27:05,12.187228260869546,5303.873048479043,0.02228320125141181
TDEKIANVTEDA,HLA-B*27:05,17.305597826086952,7550.803635649761,0.020819688892515842
DEKIANVTEDAK,HLA-B*27:05,6.18413043478256,3271.971283589348,0.10502388281747699
EKIANVTEDAKR,HLA-B*27:05,10.231983695652161,6152.9802397348785,0.11418657837202772
KIANVTEDAKRL,HLA-B*27:05,7.348016304347794,6860.62087407274,0.2510955980978906
IANVTEDAKRLI,HLA-B*27:05,27.61739130434782,15128.725712275618,0.08581681037321687
DDGCKAYWKVCF,HLA-B*27:05,62.74467391304348,22844.61992037664,0.0318982933240477
DGCKAYWKVCFH,HLA-B*27:05,46.224673913043475,27031.559530924715,0.09606016741599888
GCKAYWKVCFHY,HLA-B*27:05,99.28660326086957,27087.504160264034,0.015633615374099463
CKAYWKVCFHYN,HLA-B*27:05,99.28660326086957,29297.47467426706,0.015820838925719727
KAYWKVCFHYNL,HLA-B*27:05,62.74467391304348,27278.87038995767,0.08133925875881687
AYWKVCFHYNLH,HLA-B*27:05,46.224673913043475,28388.125763952597,0.13011917262338102
YWKVCFHYNLHK,HLA-B*27:05,99.28660326086957,29478.05896229831,0.004998119387892075
WKVCFHYNLHKA,HLA-B*27:05,62.74467391304348,30061.99713357477,0.10672032134607434
KVCFHYNLHKAQ,HLA-B*27:05,99.28660326086957,27732.03429400436,0.006013789941789582
VCFHYNLHKAQP,HLA-B*27:05,99.28660326086957,28578.23899303509,0.008259707632532809
CFHYNLHKAQPA,HLA-B*27:05,62.74467391304348,28134.37176487542,0.06617448123870417
FHYNLHKAQPAE,HLA-B*27:05,62.74467391304348,25588.063156606357,0.008446168823866174
CGKSFGRSC,HLA-C*01:02,20.2322554347826,8081.936287241664,0.0009101395444304217
GKSFGRSCH,HLA-C*01:02,99.28660326086957,30456.65193146291,0.037576978698780295
KSFGRSCHL,HLA-C*01:02,0.5491304347825547,75.24194393910369,0.12240074248984456
SFGRSCHLI,HLA-C*01:02,6.792608695652163,2543.9044583373675,0.008560818212572485
FGRSCHLIQ,HLA-C*01:02,62.74467391304348,22053.704420551257,0.002315407091373345
GRSCHLIQH,HLA-C*01:02,37.35904891304347,26787.67361126797,0.14604728727135807
RSCHLIQHQ,HLA-C*01:02,62.74467391304348,25902.63916969873,0.024526966037228703
SCHLIQHQT,HLA-C*01:02,62.74467391304348,21234.40242335567,0.0013720831157115754
CHLIQHQTI,HLA-C*01:02,7.778097826086963,14137.667388359445,0.43460363056510687
SSQKAREER,HLA-C*01:02,31.643179347826077,12897.128731725268,0.001073688674296136
SQKAREERA,HLA-C*01:02,62.74467391304348,23110.38708714191,0.005943332515016664
QKAREERAL,HLA-C*01:02,62.74467391304348,21528.043800291474,0.0075615164314513095
KAREERALL,HLA-C*01:02,0.7930434782607136,96.92722402974765,0.04952196590602398
AREERALLP,HLA-C*01:02,46.224673913043475,22322.209341088368,0.07745920144952834
REERALLPL,HLA-C*01:02,24.57923913043477,11579.953885998677,0.026017527910880744
EERALLPLE,HLA-C*01:02,99.28660326086957,28791.534514313185,0.037018501199781895
ERALLPLEL,HLA-C*01:02,4.887418478260841,4767.783452133946,0.28337101079523563
RALLPLELQ,HLA-C*01:02,46.224673913043475,21174.796049882094,0.0478685635025613
GSSFSRRAA,HLA-C*01:02,37.35904891304347,18701.56613075331,0.03856597386038629
SSFSRRAAP,HLA-C*01:02,27.61739130434782,11985.039384549464,0.01903512328863144
SFSRRAAPV,HLA-C*01:02,5.346684782608634,1907.844120795183,0.0027089456270914525
FSRRAAPVA,HLA-C*01:02,10.655842391304333,5684.561980893835,0.0825316341361031
SRRAAPVAT,HLA-C*01:02,46.224673913043475,18819.777245192137,0.004941751794831362
RRAAPVATP,HLA-C*01:02,37.35904891304347,21106.94281152811,0.06812139507383108
RAAPVATPA,HLA-C*01:02,1.2967934782607813,413.2399879993159,0.21903295628726482
AAPVATPAL,HLA-C*01:02,0.007255434782621251,22.01541788914781,0.7341283373534679
APVATPALL,HLA-C*01:02,0.61907608695644,258.1551063921343,0.41489092726260424
PVATPALLT,HLA-C*01:02,62.74467391304348,21683.437832658296,0.0008232715081248898
VATPALLTS,HLA-C*01:02,2.7600543478259993,1629.9300977367718,0.2145937248133123
ATPALLTSH,HLA-C*01:02,2.5728260869564394,3177.62277097359,0.4305800423026085
TPALLTSHR,HLA-C*01:02,27.61739130434782,19602.089153530957,0.1369518687715754
PALLTSHRS,HLA-C*01:02,99.28660326086957,29693.267873981695,0.0017670557426754385
ALLTSHRSL,HLA-C*01:02,0.678043478260804,96.40715963909537,0.11118927365168929
LLTSHRSLG,HLA-C*01:02,99.28660326086957,27394.622849166994,0.0017045863714884035
LTSHRSLGN,HLA-C*01:02,99.28660326086957,27618.40382946833,0.000986029279374634
TSHRSLGNT,HLA-C*01:02,62.74467391304348,25148.750801081052,0.001056285947925062
SHRSLGNTR,HLA-C*01:02,46.224673913043475,20535.29530547277,0.023343546701653395
HRSLGNTRH,HLA-C*01:02,99.28660326086957,27238.51265334076,0.002881220367271453
RSLGNTRHK,HLA-C*01:02,37.35904891304347,18081.06034852843,0.02782009291695431
VGATAVYPT,HLA-C*01:02,62.74467391304348,22090.65810247714,0.003187003494531382
GATAVYPTD,HLA-C*01:02,99.28660326086957,26710.98690338339,0.00469154299935326
ATAVYPTDL,HLA-C*01:02,0.9172826086955155,133.25075737381724,0.07201923883985728
TAVYPTDLV,HLA-C*01:02,2.7954347826086234,1132.1549947129345,0.10651841061189771
AVYPTDLVK,HLA-C*01:02,1.947608695652093,8499.330331694891,0.8399567604064941
VYPTDLVKT,HLA-C*01:02,6.18413043478256,9036.260757183667,0.3869263781234622
YPTDLVKTR,HLA-C*01:02,1.8910597826086217,7364.159468539964,0.8153282776474953
PTDLVKTRM,HLA-C*01:02,6.047907608695624,3254.952550680426,0.11325834947638214
TDLVKTRMQ,HLA-C*01:02,62.74467391304348,27714.532992108907,0.06798939182772301
KELYALGVV,HLA-C*01:02,62.74467391304348,25663.294642234727,0.06041065655881539
ELYALGVVD,HLA-C*01:02,99.28660326086957,28547.019929746308,0.011418428708566353
LYALGVVDG,HLA-C*01:02,62.74467391304348,24500.15424185189,0.004347949972725473
YALGVVDGL,HLA-C*01:02,0.6692119565216643,113.84862521971982,0.16077654901891947
ALGVVDGLH,HLA-C*01:02,62.74467391304348,23496.145168391897,0.018340858223382384
LGVVDGLHT,HLA-C*01:02,62.74467391304348,22674.29571839863,0.005453800433315337
GVVDGLHTV,HLA-C*01:02,0.14478260869566384,157.66228414356172,0.7450722977519035
VVDGLHTVH,HLA-C*01:02,4.102010869565163,2934.3110704631467,0.21528875012882054
VDGLHTVHG,HLA-C*01:02,99.28660326086957,26433.115147068365,0.006083357795432676
KNSSKPQKK,HLA-C*01:02,46.224673913043475,18644.132734553703,0.0009352505339847994
NSSKPQKKN,HLA-C*01:02,99.28660326086957,27294.017903520074,0.0015983184675860684
SSKPQKKNG,HLA-C*01:02,62.74467391304348,25148.042055767546,0.0008143929999278043
SKPQKKNGS,HLA-C*01:02,99.28660326086957,27664.43273989232,0.0025447436737522366
KPQKKNGST,HLA-C*01:02,46.224673913043475,19558.756643031393,0.0020504960484686308
PQKKNGSTW,HLA-C*01:02,22.19230978260869,21178.531159984115,0.22653750341851264
QKKNGSTWA,HLA-C*01:02,99.28660326086957,30992.87351931353,0.0010383128064859193
KKNGSTWAN,HLA-C*01:02,99.28660326086957,31172.411087003085,0.0015444457239937037
KNGSTWANV,HLA-C*01:02,62.74467391304348,21954.984507283076,0.006430197070585564
VNKLKREMG,HLA-C*01:02,99.28660326086957,29366.386004114815,0.0023366212572000222
NKLKREMGH,HLA-C*01:02,99.28660326086957,31592.01386620644,0.02254017569066491
KLKREMGHL,HLA-C*01:02,11.115788043478247,4627.230189259022,0.01883173530222848
LKREMGHLQ,HLA-C*01:02,99.28660326086957,29400.06377556955,0.009619555290555581
KREMGHLQH,HLA-C*01:02,99.28660326086957,27512.339328648395,0.004654078558814945
REMGHLQHE,HLA-C*01:02,62.74467391304348,26330.914410832553,0.02395920714479871
EMGHLQHEL,HLA-C*01:02,2.813858695652101,1073.642355201907,0.09007939044386148
MGHLQHELQ,HLA-C*01:02,46.224673913043475,19218.51764322604,0.002388136497756932
GHLQHELQF,HLA-C*01:02,10.231983695652161,10445.993178315282,0.25926147121936083
AAKAVKPKV,HLA-C*01:02,2.04293478260864,542.4671682543453,0.058864880935288966
AKAVKPKVV,HLA-C*01:02,3.238749999999925,15291.00244782251,0.7558252699673176
KAVKPKVVK,HLA-C*01:02,10.655842391304333,5638.083975792769,0.08087129623163491
AVKPKVVKP,HLA-C*01:02,2.2514130434781947,11683.74599689172,0.8534085378050804
VKPKVVKPK,HLA-C*01:02,20.2322554347826,15939.82953282101,0.18226099503226578
VTLSPNGKS,HLA-C*01:02,62.74467391304348,23328.466829899106,0.005516667406482156
TLSPNGKSL,HLA-C*01:02,0.2683967391303952,30.381102468048997,0.11821085982955992
LSPNGKSLA,HLA-C*01:02,1.7432065217390402,345.2910472885892,0.01704572887683753
SPNGKSLAC,HLA-C*01:02,5.913749999999965,2826.548112425363,0.08018229622393847
PNGKSLACQ,HLA-C*01:02,99.28660326086957,28765.874876258244,0.0002898671309594647
NGKSLACQS,HLA-C*01:02,99.28660326086957,27757.613181598525,0.00038819935525680194
GKSLACQSM,HLA-C*01:02,16.15755434782608,19903.516307830203,0.312039895914495
KSLACQSMD,HLA-C*01:02,99.28660326086957,29295.87862966536,0.0033323700990877114
SLACQSMDN,HLA-C*01:02,99.28660326086957,28787.051058681045,0.0023083999349182704
GPHDLLWAH,HLA-C*01:02,14.277038043478257,22114.436755215793,0.36301058379467577
PHDLLWAHS,HLA-C*01:02,99.28660326086957,27333.332339183875,0.01215571662032744
HDLLWAHSG,HLA-C*01:02,46.224673913043475,28107.887486096988,0.1298625278286636
DLLWAHSGR,HLA-C*01:02,31.643179347826077,23848.95328804531,0.18272143276408315
LLWAHSGRD,HLA-C*01:02,99.28660326086957,29915.171375214828,0.00559648666967405
LWAHSGRDR,HLA-C*01:02,46.224673913043475,19998.155644382983,0.004338410384661984
WAHSGRDRP,HLA-C*01:02,99.28660326086957,26524.729498346198,0.0021471945310622687
AHSGRDRPW,HLA-C*01:02,62.74467391304348,24309.764615041007,0.04569951933808625
HSGRDRPWS,HLA-C*01:02,99.28660326086957,28660.27776467788,0.0011123065305582713
SGRDRPWSG,HLA-C*01:02,46.224673913043475,21118.07317743917,0.026508122478844598
GRDRPWSGK,HLA-C*01:02,37.35904891304347,18617.776640974604,0.05300374259240925
RDRPWSGKE,HLA-C*01:02,99.28660326086957,28409.659274438687,0.011832946154754609
DRPWSGKES,HLA-C*01:02,62.74467391304348,22633.098648212635,0.012527734972536564
RPWSGKEST,HLA-C*01:02,18.61798913043478,15190.435213827563,0.19579975260421634
PWSGKESTG,HLA-C*01:02,99.28660326086957,25565.693067694025,0.00041811702112681814
WSGKESTGA,HLA-C*01:02,62.74467391304348,24685.87260371507,0.00035860942080034874
SGKESTGAI,HLA-C*01:02,1.6471467391303207,292.21200224061397,0.0008114970096357865
GKESTGAIP,HLA-C*01:02,46.224673913043475,27442.232124501785,0.1018390363897197
KESTGAIPK,HLA-C*01:02,14.277038043478257,19660.604048581336,0.3435148363932967
ESTGAIPKE,HLA-C*01:02,37.35904891304347,22104.27283476254,0.10310564242536202
STGAIPKEV,HLA-C*01:02,1.767119565217314,397.6130758596731,0.05011501343687996
TGAIPKEVP,HLA-C*01:02,37.35904891304347,14801.684664339284,0.012251402062247507
GAIPKEVPG,HLA-C*01:02,31.643179347826077,13685.848315492536,0.008444294478977099
AIPKEVPGP,HLA-C*01:02,13.500896739130425,7831.516785264984,0.104850810370408
IPKEVPGPS,HLA-C*01:02,22.19230978260869,10793.01322088668,0.04436003355658613
PKEVPGPSW,HLA-C*01:02,31.643179347826077,21197.39499345288,0.1283577373251319
KEVPGPSWS,HLA-C*01:02,99.28660326086957,27841.31382104685,0.020619672170141712
EVPGPSWSL,HLA-C*01:02,0.1514402173913254,59.343843954521375,0.46677787601947784
VPGPSWSLL,HLA-C*01:02,1.6371739130433838,348.3573312882885,0.05215509107802063
PGPSWSLLD,HLA-C*01:02,62.74467391304348,24045.507170395085,0.000402936580030655
GPSWSLLDL,HLA-C*01:02,11.6303260869565,5175.9973272306715,0.03905951022170484
PSWSLLDLK,HLA-C*01:02,62.74467391304348,24462.891756463974,0.003993208956671879
SWSLLDLKT,HLA-C*01:02,99.28660326086957,26194.24856421148,0.0031348280899692327
WSLLDLKTG,HLA-C*01:02,99.28660326086957,29198.828673140706,0.01302054892948945
SLLDLKTGS,HLA-C*01:02,62.74467391304348,25031.6872937029,0.03262847042060457
LLDLKTGSC,HLA-C*01:02,5.671874999999957,2054.664385662033,0.006269899691687897
LDLKTGSCT,HLA-C*01:02,99.28660326086957,27293.6677328174,0.009844804415479302
DLKTGSCTS,HLA-C*01:02,62.74467391304348,25728.4396479429,0.02172406093450263
LKTGSCTSR,HLA-C*01:02,46.224673913043475,27356.805293348625,0.09213087930402253
KTGSCTSRW,HLA-C*01:02,4.391929347826036,14810.435085546405,0.6360136028379202
TGSCTSRWE,HLA-C*01:02,99.28660326086957,28465.939957658848,0.0005400600603024941
GSCTSRWES,HLA-C*01:02,99.28660326086957,28350.598630161716,0.002666903252247721
SCTSRWESA,HLA-C*01:02,37.35904891304347,14493.54813822261,0.006198200399012421
CTSRWESAW,HLA-C*01:02,20.2322554347826,19618.978286482175,0.23057505395263433
TSRWESAWS,HLA-C*01:02,99.28660326086957,29574.0621014442,0.0020076287546544336
SRWESAWSG,HLA-C*01:02,37.35904891304347,26413.84643579245,0.14989778853487223
RWESAWSGL,HLA-C*01:02,7.558260869565203,3457.262909763098,0.05560539907310158
WESAWSGLS,HLA-C*01:02,99.28660326086957,29809.16396399092,0.0013503614427463617
ESAWSGLSP,HLA-C*01:02,22.19230978260869,21302.436497762665,0.21683779393788427
SAWSGLSPR,HLA-C*01:02,1.9978260869564366,3616.8340109237297,0.592073280364275
AWSGLSPRT,HLA-C*01:02,62.74467391304348,24936.849664324513,0.0034516719351813663
WSGLSPRTG,HLA-C*01:02,62.74467391304348,24364.86686273031,0.005135509491083212
SGLSPRTGR,HLA-C*01:02,24.57923913043477,13243.369109338848,0.05856045777909458
GLSPRTGRC,HLA-C*01:02,46.224673913043475,17006.577785370373,0.006921409789356403
LSPRTGRCG,HLA-C*01:02,27.61739130434782,12174.531694361664,0.0030526574155373964
SPRTGRCGS,HLA-C*01:02,46.224673913043475,21132.406071581914,0.02849019035784295
PRTGRCGSE,HLA-C*01:02,99.28660326086957,28915.93368086181,0.00017774620209820569
RTGRCGSEE,HLA-C*01:02,99.28660326086957,27056.41293668688,0.0010244698032693123
TGRCGSEEA,HLA-C*01:02,37.35904891304347,14143.454772074745,0.0011088832798122894
GRCGSEEAS,HLA-C*01:02,99.28660326086957,26924.613047499533,0.00043548565918172244
RCGSEEAST,HLA-C*01:02,62.74467391304348,24636.538380904327,8.178914140444249e-05
CGSEEASTL,HLA-C*01:02,1.0039945652172406,120.9207341961714,0.0046284468116937205
GSEEASTLT,HLA-C*01:02,46.224673913043475,18059.86368327607,0.0024113588660839014
SEEASTLTI,HLA-C*01:02,9.15535326086956,9726.952085890225,0.27766965772025287
EEASTLTIP,HLA-C*01:02,12.187228260869546,27637.155199633144,0.47150314785540104
EASTLTIPA,HLA-C*01:02,17.305597826086952,9627.475230293303,0.08158678316976875
ASTLTIPAA,HLA-C*01:02,6.962798913043457,5922.28311413478,0.23258441966027021
STLTIPAAP,HLA-C*01:02,24.57923913043477,17144.05323201853,0.15032318234443665
TLTIPAAPV,HLA-C*01:02,3.7645923913042765,1213.3673445443117,0.004661472237785347
LTIPAAPVG,HLA-C*01:02,37.35904891304347,17470.87813457966,0.05156175186857581
TIPAAPVGL,HLA-C*01:02,0.11682065217391369,26.284300688827887,0.30703257117420435
IPAAPVGLR,HLA-C*01:02,2.9105706521738455,6358.9335238212225,0.563428396359086
PAAPVGLRW,HLA-C*01:02,3.80744565217384,9194.738975030044,0.5535979196429253
AAPVGLRWL,HLA-C*01:02,0.2912499999999625,38.281767087080176,0.15587825560942292
APVGLRWLV,HLA-C*01:02,9.494239130434764,12158.126814544748,0.3268516771495342
PVGLRWLVR,HLA-C*01:02,62.74467391304348,26933.83823672462,0.05057458457304165
SVIRTLSTI,HLA-C*01:02,0.5347010869564741,427.45948079708273,0.6085283905267715
VIRTLSTID,HLA-C*01:02,99.28660326086957,28014.85818941057,0.005915552836086135
IRTLSTIDD,HLA-C*01:02,99.28660326086957,29657.42319225625,0.0022320168718579225
RTLSTIDDV,HLA-C*01:02,24.57923913043477,11314.759084040777,0.02869667625054717
TLSTIDDVE,HLA-C*01:02,46.224673913043475,20010.23651830594,0.0033196466756635346
LSTIDDVED,HLA-C*01:02,62.74467391304348,23734.19732992724,0.00042241324445058126
STIDDVEDR,HLA-C*01:02,7.558260869565203,3294.2883868555714,0.04074021731503308
TIDDVEDRE,HLA-C*01:02,20.2322554347826,8574.732456444792,0.011671187923639081
IDDVEDREN,HLA-C*01:02,37.35904891304347,16013.378953010368,0.0003821677510131849
EKIILNFTT,HLA-C*01:02,62.74467391304348,31651.458970427255,0.08115135063417256
KIILNFTTL,HLA-C*01:02,0.3385597826086837,62.82330915616775,0.24402974545955658
IILNFTTLD,HLA-C*01:02,99.28660326086957,28446.68337060349,0.0038618438884441275
ILNFTTLDL,HLA-C*01:02,1.0039945652172406,182.5927277134364,0.11735021020285785
LNFTTLDLY,HLA-C*01:02,62.74467391304348,21697.991069759482,0.023052786258631386
NFTTLDLYR,HLA-C*01:02,46.224673913043475,21692.119517648163,0.05141458674916066
FTTLDLYRS,HLA-C*01:02,99.28660326086957,29672.132005764284,0.044967578796786256
TTLDLYRSR,HLA-C*01:02,5.149211956521697,15979.08317398036,0.5977586060762405
TLDLYRSRL,HLA-C*01:02,1.1142119565216007,161.2926991324483,0.03344217408448458
QNEELDRQK,HLA-C*01:02,37.35904891304347,14747.835105679129,0.0019464719007373787
NEELDRQKR,HLA-C*01:02,46.224673913043475,18980.6766646121,0.0019688224092533346
EELDRQKRI,HLA-C*01:02,31.643179347826077,15963.672508425248,0.041691025777254254
ELDRQKRIG,HLA-C*01:02,62.74467391304348,23799.27515452194,0.008929111616453156
LDRQKRIGN,HLA-C*01:02,99.28660326086957,29147.38168782641,0.001841482659074245
DRQKRIGNT,HLA-C*01:02,62.74467391304348,26882.68428108708,0.026531561044976115
RQKRIGNTR,HLA-C*01:02,31.643179347826077,22830.18229307238,0.15974518680013716
QKRIGNTRK,HLA-C*01:02,99.28660326086957,30087.756617693485,0.009511433381703682
KRIGNTRKM,HLA-C*01:02,7.558260869565203,3618.313428332205,0.0643077100685332
SCDQRQLSE,HLA-C*01:02,31.643179347826077,13615.81835278827,0.001518587241662317
CDQRQLSEC,HLA-C*01:02,62.74467391304348,24550.72666880154,0.0007331207980314502
DQRQLSECD,HLA-C*01:02,62.74467391304348,28928.09447953345,0.04976560245268047
QRQLSECDE,HLA-C*01:02,99.28660326086957,29706.02690547839,0.000197019835923129
RQLSECDEP,HLA-C*01:02,99.28660326086957,27674.842604801062,0.013625609659356996
QLSECDEPQ,HLA-C*01:02,62.74467391304348,22322.41349238438,0.0005167809977137949
LSECDEPQP,HLA-C*01:02,62.74467391304348,23391.57011023267,0.011780718072259333
SECDEPQPH,HLA-C*01:02,62.74467391304348,20703.879356713234,0.007780594165524235
ECDEPQPHH,HLA-C*01:02,37.35904891304347,16519.450160838336,0.007610734410263831
EEDEEEEED,HLA-C*01:02,46.224673913043475,17809.104938277145,0.00015564614295726642
EDEEEEEDF,HLA-C*01:02,37.35904891304347,14685.91004880676,0.00026849994628719287
DEEEEEDFK,HLA-C*01:02,24.57923913043477,10571.957387145892,0.0004298266776459059
DSVSSINSV,HLA-C*01:02,3.037282608695577,1373.2717540042,0.12261751317419112
SVSSINSVT,HLA-C*01:02,31.643179347826077,13666.853451266854,0.011224811314605176
VSSINSVTS,HLA-C*01:02,31.643179347826077,12568.479009979272,0.003229942682082765
SSINSVTSH,HLA-C*01:02,5.554945652173885,5382.1898472350795,0.27478316007182
SINSVTSHS,HLA-C*01:02,37.35904891304347,16379.247953304635,0.0095578295076848
INSVTSHSS,HLA-C*01:02,99.28660326086957,25836.364307818858,0.0009522079199086875
NSVTSHSSV,HLA-C*01:02,2.086195652173842,471.333174632387,0.011114795532193966
SVTSHSSVG,HLA-C*01:02,46.224673913043475,20231.839085028343,0.006466403618105687
VTSHSSVGS,HLA-C*01:02,62.74467391304348,23650.032288456398,0.0007059567578835413
HGKRFHATI,HLA-C*01:02,5.671874999999957,2155.6291429121907,0.020143925037700683
GKRFHATIS,HLA-C*01:02,99.28660326086957,31104.024185769096,0.05361471384821925
KRFHATISF,HLA-C*01:02,1.737228260869486,4516.519995236311,0.7252205945551395
RFHATISFD,HLA-C*01:02,99.28660326086957,29042.03247740787,0.009261634360882454
FHATISFDT,HLA-C*01:02,99.28660326086957,28661.702282767037,0.009037864656420425
HATISFDTD,HLA-C*01:02,62.74467391304348,23776.736203948167,0.006895945043652318
ATISFDTDT,HLA-C*01:02,62.74467391304348,25404.14920288412,0.03899411903694272
TISFDTDTG,HLA-C*01:02,62.74467391304348,25071.70434389153,0.001874790781585034
ISFDTDTGL,HLA-C*01:02,0.9315217391303179,129.67534727597945,0.057610335177741945
PPISSCDTR,HLA-C*01:02,62.74467391304348,23585.13649668078,0.007641983371286187
PISSCDTRT,HLA-C*01:02,99.28660326086957,28796.21041250419,0.0003251251473557204
ISSCDTRTM,HLA-C*01:02,1.2366576086955376,187.77671030277176,0.024813983676722273
SSCDTRTMA,HLA-C*01:02,12.805461956521725,5192.823424547655,0.008132246628520079
SCDTRTMAN,HLA-C*01:02,37.35904891304347,14439.37895011021,0.0006470251200880739
CDTRTMANC,HLA-C*01:02,99.28660326086957,27702.457258627997,0.0008601348436059197
DTRTMANCE,HLA-C*01:02,99.28660326086957,28238.754874021124,0.011444021205534227
TRTMANCER,HLA-C*01:02,99.28660326086957,26116.310745104278,0.005459738275021664
RTMANCERT,HLA-C*01:02,62.74467391304348,23973.751919297727,0.01013714837608859
LCGTDEKIA,HLA-C*01:02,62.74467391304348,21552.626904679793,0.00046435777676379075
CGTDEKIAN,HLA-C*01:02,62.74467391304348,22895.98984214965,0.00022586367867916124
GTDEKIANV,HLA-C*01:02,0.3657336956521533,253.07591252883483,0.6011236384510994
TDEKIANVT,HLA-C*01:02,46.224673913043475,20786.835924992956,0.019068944704486057
DEKIANVTE,HLA-C*01:02,46.224673913043475,24584.408601654486,0.07883895986014977
EKIANVTED,HLA-C*01:02,99.28660326086957,29210.76205427403,0.02181390031182673
KIANVTEDA,HLA-C*01:02,37.35904891304347,16543.49671126721,0.036460219882428646
IANVTEDAK,HLA-C*01:02,13.500896739130425,5760.600840780644,0.009023147460538894
CKAYWKVCF,HLA-C*01:02,37.35904891304347,27865.601182761973,0.16000989614985883
KAYWKVCFH,HLA-C*01:02,11.115788043478247,19372.241968524228,0.40708840917795897
AYWKVCFHY,HLA-C*01:02,7.348016304347794,14449.331178199132,0.45323494262993336
YWKVCFHYN,HLA-C*01:02,99.28660326086957,27210.16937135176,0.002827674732543528
WKVCFHYNL,HLA-C*01:02,99.28660326086957,26760.253225773038,0.015985196085239295
KVCFHYNLH,HLA-C*01:02,62.74467391304348,23672.626697449294,0.01237662578932941
VCFHYNLHK,HLA-C*01:02,62.74467391304348,21415.954796602902,0.002274030732223764
CFHYNLHKA,HLA-C*01:02,27.61739130434782,14583.447366670669,0.05289875323069282
FHYNLHKAQ,HLA-C*01:02,62.74467391304348,24775.06834754893,0.02467911329586059
ECGKSFGRSC,HLA-C*01:02,99.28660326086957,25411.183350565097,0.0007892808862379752
CGKSFGRSCH,HLA-C*01:02,62.74467391304348,24761.118581490795,0.0012642787578442949
GKSFGRSCHL,HLA-C*01:02,31.643179347826077,24524.433757875104,0.18083411123370752
KSFGRSCHLI,HLA-C*01:02,8.839293478260856,4933.83919938263,0.10119775380007923
SFGRSCHLIQ,HLA-C*01:02,62.74467391304348,24979.647984490577,0.0027154562267242
FGRSCHLIQH,HLA-C*01:02,99.28660326086957,26960.878676741682,0.01546144942403771
GRSCHLIQHQ,HLA-C*01:02,99.28660326086957,30183.384867336288,0.00729027834313456
RSCHLIQHQT,HLA-C*01:02,62.74467391304348,27826.13107721987,0.046444566280115396
SCHLIQHQTI,HLA-C*01:02,31.643179347826077,15302.932622966044,0.05008814396569505
CHLIQHQTIH,HLA-C*01:02,99.28660326086957,31243.876933744938,0.035084767107036896
GSSQKAREER,HLA-C*01:02,62.74467391304348,25073.3484787579,0.0005801797415188048
SSQKAREERA,HLA-C*01:02,99.28660326086957,26870.21989169867,0.0009338430209027138
SQKAREERAL,HLA-C*01:02,31.643179347826077,14445.830640221502,0.02330194611568004
QKAREERALL,HLA-C*01:02,62.74467391304348,27971.790382551382,0.06117052142508328
KAREERALLP,HLA-C*01:02,62.74467391304348,26005.16194824234,0.05925117270089686
AREERALLPL,HLA-C*01:02,31.643179347826077,14421.752161221932,0.019266141986008734
REERALLPLE,HLA-C*01:02,99.28660326086957,29401.92325385606,0.036366148735396564
EERALLPLEL,HLA-C*01:02,31.643179347826077,22569.677026398625,0.1342848485801369
ERALLPLELQ,HLA-C*01:02,99.28660326086957,29709.77654059677,0.03036812276695855
RALLPLELQD,HLA-C*01:02,99.28660326086957,29621.115429748086,0.025289866025559604
SGSSFSRRAA,HLA-C*01:02,46.224673913043475,21239.62134723668,0.025711515016155317
GSSFSRRAAP,HLA-C*01:02,99.28660326086957,29175.691520797,0.008082533608103404
SSFSRRAAPV,HLA-C*01:02,12.805461956521725,5270.800454695881,0.008139592449879274
SFSRRAAPVA,HLA-C*01:02,62.74467391304348,26632.78428252608,0.07422042521648109
FSRRAAPVAT,HLA-C*01:02,46.224673913043475,19223.297981790096,0.0034786670585162938
SRRAAPVATP,HLA-C*01:02,62.74467391304348,26775.127329116975,0.040951402799692005
RRAAPVATPA,HLA-C*01:02,37.35904891304347,20187.75563375668,0.08659073524177074
RAAPVATPAL,HLA-C*01:02,0.27603260869564394,49.96958943040154,0.24621672555804253
AAPVATPALL,HLA-C*01:02,0.10394021739132597,33.214305977655336,0.39799266308546066
APVATPALLT,HLA-C*01:02,46.224673913043475,20181.178721114473,0.014000925788423046
PVATPALLTS,HLA-C*01:02,99.28660326086957,26570.98452335764,0.008135979413054883
VATPALLTSH,HLA-C*01:02,5.149211956521697,9394.256204729814,0.4535486279055476
ATPALLTSHR,HLA-C*01:02,24.57923913043477,15318.294641424267,0.10895465919747949
TPALLTSHRS,HLA-C*01:02,99.28660326086957,28386.314612251117,0.014764188264962286
PALLTSHRSL,HLA-C*01:02,31.643179347826077,13956.301050949582,0.010603716247715056
ALLTSHRSLG,HLA-C*01:02,99.28660326086957,30290.015933618917,0.00638430894468911
LLTSHRSLGN,HLA-C*01:02,99.28660326086957,29477.342268874654,0.0008225253004638944
LTSHRSLGNT,HLA-C*01:02,99.28660326086957,29214.566104817135,0.0008952879670687253
TSHRSLGNTR,HLA-C*01:02,46.224673913043475,19449.68542691325,0.021556075145781506
SHRSLGNTRH,HLA-C*01:02,99.28660326086957,30510.69590973065,0.0032693539360479917
HRSLGNTRHK,HLA-C*01:02,99.28660326086957,26026.635022307564,0.007076072244672105
AVGATAVYPT,HLA-C*01:02,99.28660326086957,26536.348004131214,0.002287472154421266
VGATAVYPTD,HLA-C*01:02,99.28660326086957,26946.340717348576,0.0012523099212558009
GATAVYPTDL,HLA-C*01:02,16.15755434782608,6754.056756135696,0.013533653371268883
ATAVYPTDLV,HLA-C*01:02,46.224673913043475,19009.855684954244,0.03201146575156599
TAVYPTDLVK,HLA-C*01:02,5.346684782608634,12985.043087673681,0.533831475302577
AVYPTDLVKT,HLA-C*01:02,3.1845108695651163,13966.23071991755,0.7377970181405544
VYPTDLVKTR,HLA-C*01:02,3.0137228260868767,11276.107239539582,0.7052624225616455
YPTDLVKTRM,HLA-C*01:02,2.0198097826086183,2642.490379188087,0.49963128939270973
PTDLVKTRMQ,HLA-C*01:02,99.28660326086957,27500.905150126233,0.024625054327771068
TDLVKTRMQN,HLA-C*01:02,99.28660326086957,30789.040412695325,0.01354717599315336
SKELYALGVV,HLA-C*01:02,99.28660326086957,29517.143929055208,0.00437297869939357
KELYALGVVD,HLA-C*01:02,99.28660326086957,31015.166440349694,0.03734788449946791
ELYALGVVDG,HLA-C*01:02,99.28660326086957,30256.355432932705,0.025444800936384127
LYALGVVDGL,HLA-C*01:02,18.61798913043478,8080.036239092087,0.02445990324486047
YALGVVDGLH,HLA-C*01:02,62.74467391304348,23924.439371106735,0.04468165244907141
ALGVVDGLHT,HLA-C*01:02,62.74467391304348,22223.89921687592,0.020533070419332944
LGVVDGLHTV,HLA-C*01:02,18.61798913043478,11676.565604027717,0.11643605772405863
GVVDGLHTVH,HLA-C*01:02,8.545326086956507,9791.134881316444,0.30460400879383087
VVDGLHTVHG,HLA-C*01:02,37.35904891304347,17498.070091891786,0.04516420705476776
VDGLHTVHGT,HLA-C*01:02,99.28660326086957,27454.561261076924,0.005098180845379829
NKNSSKPQKK,HLA-C*01:02,62.74467391304348,25206.532182154813,0.0017407764789822977
KNSSKPQKKN,HLA-C*01:02,99.28660326086957,31058.767080379603,0.00033146664554806193
NSSKPQKKNG,HLA-C*01:02,99.28660326086957,29817.017002299817,0.0019708988274942385
SSKPQKKNGS,HLA-C*01:02,99.28660326086957,27180.35452289291,0.0007252237655848148
SKPQKKNGST,HLA-C*01:02,99.28660326086957,27530.452862944694,0.0013834203382430132
KPQKKNGSTW,HLA-C*01:02,12.187228260869546,15551.397651036435,0.3227802007459104
PQKKNGSTWA,HLA-C*01:02,99.28660326086957,31092.683240126586,0.005226369627052918
QKKNGSTWAN,HLA-C*01:02,99.28660326086957,31631.139680523665,0.0008521472145730513
KKNGSTWANV,HLA-C*01:02,62.74467391304348,28645.132877638724,0.039757810620358214
KNGSTWANVP,HLA-C*01:02,99.28660326086957,29846.314310106387,0.006448216478020186
RVNKLKREMG,HLA-C*01:02,99.28660326086957,29994.66704238392,0.016185269050765783
VNKLKREMGH,HLA-C*01:02,99.28660326086957,31332.547553756704,0.003918021237041103
NKLKREMGHL,HLA-C*01:02,62.74467391304348,29744.460151423158,0.06394581560743973
KLKREMGHLQ,HLA-C*01:02,99.28660326086957,29829.329397306956,0.022000773169565946
LKREMGHLQH,HLA-C*01:02,99.28660326086957,31189.87034837408,0.022609120511333458
KREMGHLQHE,HLA-C*01:02,99.28660326086957,29465.809727379416,0.0011370735246600816
REMGHLQHEL,HLA-C*01:02,4.102010869565163,7679.761349894172,0.47766389697790146
EMGHLQHELQ,HLA-C*01:02,99.28660326086957,28005.42551067691,0.0022584256730624475
MGHLQHELQF,HLA-C*01:02,37.35904891304347,17666.871768609657,0.054925119737163186
GHLQHELQFK,HLA-C*01:02,46.224673913043475,26458.210367735664,0.08493147499393672
SAAKAVKPKV,HLA-C*01:02,15.160951086956516,7661.2019081986045,0.0519614031072706
AAKAVKPKVV,HLA-C*01:02,5.788070652173886,4459.214664564487,0.21074603078886867
AKAVKPKVVK,HLA-C*01:02,12.187228260869546,24606.341972029975,0.453904427587986
KAVKPKVVKP,HLA-C*01:02,17.305597826086952,21596.671707201593,0.3150097457692027
AVKPKVVKPK,HLA-C*01:02,8.839293478260856,17134.148770877542,0.4450753778219223
VKPKVVKPKK,HLA-C*01:02,46.224673913043475,24749.33650760877,0.0692497294221539
AVTLSPNGKS,HLA-C*01:02,99.28660326086957,27356.996385980423,0.0021577487168542575
VTLSPNGKSL,HLA-C*01:02,0.6534782608694769,87.80947344201,0.09883292182348669
TLSPNGKSLA,HLA-C*01:02,20.2322554347826,8513.968044655425,0.014171134331263602
LSPNGKSLAC,HLA-C*01:02,2.129347826086885,491.2414295798848,0.012152732386311982
SPNGKSLACQ,HLA-C*01:02,37.35904891304347,18953.948566329782,0.05413009790936485
PNGKSLACQS,HLA-C*01:02,99.28660326086957,30831.67619796927,0.00019796864535237546
NGKSLACQSM,HLA-C*01:02,27.61739130434782,12077.523600527713,0.012630270248337183
GKSLACQSMD,HLA-C*01:02,99.28660326086957,31547.377652824227,0.014810287138971034
KSLACQSMDN,HLA-C*01:02,99.28660326086957,30505.010264257613,0.004588098650856409
SLACQSMDNQ,HLA-C*01:02,99.28660326086957,28984.51570434842,0.0013881627601222135
CGPHDLLWAH,HLA-C*01:02,62.74467391304348,23626.373507708366,0.043399246875196695
GPHDLLWAHS,HLA-C*01:02,62.74467391304348,27034.50999186212,0.07091219967696816
PHDLLWAHSG,HLA-C*01:02,99.28660326086957,28459.31374139011,0.00889372375968378
HDLLWAHSGR,HLA-C*01:02,46.224673913043475,26574.73475853415,0.08721360785420984
DLLWAHSGRD,HLA-C*01:02,99.28660326086957,31971.806094135816,0.005594314323388971
LLWAHSGRDR,HLA-C*01:02,62.74467391304348,24985.9604228637,0.045928984036436304
LWAHSGRDRP,HLA-C*01:02,99.28660326086957,30707.60995472956,0.0010374665616836865
WAHSGRDRPW,HLA-C*01:02,24.57923913043477,12927.848737021754,0.07550957414787263
AHSGRDRPWS,HLA-C*01:02,99.28660326086957,31500.255911012162,0.0017632130584388506
HSGRDRPWSG,HLA-C*01:02,99.28660326086957,26962.82199650229,0.012384530622512102
SGRDRPWSGK,HLA-C*01:02,37.35904891304347,18488.596665741577,0.06853297736961395
GRDRPWSGKE,HLA-C*01:02,99.28660326086957,26879.127745821712,0.0045900615805294365
RDRPWSGKES,HLA-C*01:02,99.28660326086957,28767.694127777402,0.015023211322841235
DRPWSGKEST,HLA-C*01:02,99.28660326086957,27533.88382760395,0.01826842343143653
RPWSGKESTG,HLA-C*01:02,27.61739130434782,19978.81902818331,0.1475212466903031
PWSGKESTGA,HLA-C*01:02,99.28660326086957,27309.45165790865,0.000534497437911341
WSGKESTGAI,HLA-C*01:02,46.224673913043475,19044.73402534927,0.00038438183764810674
SGKESTGAIP,HLA-C*01:02,46.224673913043475,19643.733080875896,0.006205495992617216
GKESTGAIPK,HLA-C*01:02,14.277038043478257,22795.13084113011,0.372914875857532
KESTGAIPKE,HLA-C*01:02,62.74467391304348,27052.3642165206,0.05357749783433974
ESTGAIPKEV,HLA-C*01:02,27.61739130434782,15057.640047745712,0.07402359100524336
STGAIPKEVP,HLA-C*01:02,62.74467391304348,22826.07336445442,0.012337836931692436
TGAIPKEVPG,HLA-C*01:02,46.224673913043475,20412.92568960486,0.011353134294040501
GAIPKEVPGP,HLA-C*01:02,46.224673913043475,20188.621759015303,0.02379157830728218
AIPKEVPGPS,HLA-C*01:02,27.61739130434782,11737.281014267548,0.01735253701917827
IPKEVPGPSW,HLA-C*01:02,1.7952717391303565,4833.041447118893,0.7272058017551899
PKEVPGPSWS,HLA-C*01:02,99.28660326086957,29265.290968560308,0.0011525660702318419
KEVPGPSWSL,HLA-C*01:02,2.3236413043477597,2902.2297921693857,0.4546149196103215
EVPGPSWSLL,HLA-C*01:02,1.4441304347825223,290.93648962756686,0.06674700835719705
VPGPSWSLLD,HLA-C*01:02,62.74467391304348,23536.133410236675,0.005071742707514204
PGPSWSLLDL,HLA-C*01:02,12.805461956521725,5147.005434588451,0.0018136391081498004
GPSWSLLDLK,HLA-C*01:02,62.74467391304348,24900.539650666225,0.019621097831986845
PSWSLLDLKT,HLA-C*01:02,99.28660326086957,30837.96366893641,0.0030383523262571543
SWSLLDLKTG,HLA-C*01:02,99.28660326086957,29587.98084937574,0.0023994436232896987
WSLLDLKTGS,HLA-C*01:02,99.28660326086957,30933.346021510722,0.0023641706429771148
SLLDLKTGSC,HLA-C*01:02,22.19230978260869,10774.220557648476,0.03275208099512383
LLDLKTGSCT,HLA-C*01:02,37.35904891304347,15732.298662843607,0.007527011446654797
LDLKTGSCTS,HLA-C*01:02,99.28660326086957,29619.59415961218,0.004973326478648232
DLKTGSCTSR,HLA-C*01:02,27.61739130434782,22320.49243868909,0.18830905389040709
LKTGSCTSRW,HLA-C*01:02,17.305597826086952,30191.644494974713,0.4071860397234559
KTGSCTSRWE,HLA-C*01:02,99.28660326086957,29680.808500882453,0.01415038885170361
TGSCTSRWES,HLA-C*01:02,99.28660326086957,28752.898683766667,0.00023050171239447081
GSCTSRWESA,HLA-C*01:02,62.74467391304348,25878.694241812344,0.040853962673281785
SCTSRWESAW,HLA-C*01:02,62.74467391304348,26434.612871033343,0.017755804175976664
CTSRWESAWS,HLA-C*01:02,99.28660326086957,30313.806578904685,0.005644034532451769
TSRWESAWSG,HLA-C*01:02,99.28660326086957,29643.023717988784,0.003630141814937815
SRWESAWSGL,HLA-C*01:02,14.277038043478257,11324.97400612637,0.19101056223735213
RWESAWSGLS,HLA-C*01:02,99.28660326086957,27184.45110620144,0.0095678403013153
WESAWSGLSP,HLA-C*01:02,62.74467391304348,28203.83762654367,0.03597171220462769
ESAWSGLSPR,HLA-C*01:02,10.231983695652161,19072.20174515156,0.4270693762227893
SAWSGLSPRT,HLA-C*01:02,46.224673913043475,21470.94028510377,0.03638603142462671
AWSGLSPRTG,HLA-C*01:02,62.74467391304348,23653.91665500666,0.006149467750219628
WSGLSPRTGR,HLA-C*01:02,46.224673913043475,22600.82091761678,0.04839553724741563
SGLSPRTGRC,HLA-C*01:02,62.74467391304348,21431.68357508442,0.001891274114314001
GLSPRTGRCG,HLA-C*01:02,62.74467391304348,25446.32003169753,0.010588010307401419
LSPRTGRCGS,HLA-C*01:02,62.74467391304348,23086.215974891515,0.0012790436776413117
SPRTGRCGSE,HLA-C*01:02,46.224673913043475,20766.557424662566,0.021843250666279346
PRTGRCGSEE,HLA-C*01:02,99.28660326086957,30024.324666606575,0.00016575736299273558
RTGRCGSEEA,HLA-C*01:02,99.28660326086957,26932.73071279079,0.0038664114090352086
TGRCGSEEAS,HLA-C*01:02,62.74467391304348,24654.530930495286,0.0003644150483523845
GRCGSEEAST,HLA-C*01:02,99.28660326086957,27143.351667532537,0.0005012256569898454
RCGSEEASTL,HLA-C*01:02,4.213478260869522,1396.9117495071803,0.0031014929118100554
CGSEEASTLT,HLA-C*01:02,62.74467391304348,24402.35811989771,0.0002565005652286345
GSEEASTLTI,HLA-C*01:02,12.187228260869546,6212.988487731861,0.07079017418436706
SEEASTLTIP,HLA-C*01:02,16.15755434782608,27123.712265976974,0.39566211216151714
EEASTLTIPA,HLA-C*01:02,37.35904891304347,28546.605012174845,0.15470935468329117
EASTLTIPAA,HLA-C*01:02,17.305597826086952,19902.093573005044,0.2761758081614971
ASTLTIPAAP,HLA-C*01:02,62.74467391304348,25105.473522326105,0.04256808722857386
STLTIPAAPV,HLA-C*01:02,31.643179347826077,15253.158397923406,0.02315781405195594
TLTIPAAPVG,HLA-C*01:02,62.74467391304348,24848.131588898654,0.003141975132166408
LTIPAAPVGL,HLA-C*01:02,0.4788586956521357,111.42478031958339,0.28003276139497757
TIPAAPVGLR,HLA-C*01:02,3.946249999999935,3320.784799658408,0.2606590799987316
IPAAPVGLRW,HLA-C*01:02,2.5728260869564394,10170.566835501118,0.7509671971201897
PAAPVGLRWL,HLA-C*01:02,14.277038043478257,6924.408426079736,0.04952203796710819
AAPVGLRWLV,HLA-C*01:02,5.554945652173885,2739.2471039263182,0.09354951189015992
APVGLRWLVR,HLA-C*01:02,10.231983695652161,22630.079971869047,0.472885400056839
ISVIRTLSTI,HLA-C*01:02,11.115788043478247,8578.688023468269,0.18589705787599087
SVIRTLSTID,HLA-C*01:02,99.28660326086957,30094.232263355683,0.028850144939497113
VIRTLSTIDD,HLA-C*01:02,99.28660326086957,30524.16433299207,0.0065207289953832515
IRTLSTIDDV,HLA-C*01:02,99.28660326086957,29019.632714852607,0.0030146714052534662
RTLSTIDDVE,HLA-C*01:02,99.28660326086957,27718.584618796405,0.024826025823131204
TLSTIDDVED,HLA-C*01:02,62.74467391304348,20198.998621254657,0.002085953688947484
LSTIDDVEDR,HLA-C*01:02,46.224673913043475,18882.539005187602,0.001598837236088002
STIDDVEDRE,HLA-C*01:02,31.643179347826077,13282.26451242335,0.01016258611343801
TIDDVEDREN,HLA-C*01:02,15.160951086956516,6554.23017205361,0.00828571215242846
IDDVEDRENE,HLA-C*01:02,37.35904891304347,15826.014736024292,0.0008349230392923346
GEKIILNFTT,HLA-C*01:02,46.224673913043475,31673.88983966293,0.16137367766350508
EKIILNFTTL,HLA-C*01:02,27.61739130434782,26607.102327598983,0.23912471439689398
KIILNFTTLD,HLA-C*01:02,99.28660326086957,30552.51695639397,0.005713100574212149
IILNFTTLDL,HLA-C*01:02,10.655842391304333,4468.307457957424,0.0135229064617306
ILNFTTLDLY,HLA-C*01:02,46.224673913043475,21813.744196878455,0.059058566941530444
LNFTTLDLYR,HLA-C*01:02,99.28660326086957,28203.561611186808,0.008036940649617463
NFTTLDLYRS,HLA-C*01:02,99.28660326086957,32054.501630180966,0.01879061947693117
FTTLDLYRSR,HLA-C*01:02,37.35904891304347,27808.349244411496,0.15402161236852407
TTLDLYRSRL,HLA-C*01:02,10.655842391304333,6444.225398335233,0.12140685087069869
TLDLYRSRLC,HLA-C*01:02,46.224673913043475,19144.827521970958,0.0017737610360200051
KQNEELDRQK,HLA-C*01:02,27.61739130434782,13955.365475685026,0.03703262022463605
QNEELDRQKR,HLA-C*01:02,46.224673913043475,20211.630311887107,0.005378502228268189
NEELDRQKRI,HLA-C*01:02,62.74467391304348,24760.27984134458,0.01192340487614274
EELDRQKRIG,HLA-C*01:02,99.28660326086957,29229.57990620333,0.015297894511604682
ELDRQKRIGN,HLA-C*01:02,99.28660326086957,27175.175020290564,0.004243864517775364
LDRQKRIGNT,HLA-C*01:02,99.28660326086957,30523.426388870528,0.0024360456882277504
DRQKRIGNTR,HLA-C*01:02,37.35904891304347,27772.415436457475,0.16241755988448858
RQKRIGNTRK,HLA-C*01:02,62.74467391304348,26768.944435661087,0.039384729287121445
QKRIGNTRKM,HLA-C*01:02,99.28660326086957,29420.509920422854,0.0246496275649406
KRIGNTRKMI,HLA-C*01:02,46.224673913043475,20135.851758873087,0.025947104673832655
DSCDQRQLSE,HLA-C*01:02,99.28660326086957,25437.751263944567,0.003007515500939917
SCDQRQLSEC,HLA-C*01:02,27.61739130434782,11657.530361411355,0.001038663336657919
CDQRQLSECD,HLA-C*01:02,99.28660326086957,28256.812381941305,0.0004363058014860144
DQRQLSECDE,HLA-C*01:02,99.28660326086957,30041.10336300898,0.03261160635156557
QRQLSECDEP,HLA-C*01:02,99.28660326086957,30251.31294438169,0.0005732332811021479
RQLSECDEPQ,HLA-C*01:02,99.28660326086957,27492.77126329562,0.014950361975934356
QLSECDEPQP,HLA-C*01:02,99.28660326086957,25763.523402497347,0.0019344297179486603
LSECDEPQPH,HLA-C*01:02,62.74467391304348,22694.465767384103,0.0045564905885839835
SECDEPQPHH,HLA-C*01:02,62.74467391304348,23296.965909573595,0.015835379410418682
ECDEPQPHHS,HLA-C*01:02,46.224673913043475,16824.12988424534,0.0028990750724915415
DEEDEEEEED,HLA-C*01:02,46.224673913043475,19521.618193036105,0.00010386346639279509
EEDEEEEEDF,HLA-C*01:02,24.57923913043477,9810.718397835051,0.0003980467845394742
EDEEEEEDFK,HLA-C*01:02,31.643179347826077,12625.968235606097,0.00033213836832146626
DEEEEEDFKP,HLA-C*01:02,62.74467391304348,25456.561256942903,0.014562724390998483
SDSVSSINSV,HLA-C*01:02,46.224673913043475,20351.953489484018,0.04291622433811426
DSVSSINSVT,HLA-C*01:02,62.74467391304348,25314.086442154243,0.005616962938802317
SVSSINSVTS,HLA-C*01:02,62.74467391304348,21678.352941501063,0.017040354199707508
VSSINSVTSH,HLA-C*01:02,37.35904891304347,18321.92676181333,0.04253068577963859
SSINSVTSHS,HLA-C*01:02,62.74467391304348,23059.320486855424,0.0029667898634215817
SINSVTSHSS,HLA-C*01:02,46.224673913043475,19938.80616681238,0.00874333041429054
INSVTSHSSV,HLA-C*01:02,62.74467391304348,20669.021066199955,0.0017412419110769406
NSVTSHSSVG,HLA-C*01:02,99.28660326086957,27816.978897445613,0.0023695615855103824
SVTSHSSVGS,HLA-C*01:02,62.74467391304348,24742.409773800515,0.004758644994581118
VTSHSSVGSN,HLA-C*01:02,99.28660326086957,25246.667965794542,0.0005158745934750186
KHGKRFHATI,HLA-C*01:02,99.28660326086957,26870.969699741112,0.01143310050247237
HGKRFHATIS,HLA-C*01:02,99.28660326086957,29611.450807232697,0.0014108458817645442
GKRFHATISF,HLA-C*01:02,9.849456521739114,28311.77473504568,0.5526284766383469
KRFHATISFD,HLA-C*01:02,99.28660326086957,31208.475012755694,0.015497557702474296
RFHATISFDT,HLA-C*01:02,99.28660326086957,30765.62132364051,0.01199639672995545
FHATISFDTD,HLA-C*01:02,99.28660326086957,30567.92461766171,0.013241624823422171
HATISFDTDT,HLA-C*01:02,99.28660326086957,27976.480645233183,0.002792177489027381
ATISFDTDTG,HLA-C*01:02,46.224673913043475,25791.372107379815,0.078371457522735
TISFDTDTGL,HLA-C*01:02,12.805461956521725,5392.773235115275,0.00972964710672386
ISFDTDTGLK,HLA-C*01:02,9.849456521739114,4980.486300248488,0.06851682186243124
GPPISSCDTR,HLA-C*01:02,46.224673913043475,17282.113774069312,0.011173828526807483
PPISSCDTRT,HLA-C*01:02,99.28660326086957,28532.83952035209,0.0003963905546697788
PISSCDTRTM,HLA-C*01:02,31.643179347826077,14195.506395347842,0.004517163113632705
ISSCDTRTMA,HLA-C*01:02,46.224673913043475,22592.128410665046,0.04798858363938052
SSCDTRTMAN,HLA-C*01:02,37.35904891304347,16492.89373695828,0.00176592684147181
SCDTRTMANC,HLA-C*01:02,46.224673913043475,17535.30446701946,0.0010551343139013625
CDTRTMANCE,HLA-C*01:02,99.28660326086957,28801.298602160186,0.0004617612394213211
DTRTMANCER,HLA-C*01:02,62.74467391304348,27129.209896223427,0.025342724577058107
TRTMANCERT,HLA-C*01:02,99.28660326086957,31280.570100389163,0.0005038683211751049
RTMANCERTF,HLA-C*01:02,3.037282608695577,4304.216192957172,0.4354678560048342
RLCGTDEKIA,HLA-C*01:02,46.224673913043475,22108.1104126256,0.04352426034165546
LCGTDEKIAN,HLA-C*01:02,62.74467391304348,24490.76548577088,0.00021767058024124708
CGTDEKIANV,HLA-C*01:02,22.19230978260869,9191.043395584511,0.009610217923182063
GTDEKIANVT,HLA-C*01:02,24.57923913043477,13833.917104065045,0.07976527267601341
TDEKIANVTE,HLA-C*01:02,62.74467391304348,22581.17771201506,0.013715118599066045
DEKIANVTED,HLA-C*01:02,99.28660326086957,28854.096671317053,0.018839739088434726
EKIANVTEDA,HLA-C*01:02,99.28660326086957,30052.694872365755,0.02127271829522215
KIANVTEDAK,HLA-C*01:02,24.57923913043477,12394.131149778312,0.05798794300062582
IANVTEDAKR,HLA-C*01:02,37.35904891304347,15509.32397500372,0.015004037457401864
GCKAYWKVCF,HLA-C*01:02,99.28660326086957,27724.662107823533,0.01365330137195997
CKAYWKVCFH,HLA-C*01:02,62.74467391304348,32435.47379671667,0.0805507629411295
KAYWKVCFHY,HLA-C*01:02,16.15755434782608,20870.70330752817,0.3179935053922236
AYWKVCFHYN,HLA-C*01:02,99.28660326086957,29733.275277418918,0.022703536582412198
YWKVCFHYNL,HLA-C*01:02,62.74467391304348,23638.42160359529,0.0056776412020553835
WKVCFHYNLH,HLA-C*01:02,99.28660326086957,33160.01480860342,0.009386908583110198
KVCFHYNLHK,HLA-C*01:02,62.74467391304348,25231.18892044097,0.005412590864580125
VCFHYNLHKA,HLA-C*01:02,62.74467391304348,26676.846364136185,0.01856572352699004
CFHYNLHKAQ,HLA-C*01:02,99.28660326086957,29835.767702182606,0.00489898786690901
FHYNLHKAQP,HLA-C*01:02,99.28660326086957,29991.97957913342,0.025986398628447205
NECGKSFGRSC,HLA-C*01:02,62.74467391304348,24599.910175088597,0.03188979846891016
ECGKSFGRSCH,HLA-C*01:02,99.28660326086957,27586.292935688773,0.0037746335055999225
CGKSFGRSCHL,HLA-C*01:02,16.15755434782608,6767.623013513733,0.003913338950951584
GKSFGRSCHLI,HLA-C*01:02,37.35904891304347,30252.34171403456,0.20537597069051117
KSFGRSCHLIQ,HLA-C*01:02,62.74467391304348,27935.48447229455,0.0760780552518554
SFGRSCHLIQH,HLA-C*01:02,62.74467391304348,27660.189238837043,0.031009283098683227
FGRSCHLIQHQ,HLA-C*01:02,99.28660326086957,29588.02771848562,0.0033047299984900746
GRSCHLIQHQT,HLA-C*01:02,99.28660326086957,31070.61400166594,0.03579959267517552
RSCHLIQHQTI,HLA-C*01:02,9.15535326086956,18397.22039181311,0.4576273448765278
SCHLIQHQTIH,HLA-C*01:02,99.28660326086957,29151.057283146056,0.0025341560894958093
CHLIQHQTIHT,HLA-C*01:02,99.28660326086957,31488.67187633051,0.015986910220817663
AGSSQKAREER,HLA-C*01:02,62.74467391304348,20040.758612919843,0.0007083491182129364
GSSQKAREERA,HLA-C*01:02,99.28660326086957,28769.51198686252,0.0006086394041631138
SSQKAREERAL,HLA-C*01:02,12.187228260869546,4876.4158359553385,0.008760127981076948
SQKAREERALL,HLA-C*01:02,27.61739130434782,21351.259215369442,0.15721336659044027
QKAREERALLP,HLA-C*01:02,62.74467391304348,32123.504658511323,0.07760955789126456
KAREERALLPL,HLA-C*01:02,9.849456521739114,4048.1665769302294,0.013642243895446882
AREERALLPLE,HLA-C*01:02,99.28660326086957,28893.589833123602,0.026272594928741455
REERALLPLEL,HLA-C*01:02,31.643179347826077,23391.831938280175,0.17653089482337236
EERALLPLELQ,HLA-C*01:02,99.28660326086957,30228.429094530733,0.017995925969444215
ERALLPLELQD,HLA-C*01:02,99.28660326086957,30319.93185799316,0.017852301331004128
RALLPLELQDD,HLA-C*01:02,99.28660326086957,29474.187219035633,0.022586548642721027
RSGSSFSRRAA,HLA-C*01:02,37.35904891304347,26800.00151718093,0.15245011541992426
SGSSFSRRAAP,HLA-C*01:02,99.28660326086957,26507.50354087521,0.010986726471855945
GSSFSRRAAPV,HLA-C*01:02,62.74467391304348,25297.690048621163,0.0034643970648176037
SSFSRRAAPVA,HLA-C*01:02,27.61739130434782,24227.83757142047,0.19197551114484668
SFSRRAAPVAT,HLA-C*01:02,99.28660326086957,26601.089364729036,0.005648398197081406
FSRRAAPVATP,HLA-C*01:02,62.74467391304348,24708.2128951909,0.033361752139171585
SRRAAPVATPA,HLA-C*01:02,46.224673913043475,24908.043049906682,0.08137142017949373
RRAAPVATPAL,HLA-C*01:02,9.849456521739114,6343.235590954735,0.14226746279746294
RAAPVATPALL,HLA-C*01:02,0.6369565217390374,151.55451608025197,0.258177749812603
AAPVATPALLT,HLA-C*01:02,20.2322554347826,10107.846885040266,0.045355653506703675
APVATPALLTS,HLA-C*01:02,27.61739130434782,19490.908161388557,0.15523277781903744
PVATPALLTSH,HLA-C*01:02,37.35904891304347,25431.862332797053,0.12033224618062377
VATPALLTSHR,HLA-C*01:02,10.231983695652161,15681.256571641195,0.37565894424915314
ATPALLTSHRS,HLA-C*01:02,62.74467391304348,28035.648636704598,0.039982459507882595
TPALLTSHRSL,HLA-C*01:02,14.277038043478257,8082.434385213488,0.08578518533613533
PALLTSHRSLG,HLA-C*01:02,99.28660326086957,32025.477390155113,0.002418353804387152
ALLTSHRSLGN,HLA-C*01:02,99.28660326086957,29691.080009452297,0.004230668768286705
LLTSHRSLGNT,HLA-C*01:02,99.28660326086957,31208.179907472295,0.0011016681055480149
LTSHRSLGNTR,HLA-C*01:02,46.224673913043475,22446.5618758128,0.0469402541857562
TSHRSLGNTRH,HLA-C*01:02,99.28660326086957,27206.11617547755,0.006143674425402423
SHRSLGNTRHK,HLA-C*01:02,99.28660326086957,27934.089067235713,0.02007297391537577
GAVGATAVYPT,HLA-C*01:02,62.74467391304348,27126.90207007686,0.024073773296549916
AVGATAVYPTD,HLA-C*01:02,99.28660326086957,26880.114318922726,0.002567948378782603
VGATAVYPTDL,HLA-C*01:02,24.57923913043477,10838.099355899221,0.005193680306547321
GATAVYPTDLV,HLA-C*01:02,62.74467391304348,25174.183254212112,0.009790389362024143
ATAVYPTDLVK,HLA-C*01:02,6.962798913043457,15805.615087294755,0.5024365447461605
TAVYPTDLVKT,HLA-C*01:02,9.849456521739114,25944.070323115782,0.521487683057785
AVYPTDLVKTR,HLA-C*01:02,1.8135054347825417,10743.247453141,0.9408041015267372
VYPTDLVKTRM,HLA-C*01:02,4.968641304347784,10827.927379142988,0.5066023794934154
YPTDLVKTRMQ,HLA-C*01:02,31.643179347826077,25017.23476198071,0.16868024785071611
PTDLVKTRMQN,HLA-C*01:02,99.28660326086957,27369.448511936687,0.0056339168004342355
TDLVKTRMQNQ,HLA-C*01:02,99.28660326086957,30959.518960258003,0.025784009194467217
LSKELYALGVV,HLA-C*01:02,99.28660326086957,28748.978380464705,0.006318885658401996
SKELYALGVVD,HLA-C*01:02,99.28660326086957,30235.745811105025,0.007424209077726118
KELYALGVVDG,HLA-C*01:02,99.28660326086957,31187.239717227087,0.04946010559797287
ELYALGVVDGL,HLA-C*01:02,37.35904891304347,18932.487422375823,0.08160499384393916
LYALGVVDGLH,HLA-C*01:02,99.28660326086957,27586.76294642024,0.011585938336793333
YALGVVDGLHT,HLA-C*01:02,46.224673913043475,24057.681534355677,0.05666767596267164
ALGVVDGLHTV,HLA-C*01:02,5.149211956521697,7111.437473269,0.3772844113409519
LGVVDGLHTVH,HLA-C*01:02,46.224673913043475,22028.348141684623,0.03613096787012182
GVVDGLHTVHG,HLA-C*01:02,37.35904891304347,25084.914131101257,0.1231931748916395
VVDGLHTVHGT,HLA-C*01:02,37.35904891304347,16110.74648872519,0.02773916114529129
VDGLHTVHGTY,HLA-C*01:02,46.224673913043475,24688.37159555149,0.1027756875846535
KNKNSSKPQKK,HLA-C*01:02,62.74467391304348,24819.84322648426,0.0023827013501431793
NKNSSKPQKKN,HLA-C*01:02,99.28660326086957,29986.277224353347,0.0007729835651844041
KNSSKPQKKNG,HLA-C*01:02,99.28660326086957,31119.52295162489,0.0004033083923786762
NSSKPQKKNGS,HLA-C*01:02,99.28660326086957,27204.4647582086,0.0013181067997720675
SSKPQKKNGST,HLA-C*01:02,62.74467391304348,24487.087364493716,0.000595023429923458
SKPQKKNGSTW,HLA-C*01:02,20.2322554347826,16808.804686093143,0.20223800069652498
KPQKKNGSTWA,HLA-C*01:02,62.74467391304348,26653.208677829098,0.022716014042089228
PQKKNGSTWAN,HLA-C*01:02,99.28660326086957,30428.917374821955,0.0018635389096743893
QKKNGSTWANV,HLA-C*01:02,99.28660326086957,31181.248650042682,0.012886691663879901
KKNGSTWANVP,HLA-C*01:02,62.74467391304348,30915.160072996736,0.060369450991856866
KNGSTWANVPL,HLA-C*01:02,62.74467391304348,20488.330726296444,0.0012214880043757148
SRVNKLKREMG,HLA-C*01:02,99.28660326086957,30664.47965436865,0.012238740160682937
RVNKLKREMGH,HLA-C*01:02,99.28660326086957,28877.21867864094,0.03301989519968629
VNKLKREMGHL,HLA-C*01:02,99.28660326086957,29054.48544417669,0.004380719052278437
NKLKREMGHLQ,HLA-C*01:02,62.74467391304348,31854.76576146417,0.07310035833506845
KLKREMGHLQH,HLA-C*01:02,62.74467391304348,29747.728424619723,0.08781285537406802
LKREMGHLQHE,HLA-C*01:02,99.28660326086957,31618.47456360372,0.011683477980113821
KREMGHLQHEL,HLA-C*01:02,37.35904891304347,20878.137837724786,0.07186628691852093
REMGHLQHELQ,HLA-C*01:02,62.74467391304348,28049.308461184748,0.05630512582138181
EMGHLQHELQF,HLA-C*01:02,62.74467391304348,25574.263081743364,0.0591824883595109
MGHLQHELQFK,HLA-C*01:02,46.224673913043475,24432.4662021074,0.08635551563929766
GHLQHELQFKE,HLA-C*01:02,99.28660326086957,30692.113081583913,0.020888319879304618
KSAAKAVKPKV,HLA-C*01:02,62.74467391304348,21856.83670644234,0.01864720368757844
SAAKAVKPKVV,HLA-C*01:02,16.15755434782608,13956.133754327151,0.21447248198091984
AAKAVKPKVVK,HLA-C*01:02,17.305597826086952,14388.448760700481,0.199575106613338
AKAVKPKVVKP,HLA-C*01:02,6.63130434782606,29457.680989989476,0.6863517202436924
KAVKPKVVKPK,HLA-C*01:02,18.61798913043478,19551.328159472665,0.2470601238310337
AVKPKVVKPKK,HLA-C*01:02,18.61798913043478,21733.025839084887,0.2826066352427006
VKPKVVKPKKA,HLA-C*01:02,27.61739130434782,29666.258366940063,0.2673903335817158
PAVTLSPNGKS,HLA-C*01:02,99.28660326086957,28043.962352938022,0.000626135666607297
AVTLSPNGKSL,HLA-C*01:02,2.813858695652101,822.0642209196637,0.01761763170361519
VTLSPNGKSLA,HLA-C*01:02,46.224673913043475,20993.703196545895,0.05202793923672289
TLSPNGKSLAC,HLA-C*01:02,2.390326086956435,591.7046344392602,0.005009584900108166
LSPNGKSLACQ,HLA-C*01:02,27.61739130434782,12130.481728844261,0.017974070069612935
SPNGKSLACQS,HLA-C*01:02,46.224673913043475,21646.283946574145,0.023746145074255764
PNGKSLACQSM,HLA-C*01:02,99.28660326086957,25494.430965731677,0.003669496396469185
NGKSLACQSMD,HLA-C*01:02,99.28660326086957,28688.68826559473,0.0006752727040293394
GKSLACQSMDN,HLA-C*01:02,99.28660326086957,29746.108690730696,0.012689301667705877
KSLACQSMDNQ,HLA-C*01:02,99.28660326086957,30226.34373299697,0.005611242188024335
SLACQSMDNQI,HLA-C*01:02,46.224673913043475,18643.85694137457,0.011761824287532363
SCGPHDLLWAH,HLA-C*01:02,62.74467391304348,22178.492361790584,0.028825398156186566
CGPHDLLWAHS,HLA-C*01:02,99.28660326086957,27304.413957740962,0.005796288518467918
GPHDLLWAHSG,HLA-C*01:02,37.35904891304347,26554.150226542788,0.1329653228749521
PHDLLWAHSGR,HLA-C*01:02,46.224673913043475,24337.846348350377,0.06483757533715107
HDLLWAHSGRD,HLA-C*01:02,99.28660326086957,30401.91475641116,0.002443472701997962
DLLWAHSGRDR,HLA-C*01:02,46.224673913043475,26989.910572840996,0.12010333396028727
LLWAHSGRDRP,HLA-C*01:02,99.28660326086957,30875.053362201867,0.013225600268924609
LWAHSGRDRPW,HLA-C*01:02,62.74467391304348,24532.44509402963,0.018808259308570996
WAHSGRDRPWS,HLA-C*01:02,99.28660326086957,30064.740918697367,0.00373369621229358
AHSGRDRPWSG,HLA-C*01:02,99.28660326086957,28346.076667184403,0.015245328337186947
HSGRDRPWSGK,HLA-C*01:02,37.35904891304347,16986.71031354738,0.03961703088134527
SGRDRPWSGKE,HLA-C*01:02,99.28660326086957,25985.5781146915,0.0084062157839071
GRDRPWSGKES,HLA-C*01:02,62.74467391304348,25511.203098984664,0.007758681655104738
RDRPWSGKEST,HLA-C*01:02,62.74467391304348,28955.568318225192,0.04003157546685543
DRPWSGKESTG,HLA-C*01:02,99.28660326086957,27178.424116583334,0.016917864813876804
RPWSGKESTGA,HLA-C*01:02,22.19230978260869,16754.38672532181,0.17547197919338942
PWSGKESTGAI,HLA-C*01:02,46.224673913043475,17268.800858203227,0.0005544485629798146
WSGKESTGAIP,HLA-C*01:02,99.28660326086957,27611.34275132286,0.004200707608106313
SGKESTGAIPK,HLA-C*01:02,6.63130434782606,3288.520546893539,0.08576490025734529
GKESTGAIPKE,HLA-C*01:02,46.224673913043475,26899.03056429085,0.13022133905542432
KESTGAIPKEV,HLA-C*01:02,46.224673913043475,23187.957272775126,0.05413936701370403
ESTGAIPKEVP,HLA-C*01:02,46.224673913043475,25153.933094424243,0.08116799290291965
STGAIPKEVPG,HLA-C*01:02,46.224673913043475,19657.780729409475,0.011878652032464743
TGAIPKEVPGP,HLA-C*01:02,37.35904891304347,16872.22522265374,0.0261554608005099
GAIPKEVPGPS,HLA-C*01:02,37.35904891304347,16181.893868206944,0.006582363224879373
AIPKEVPGPSW,HLA-C*01:02,1.7838858695651538,2067.61026962158,0.4978401241824031
IPKEVPGPSWS,HLA-C*01:02,46.224673913043475,21906.101013449297,0.03207439978723414
PKEVPGPSWSL,HLA-C*01:02,46.224673913043475,19251.197751066808,0.03834380494663492
KEVPGPSWSLL,HLA-C*01:02,18.61798913043478,9805.410198364432,0.05797154130414128
EVPGPSWSLLD,HLA-C*01:02,62.74467391304348,23237.74366536584,0.015126193669857457
VPGPSWSLLDL,HLA-C*01:02,8.269211956521715,3405.059736217175,0.021214990119915456
PGPSWSLLDLK,HLA-C*01:02,62.74467391304348,23746.179427879433,0.003872179593599867
GPSWSLLDLKT,HLA-C*01:02,99.28660326086957,29017.215302384768,0.013019066595006734
PSWSLLDLKTG,HLA-C*01:02,99.28660326086957,31399.178731869626,0.005711463723855559
SWSLLDLKTGS,HLA-C*01:02,99.28660326086957,28587.23684618688,0.0009776445076568052
WSLLDLKTGSC,HLA-C*01:02,99.28660326086957,27021.534532677368,0.002746913613009383
SLLDLKTGSCT,HLA-C*01:02,37.35904891304347,22810.065482060127,0.0916860206052661
LLDLKTGSCTS,HLA-C*01:02,46.224673913043475,18723.177406414638,0.005473891826113686
LDLKTGSCTSR,HLA-C*01:02,37.35904891304347,25186.805624066983,0.1451475905487314
DLKTGSCTSRW,HLA-C*01:02,5.44942934782604,25689.760722319385,0.7145425640046597
LKTGSCTSRWE,HLA-C*01:02,99.28660326086957,31838.800587811114,0.005085781929665245
KTGSCTSRWES,HLA-C*01:02,99.28660326086957,30289.20380577045,0.0164444793954317
TGSCTSRWESA,HLA-C*01:02,62.74467391304348,24477.325941237148,0.007341763435761095
GSCTSRWESAW,HLA-C*01:02,37.35904891304347,21970.403991504456,0.09497792791808024
SCTSRWESAWS,HLA-C*01:02,99.28660326086957,30231.420443257364,0.000568116764043225
CTSRWESAWSG,HLA-C*01:02,99.28660326086957,29301.377650619375,0.02298026547941845
TSRWESAWSGL,HLA-C*01:02,31.643179347826077,13683.39785032225,0.011013089620973915
SRWESAWSGLS,HLA-C*01:02,62.74467391304348,28275.736544530162,0.0579223035601899
RWESAWSGLSP,HLA-C*01:02,27.61739130434782,24858.56090410104,0.2047631855821237
WESAWSGLSPR,HLA-C*01:02,46.224673913043475,24305.00967605609,0.0962983735371381
ESAWSGLSPRT,HLA-C*01:02,99.28660326086957,28937.28611321574,0.03869031899375841
SAWSGLSPRTG,HLA-C*01:02,22.19230978260869,19523.456607190117,0.2106985584832728
AWSGLSPRTGR,HLA-C*01:02,31.643179347826077,15771.887857594787,0.06691216444596648
WSGLSPRTGRC,HLA-C*01:02,62.74467391304348,24858.464514829924,0.0010392496769782156
SGLSPRTGRCG,HLA-C*01:02,62.74467391304348,21554.45137603844,0.004773254171595909
GLSPRTGRCGS,HLA-C*01:02,99.28660326086957,26249.628446028957,0.004287568444851786
LSPRTGRCGSE,HLA-C*01:02,46.224673913043475,18262.12731070368,0.0008933891185733955
SPRTGRCGSEE,HLA-C*01:02,46.224673913043475,20843.99045213745,0.022018608811777085
PRTGRCGSEEA,HLA-C*01:02,99.28660326086957,28996.119800398275,0.0011408512546040583
RTGRCGSEEAS,HLA-C*01:02,99.28660326086957,27200.20289811709,0.000816417425085092
TGRCGSEEAST,HLA-C*01:02,62.74467391304348,22928.845217997998,0.0003457773018453736
GRCGSEEASTL,HLA-C*01:02,13.500896739130425,5892.74581793828,0.029446586617268622
RCGSEEASTLT,HLA-C*01:02,99.28660326086957,26552.252307933803,0.0001977923784579616
CGSEEASTLTI,HLA-C*01:02,8.01565217391304,3116.5336453239624,0.00463046740333084
GSEEASTLTIP,HLA-C*01:02,18.61798913043478,24911.239976456985,0.3120196620002389
SEEASTLTIPA,HLA-C*01:02,46.224673913043475,25946.905328060257,0.11763507244177163
EEASTLTIPAA,HLA-C*01:02,14.277038043478257,27640.373188297184,0.43792240973562
EASTLTIPAAP,HLA-C*01:02,62.74467391304348,25338.011628333436,0.057519712252542377
ASTLTIPAAPV,HLA-C*01:02,62.74467391304348,20697.876613678796,0.00993699392711278
STLTIPAAPVG,HLA-C*01:02,62.74467391304348,26869.45450905569,0.03246725635835901
TLTIPAAPVGL,HLA-C*01:02,5.2477717391304,2064.9114225666854,0.03431011876091361
LTIPAAPVGLR,HLA-C*01:02,4.047907608695596,10290.07828236594,0.5642124470323324
TIPAAPVGLRW,HLA-C*01:02,3.037282608695577,6225.195899616547,0.5388049520552158
IPAAPVGLRWL,HLA-C*01:02,7.778097826086963,6387.63265673738,0.21771233016625047
PAAPVGLRWLV,HLA-C*01:02,62.74467391304348,24258.860634411423,0.04933510918635875
AAPVGLRWLVR,HLA-C*01:02,10.231983695652161,16941.010202485428,0.399857378564775
LISVIRTLSTI,HLA-C*01:02,37.35904891304347,18659.5328231412,0.036128486157394946
ISVIRTLSTID,HLA-C*01:02,99.28660326086957,30364.95502737867,0.008081576699623838
SVIRTLSTIDD,HLA-C*01:02,99.28660326086957,29488.57242841198,0.04414614080451429
VIRTLSTIDDV,HLA-C*01:02,99.28660326086957,27245.343860718298,0.008218926814151928
IRTLSTIDDVE,HLA-C*01:02,99.28660326086957,28074.096822608648,0.007885866951255593
RTLSTIDDVED,HLA-C*01:02,62.74467391304348,26370.219919707477,0.02002058527432382
TLSTIDDVEDR,HLA-C*01:02,12.187228260869546,5117.356254285534,0.009686271572718397
LSTIDDVEDRE,HLA-C*01:02,62.74467391304348,22902.20700860417,0.0007463667934644036
STIDDVEDREN,HLA-C*01:02,27.61739130434782,12353.840183306147,0.006809540660469793
TIDDVEDRENE,HLA-C*01:02,15.160951086956516,6553.6427674103525,0.012134812313888688
IDDVEDRENEK,HLA-C*01:02,14.277038043478257,5778.9868058436705,0.0013891550461266888
PGEKIILNFTT,HLA-C*01:02,99.28660326086957,30817.926878462007,0.008901543274987489
GEKIILNFTTL,HLA-C*01:02,12.805461956521725,27446.40225093199,0.4596812315285206
EKIILNFTTLD,HLA-C*01:02,99.28660326086957,32586.716152622037,0.01292968670168193
KIILNFTTLDL,HLA-C*01:02,37.35904891304347,18003.30753406809,0.02728339930763468
IILNFTTLDLY,HLA-C*01:02,62.74467391304348,29529.05398364027,0.04529287462355569
ILNFTTLDLYR,HLA-C*01:02,46.224673913043475,27559.45346105194,0.1286038898397237
LNFTTLDLYRS,HLA-C*01:02,99.28660326086957,32577.35116722941,0.013748213132203091
NFTTLDLYRSR,HLA-C*01:02,31.643179347826077,27653.217012367357,0.2108351404312998
FTTLDLYRSRL,HLA-C*01:02,62.74467391304348,26603.400067266786,0.024455157821648754
TTLDLYRSRLC,HLA-C*01:02,99.28660326086957,27874.74700145602,0.01390477066161111
TLDLYRSRLCW,HLA-C*01:02,31.643179347826077,21253.06425269803,0.11341619153972715
VKQNEELDRQK,HLA-C*01:02,46.224673913043475,23312.586873210836,0.046854653730406426
KQNEELDRQKR,HLA-C*01:02,27.61739130434782,16706.72055786122,0.10201002057874575
QNEELDRQKRI,HLA-C*01:02,62.74467391304348,24422.586964936847,0.009490138705587015
NEELDRQKRIG,HLA-C*01:02,99.28660326086957,28962.204080272593,0.01050247462990228
EELDRQKRIGN,HLA-C*01:02,99.28660326086957,28750.993221425622,0.010777095580124296
ELDRQKRIGNT,HLA-C*01:02,99.28660326086957,27663.85045898611,0.00928119829040952
LDRQKRIGNTR,HLA-C*01:02,62.74467391304348,28087.922330918038,0.03533935559971724
DRQKRIGNTRK,HLA-C*01:02,46.224673913043475,27173.39185753654,0.11622257670387626
RQKRIGNTRKM,HLA-C*01:02,37.35904891304347,24017.264384584858,0.13165014307014644
QKRIGNTRKMI,HLA-C*01:02,99.28660326086957,32065.244724876808,0.040381169761531055
KRIGNTRKMIE,HLA-C*01:02,99.28660326086957,29696.532676804192,0.014694360725115985
TDSCDQRQLSE,HLA-C*01:02,62.74467391304348,24294.83071724508,0.0006644086115557002
DSCDQRQLSEC,HLA-C*01:02,46.224673913043475,19883.581145185723,0.005098704845295288
SCDQRQLSECD,HLA-C*01:02,46.224673913043475,19789.694442835826,0.0007290392259164946
CDQRQLSECDE,HLA-C*01:02,99.28660326086957,25967.69003934615,0.0003409900973565527
DQRQLSECDEP,HLA-C*01:02,62.74467391304348,29777.225420565213,0.06881125259678811
QRQLSECDEPQ,HLA-C*01:02,99.28660326086957,28396.5755943343,0.0005450366243167082
RQLSECDEPQP,HLA-C*01:02,62.74467391304348,28568.563883349903,0.04394212004262954
QLSECDEPQPH,HLA-C*01:02,46.224673913043475,18619.599208156134,0.0013113568256812869
LSECDEPQPHH,HLA-C*01:02,62.74467391304348,23578.433238736066,0.01021501506329514
SECDEPQPHHS,HLA-C*01:02,62.74467391304348,25122.767247070868,0.007257789075083565
ECDEPQPHHST,HLA-C*01:02,31.643179347826077,12750.754295574536,0.004563487142149825
EDEEDEEEEED,HLA-C*01:02,46.224673913043475,17531.656808816097,8.970540648078895e-05
DEEDEEEEEDF,HLA-C*01:02,31.643179347826077,12421.817409308203,0.00023512941061198944
EEDEEEEEDFK,HLA-C*01:02,15.160951086956516,5990.05552595669,0.000634937071481545
EDEEEEEDFKP,HLA-C*01:02,62.74467391304348,24317.415207304737,0.012539498915430158
DEEEEEDFKPS,HLA-C*01:02,62.74467391304348,23956.75242037637,0.0008227330035879277
SSDSVSSINSV,HLA-C*01:02,2.1463315217390573,815.4134963778483,0.14664801536127925
SDSVSSINSVT,HLA-C*01:02,99.28660326086957,26800.619303666394,0.002040015664533712
DSVSSINSVTS,HLA-C*01:02,62.74467391304348,25750.13633377147,0.02175846108002588
SVSSINSVTSH,HLA-C*01:02,8.01565217391304,8765.010422379726,0.28904672618955374
VSSINSVTSHS,HLA-C*01:02,62.74467391304348,23139.904950310127,0.0011397433590900619
SSINSVTSHSS,HLA-C*01:02,62.74467391304348,24626.69127514972,0.004166489190538414
SINSVTSHSSV,HLA-C*01:02,9.849456521739114,4283.516708315539,0.029605241550598294
INSVTSHSSVG,HLA-C*01:02,99.28660326086957,27839.924915326963,0.0009230423856934067
NSVTSHSSVGS,HLA-C*01:02,62.74467391304348,24470.94483265158,0.0014100723310548346
SVTSHSSVGSN,HLA-C*01:02,46.224673913043475,18523.544833708143,0.005890407366678119
VTSHSSVGSNI,HLA-C*01:02,6.327092391304319,2537.6050750607437,0.028488061390817165
LKHGKRFHATI,HLA-C*01:02,62.74467391304348,30784.196890667004,0.07628100150031969
KHGKRFHATIS,HLA-C*01:02,99.28660326086957,32240.26911666921,0.004227535129757598
HGKRFHATISF,HLA-C*01:02,31.643179347826077,16343.964636899787,0.06803555507212877
GKRFHATISFD,HLA-C*01:02,99.28660326086957,33089.6849622767,0.027714971995010274
KRFHATISFDT,HLA-C*01:02,99.28660326086957,31941.797897413147,0.0272782338433899
RFHATISFDTD,HLA-C*01:02,99.28660326086957,30650.872227153188,0.02168875650386326
FHATISFDTDT,HLA-C*01:02,99.28660326086957,29862.471976852958,0.003933529493224341
HATISFDTDTG,HLA-C*01:02,62.74467391304348,23755.443313429456,0.010650619260559324
ATISFDTDTGL,HLA-C*01:02,3.358777173912955,2556.432582876847,0.2521062735468149
TISFDTDTGLK,HLA-C*01:02,12.805461956521725,5871.622356525746,0.0397772577998694
ISFDTDTGLKQ,HLA-C*01:02,18.61798913043478,10488.529360201148,0.0797048641834408
EGPPISSCDTR,HLA-C*01:02,12.805461956521725,6223.866177207707,0.05375519272638485
GPPISSCDTRT,HLA-C*01:02,99.28660326086957,25993.327904894824,0.0007932989792607259
PPISSCDTRTM,HLA-C*01:02,37.35904891304347,14621.038246027716,0.008898738684365526
PISSCDTRTMA,HLA-C*01:02,99.28660326086957,28950.553811539125,0.018064362957375124
ISSCDTRTMAN,HLA-C*01:02,62.74467391304348,23383.35762711777,0.0018871026477427222
SSCDTRTMANC,HLA-C*01:02,31.643179347826077,14291.20347669622,0.0070767084616818465
SCDTRTMANCE,HLA-C*01:02,46.224673913043475,18689.84353390363,0.0008291473495773971
CDTRTMANCER,HLA-C*01:02,99.28660326086957,27391.03380428791,0.004106745862372918
DTRTMANCERT,HLA-C*01:02,99.28660326086957,31688.132803285032,0.014219579170458019
TRTMANCERTF,HLA-C*01:02,62.74467391304348,26791.730772251107,0.042819976806640625
RTMANCERTFI,HLA-C*01:02,16.15755434782608,12389.97334378677,0.1689692265354097
FRLCGTDEKIA,HLA-C*01:02,99.28660326086957,27970.057201549695,0.010186567738855956
RLCGTDEKIAN,HLA-C*01:02,46.224673913043475,20367.440339621066,0.018515445641241968
LCGTDEKIANV,HLA-C*01:02,31.643179347826077,14319.908104727047,0.006665710025117733
CGTDEKIANVT,HLA-C*01:02,62.74467391304348,22127.644183081928,0.002312894863280235
GTDEKIANVTE,HLA-C*01:02,17.305597826086952,9554.872567408056,0.08218385756481439
TDEKIANVTED,HLA-C*01:02,62.74467391304348,23067.684895687715,0.003715915940119885
DEKIANVTEDA,HLA-C*01:02,62.74467391304348,27139.65213001668,0.05900263832882047
EKIANVTEDAK,HLA-C*01:02,62.74467391304348,24216.408516217136,0.03136201063171029
KIANVTEDAKR,HLA-C*01:02,18.61798913043478,13768.692061623711,0.14869508042465895
IANVTEDAKRL,HLA-C*01:02,5.44942934782604,2138.3960535380443,0.03146668092813343
DGCKAYWKVCF,HLA-C*01:02,46.224673913043475,26693.90628014092,0.115557215816807
GCKAYWKVCFH,HLA-C*01:02,99.28660326086957,32359.2329672914,0.014702809690788854
CKAYWKVCFHY,HLA-C*01:02,62.74467391304348,33615.01254063576,0.1033380109583959
KAYWKVCFHYN,HLA-C*01:02,99.28660326086957,31563.5867586315,0.04462758108275011
AYWKVCFHYNL,HLA-C*01:02,62.74467391304348,26223.496156860845,0.03288546728435904
YWKVCFHYNLH,HLA-C*01:02,99.28660326086957,32046.678013849094,0.0070203723007580265
WKVCFHYNLHK,HLA-C*01:02,99.28660326086957,32817.569937203174,0.017238102067494765
KVCFHYNLHKA,HLA-C*01:02,62.74467391304348,30838.44209568761,0.10624248336534947
VCFHYNLHKAQ,HLA-C*01:02,99.28660326086957,31711.61245708744,0.0018724030633165967
CFHYNLHKAQP,HLA-C*01:02,99.28660326086957,32344.992910601402,0.019077382210525684
FHYNLHKAQPA,HLA-C*01:02,62.74467391304348,27918.783259626012,0.09010148607194424
CNECGKSFGRSC,HLA-C*01:02,62.74467391304348,22130.740255917026,0.001496352178946836
NECGKSFGRSCH,HLA-C*01:02,46.224673913043475,25027.019126749055,0.09631360066123307
ECGKSFGRSCHL,HLA-C*01:02,62.74467391304348,23714.967373181145,0.007625317906786222
CGKSFGRSCHLI,HLA-C*01:02,62.74467391304348,23705.84062106158,0.009180296990962233
GKSFGRSCHLIQ,HLA-C*01:02,46.224673913043475,30907.278177597604,0.12380675616441295
KSFGRSCHLIQH,HLA-C*01:02,20.2322554347826,28365.015337030665,0.33556899800896645
SFGRSCHLIQHQ,HLA-C*01:02,99.28660326086957,29117.192596938938,0.0037836954434169456
FGRSCHLIQHQT,HLA-C*01:02,99.28660326086957,31828.833441788185,0.009698274901893456
GRSCHLIQHQTI,HLA-C*01:02,20.2322554347826,28657.670355658272,0.33353137224912643
RSCHLIQHQTIH,HLA-C*01:02,99.28660326086957,30848.95456555097,0.0461777041782625
SCHLIQHQTIHT,HLA-C*01:02,99.28660326086957,31587.395296289364,0.002095693733281223
CHLIQHQTIHTG,HLA-C*01:02,62.74467391304348,31187.966682516842,0.08447116200113669
PAGSSQKAREER,HLA-C*01:02,62.74467391304348,23003.94811951162,0.0005613360481220298
AGSSQKAREERA,HLA-C*01:02,99.28660326086957,26528.65166821975,0.0007626033693668433
GSSQKAREERAL,HLA-C*01:02,62.74467391304348,21717.324591857738,0.005238837446086109
SSQKAREERALL,HLA-C*01:02,62.74467391304348,22741.44762043053,0.03360966534819454
SQKAREERALLP,HLA-C*01:02,37.35904891304347,30572.203985492837,0.19515915028750896
QKAREERALLPL,HLA-C*01:02,99.28660326086957,31022.08226432866,0.020820337143959478
KAREERALLPLE,HLA-C*01:02,99.28660326086957,29459.22671665404,0.029834271408617496
AREERALLPLEL,HLA-C*01:02,31.643179347826077,24577.594994614334,0.18602999113500118
REERALLPLELQ,HLA-C*01:02,99.28660326086957,29512.528447667828,0.031915094528812915
EERALLPLELQD,HLA-C*01:02,99.28660326086957,30471.166360401163,0.010104043351020664
ERALLPLELQDD,HLA-C*01:02,99.28660326086957,29886.172919007025,0.023669533198699355
RALLPLELQDDG,HLA-C*01:02,99.28660326086957,30264.342871126268,0.02079848467838019
FRSGSSFSRRAA,HLA-C*01:02,27.61739130434782,27643.380741063007,0.2281695338897407
RSGSSFSRRAAP,HLA-C*01:02,99.28660326086957,29197.396524309403,0.039461598280468024
SGSSFSRRAAPV,HLA-C*01:02,99.28660326086957,25847.18163161595,0.0013099361895001493
GSSFSRRAAPVA,HLA-C*01:02,46.224673913043475,30048.62072429462,0.16059336671605706
SSFSRRAAPVAT,HLA-C*01:02,99.28660326086957,27461.340723224886,0.022511828457936645
SFSRRAAPVATP,HLA-C*01:02,99.28660326086957,29193.421381913467,0.024714651692193
FSRRAAPVATPA,HLA-C*01:02,62.74467391304348,26939.87863689446,0.05673531477805227
SRRAAPVATPAL,HLA-C*01:02,24.57923913043477,16341.346618554771,0.12192279659211636
RRAAPVATPALL,HLA-C*01:02,22.19230978260869,18246.88281303966,0.19165839906781912
RAAPVATPALLT,HLA-C*01:02,46.224673913043475,22057.80003030022,0.0315604786737822
AAPVATPALLTS,HLA-C*01:02,10.655842391304333,13803.873661152578,0.3233634098432958
APVATPALLTSH,HLA-C*01:02,6.18413043478256,21149.431490275812,0.6145913228392601
PVATPALLTSHR,HLA-C*01:02,46.224673913043475,26549.30889200565,0.1003913459717296
VATPALLTSHRS,HLA-C*01:02,62.74467391304348,29194.93982712913,0.08284636843018234
ATPALLTSHRSL,HLA-C*01:02,12.805461956521725,10859.357604124665,0.19970170804299414
TPALLTSHRSLG,HLA-C*01:02,62.74467391304348,28118.590362730472,0.05589049743139185
PALLTSHRSLGN,HLA-C*01:02,99.28660326086957,30112.825936405836,0.0012844313787354622
ALLTSHRSLGNT,HLA-C*01:02,99.28660326086957,31131.88757085271,0.004180793010164052
LLTSHRSLGNTR,HLA-C*01:02,62.74467391304348,26678.719853175728,0.05450519644364249
LTSHRSLGNTRH,HLA-C*01:02,99.28660326086957,30210.067360830264,0.005517617239092942
TSHRSLGNTRHK,HLA-C*01:02,62.74467391304348,23876.93867403658,0.02296865457901731
AGAVGATAVYPT,HLA-C*01:02,99.28660326086957,26930.202749975953,0.012312433962506475
GAVGATAVYPTD,HLA-C*01:02,62.74467391304348,25397.8530367025,0.027285831805784255
AVGATAVYPTDL,HLA-C*01:02,46.224673913043475,20810.750380303005,0.018483401989215054
VGATAVYPTDLV,HLA-C*01:02,99.28660326086957,25827.136607892142,0.005059796632849611
GATAVYPTDLVK,HLA-C*01:02,20.2322554347826,21994.335024666463,0.2652330375276506
ATAVYPTDLVKT,HLA-C*01:02,16.15755434782608,30068.043293074432,0.41726513765752316
TAVYPTDLVKTR,HLA-C*01:02,3.1845108695651163,16678.051701346434,0.7892489470541477
AVYPTDLVKTRM,HLA-C*01:02,3.358777173912955,15698.147772439612,0.7504277378320694
VYPTDLVKTRMQ,HLA-C*01:02,31.643179347826077,26978.905456670822,0.21057591878343374
YPTDLVKTRMQN,HLA-C*01:02,62.74467391304348,26910.217861094756,0.07628474856028333
PTDLVKTRMQNQ,HLA-C*01:02,99.28660326086957,28670.106890092953,0.020140849919698667
TDLVKTRMQNQR,HLA-C*01:02,31.643179347826077,29321.265048674406,0.22641034133266658
TLSKELYALGVV,HLA-C*01:02,62.74467391304348,28812.16656957197,0.041369461454451084
LSKELYALGVVD,HLA-C*01:02,99.28660326086957,30809.69448637019,0.005536361990380101
SKELYALGVVDG,HLA-C*01:02,99.28660326086957,30829.17580902845,0.009122970717726275
KELYALGVVDGL,HLA-C*01:02,37.35904891304347,27143.986449760017,0.14929973240941763
ELYALGVVDGLH,HLA-C*01:02,62.74467391304348,27724.418942450455,0.035953645361587405
LYALGVVDGLHT,HLA-C*01:02,99.28660326086957,30464.021064623197,0.01957151514943689
YALGVVDGLHTV,HLA-C*01:02,2.9306793478260005,7738.345673012994,0.6146430484950542
ALGVVDGLHTVH,HLA-C*01:02,24.57923913043477,19271.40504716694,0.18475829856470227
LGVVDGLHTVHG,HLA-C*01:02,99.28660326086957,29308.91439680375,0.010228453589661513
GVVDGLHTVHGT,HLA-C*01:02,37.35904891304347,21143.81516568452,0.10013798042200506
VVDGLHTVHGTY,HLA-C*01:02,9.15535326086956,13458.452326422528,0.3714944012463093
VDGLHTVHGTYY,HLA-C*01:02,37.35904891304347,28713.98774055713,0.16884705401025712
KKNKNSSKPQKK,HLA-C*01:02,99.28660326086957,27327.19358614715,0.006700186672787822
KNKNSSKPQKKN,HLA-C*01:02,99.28660326086957,29295.751573325593,0.0004347123567640665
NKNSSKPQKKNG,HLA-C*01:02,99.28660326086957,29785.076407733624,0.0010880847412408912
KNSSKPQKKNGS,HLA-C*01:02,99.28660326086957,29641.80765933508,0.0003315289004603983
NSSKPQKKNGST,HLA-C*01:02,99.28660326086957,26247.640889364906,0.000782354411057895
SSKPQKKNGSTW,HLA-C*01:02,9.849456521739114,5331.906252816868,0.08985885931178927
SKPQKKNGSTWA,HLA-C*01:02,99.28660326086957,30662.416860598198,0.006902190296386834
KPQKKNGSTWAN,HLA-C*01:02,99.28660326086957,27629.238599662614,0.007577748448966304
PQKKNGSTWANV,HLA-C*01:02,99.28660326086957,30416.27216451656,0.02949138145777397
QKKNGSTWANVP,HLA-C*01:02,99.28660326086957,30915.929294935737,0.039436944454791956
KKNGSTWANVPL,HLA-C*01:02,99.28660326086957,26755.659990700588,0.017349617352010682
KNGSTWANVPLP,HLA-C*01:02,99.28660326086957,29378.95164376158,0.013430706836516038
KSRVNKLKREMG,HLA-C*01:02,99.28660326086957,32131.24406941777,0.03569380724002258
SRVNKLKREMGH,HLA-C*01:02,99.28660326086957,30623.21446144086,0.018111133358615916
RVNKLKREMGHL,HLA-C*01:02,99.28660326086957,28777.635487611093,0.03035156463738531
VNKLKREMGHLQ,HLA-C*01:02,99.28660326086957,30941.63726963758,0.007331901011639275
NKLKREMGHLQH,HLA-C*01:02,46.224673913043475,31547.46411999632,0.15310726629104465
KLKREMGHLQHE,HLA-C*01:02,99.28660326086957,30547.20065032256,0.018261474935570732
LKREMGHLQHEL,HLA-C*01:02,37.35904891304347,27839.768826270632,0.1750609609298408
KREMGHLQHELQ,HLA-C*01:02,99.28660326086957,28396.428745674657,0.007461293324013241
REMGHLQHELQF,HLA-C*01:02,12.187228260869546,27316.687562001487,0.4822581000626087
EMGHLQHELQFK,HLA-C*01:02,62.74467391304348,25958.706413155232,0.06992444267962128
MGHLQHELQFKE,HLA-C*01:02,99.28660326086957,31489.495349296387,0.01630050118546933
GHLQHELQFKER,HLA-C*01:02,18.61798913043478,27994.886219600587,0.3554839612916112
AKSAAKAVKPKV,HLA-C*01:02,31.643179347826077,29585.055195140696,0.23918483208399266
KSAAKAVKPKVV,HLA-C*01:02,46.224673913043475,27065.365825350214,0.10221731523051858
SAAKAVKPKVVK,HLA-C*01:02,17.305597826086952,15792.270710489473,0.21374034811742604
AAKAVKPKVVKP,HLA-C*01:02,22.19230978260869,26809.59507137632,0.28419386874884367
AKAVKPKVVKPK,HLA-C*01:02,8.01565217391304,27481.503506010973,0.6039438303560019
KAVKPKVVKPKK,HLA-C*01:02,37.35904891304347,26327.608090623282,0.1507513594115153
AVKPKVVKPKKA,HLA-C*01:02,6.962798913043457,28374.771107523982,0.661881698295474
VKPKVVKPKKAA,HLA-C*01:02,37.35904891304347,28720.303273881196,0.16546854059561156
MPAVTLSPNGKS,HLA-C*01:02,62.74467391304348,23458.601270805833,0.009785798392840661
PAVTLSPNGKSL,HLA-C*01:02,16.15755434782608,7502.0703717715805,0.030369863437954336
AVTLSPNGKSLA,HLA-C*01:02,62.74467391304348,24297.29913325098,0.028347767212835606
VTLSPNGKSLAC,HLA-C*01:02,18.61798913043478,8533.068712871094,0.017388331471011043
TLSPNGKSLACQ,HLA-C*01:02,27.61739130434782,12036.128427185773,0.014070586439629551
LSPNGKSLACQS,HLA-C*01:02,62.74467391304348,22033.100122380776,0.0069881879826425575
SPNGKSLACQSM,HLA-C*01:02,4.807092391304323,4705.92731671868,0.2886425070464611
PNGKSLACQSMD,HLA-C*01:02,99.28660326086957,28459.229888189584,0.0005634002700389829
NGKSLACQSMDN,HLA-C*01:02,99.28660326086957,25549.196625094617,0.0011810823507403256
GKSLACQSMDNQ,HLA-C*01:02,99.28660326086957,29714.414485872432,0.02070135421672603
KSLACQSMDNQI,HLA-C*01:02,62.74467391304348,25117.61486254026,0.03769695435767062
SLACQSMDNQIL,HLA-C*01:02,27.61739130434782,14000.003749491307,0.04884335317183286
ISCGPHDLLWAH,HLA-C*01:02,46.224673913043475,22692.01173974243,0.08069012663327157
SCGPHDLLWAHS,HLA-C*01:02,62.74467391304348,25733.51206135537,0.025341948843561113
CGPHDLLWAHSG,HLA-C*01:02,62.74467391304348,25937.197906391742,0.02578473385074176
GPHDLLWAHSGR,HLA-C*01:02,16.15755434782608,20646.346218212482,0.3175233257934451
PHDLLWAHSGRD,HLA-C*01:02,99.28660326086957,29025.08889100542,0.0020782132814929355
HDLLWAHSGRDR,HLA-C*01:02,46.224673913043475,27104.870502705144,0.10879416146781296
DLLWAHSGRDRP,HLA-C*01:02,99.28660326086957,31487.3695688566,0.01444032252766192
LLWAHSGRDRPW,HLA-C*01:02,31.643179347826077,23848.286460657706,0.17956494621466845
LWAHSGRDRPWS,HLA-C*01:02,99.28660326086957,31811.413734116482,0.000816007985122269
WAHSGRDRPWSG,HLA-C*01:02,62.74467391304348,24675.38027625235,0.02397657642723061
AHSGRDRPWSGK,HLA-C*01:02,37.35904891304347,19534.948669968315,0.08632445547846146
HSGRDRPWSGKE,HLA-C*01:02,99.28660326086957,26036.423771945858,0.0030406688747461885
SGRDRPWSGKES,HLA-C*01:02,62.74467391304348,24184.43957929542,0.011434584594098851
GRDRPWSGKEST,HLA-C*01:02,62.74467391304348,24625.94384100364,0.02172180387424305
RDRPWSGKESTG,HLA-C*01:02,99.28660326086957,27692.081653642785,0.026743643058580346
DRPWSGKESTGA,HLA-C*01:02,62.74467391304348,24282.035717859795,0.031272337058908306
RPWSGKESTGAI,HLA-C*01:02,7.348016304347794,5331.894733537573,0.18589311838150024
PWSGKESTGAIP,HLA-C*01:02,62.74467391304348,24955.93081569637,0.012770424204063602
WSGKESTGAIPK,HLA-C*01:02,27.61739130434782,14531.957126630763,0.057839167420752347
SGKESTGAIPKE,HLA-C*01:02,46.224673913043475,17183.199485276735,0.00866781560034724
GKESTGAIPKEV,HLA-C*01:02,37.35904891304347,25864.456465681604,0.12701209489023313
KESTGAIPKEVP,HLA-C*01:02,46.224673913043475,25776.8773261313,0.07830986846238375
ESTGAIPKEVPG,HLA-C*01:02,62.74467391304348,25488.521824235977,0.052468204812612385
STGAIPKEVPGP,HLA-C*01:02,46.224673913043475,20324.681947505338,0.02770199565566145
TGAIPKEVPGPS,HLA-C*01:02,46.224673913043475,17536.019048568472,0.00788211989129195
GAIPKEVPGPSW,HLA-C*01:02,3.8525271739129607,3514.4555307448286,0.28617472434416413
AIPKEVPGPSWS,HLA-C*01:02,46.224673913043475,19420.509403061697,0.03817795302893501
IPKEVPGPSWSL,HLA-C*01:02,1.9543478260868739,2142.767723512798,0.46051428467035294
PKEVPGPSWSLL,HLA-C*01:02,62.74467391304348,24253.960213257935,0.02471475474885665
KEVPGPSWSLLD,HLA-C*01:02,62.74467391304348,26599.304310203886,0.025839152076514438
EVPGPSWSLLDL,HLA-C*01:02,16.15755434782608,7959.323070292602,0.04274837498087436
VPGPSWSLLDLK,HLA-C*01:02,46.224673913043475,20449.022649060473,0.04259541886858642
PGPSWSLLDLKT,HLA-C*01:02,99.28660326086957,28848.723801679334,0.0029974649696669076
GPSWSLLDLKTG,HLA-C*01:02,46.224673913043475,27989.65134260569,0.10958935267990455
PSWSLLDLKTGS,HLA-C*01:02,99.28660326086957,29880.53367783712,0.0017757962341420352
SWSLLDLKTGSC,HLA-C*01:02,62.74467391304348,24007.599868927213,0.0010609726850816514
WSLLDLKTGSCT,HLA-C*01:02,99.28660326086957,29767.291374417844,0.022202457181265345
SLLDLKTGSCTS,HLA-C*01:02,46.224673913043475,23051.937857020115,0.08618448747438379
LLDLKTGSCTSR,HLA-C*01:02,15.160951086956516,15024.282431717356,0.25004100054502487
LDLKTGSCTSRW,HLA-C*01:02,24.57923913043477,30012.117109457213,0.29434116557240486
DLKTGSCTSRWE,HLA-C*01:02,62.74467391304348,28512.255443303675,0.06303027493413538
LKTGSCTSRWES,HLA-C*01:02,99.28660326086957,31584.226492053152,0.004275301525922259
KTGSCTSRWESA,HLA-C*01:02,46.224673913043475,26233.259870358062,0.12219860958430218
TGSCTSRWESAW,HLA-C*01:02,62.74467391304348,22710.85909883095,0.010072677134303376
GSCTSRWESAWS,HLA-C*01:02,99.28660326086957,31301.0631205116,0.005029647156334249
SCTSRWESAWSG,HLA-C*01:02,99.28660326086957,29088.97563928004,0.0015451506478711963
CTSRWESAWSGL,HLA-C*01:02,46.224673913043475,21634.672612742685,0.05380009762302507
TSRWESAWSGLS,HLA-C*01:02,99.28660326086957,28348.905280504612,0.005893869667488616
SRWESAWSGLSP,HLA-C*01:02,10.655842391304333,23964.362234601387,0.4781253654509783
RWESAWSGLSPR,HLA-C*01:02,12.187228260869546,20774.857352157425,0.39725218899548054
WESAWSGLSPRT,HLA-C*01:02,99.28660326086957,30668.810489609765,0.006610193784581497
ESAWSGLSPRTG,HLA-C*01:02,37.35904891304347,27366.27761823372,0.1494874000782147
SAWSGLSPRTGR,HLA-C*01:02,3.3897826086955547,9119.96731452215,0.5952849425375462
AWSGLSPRTGRC,HLA-C*01:02,62.74467391304348,24129.97821599459,0.0017214678737218492
WSGLSPRTGRCG,HLA-C*01:02,99.28660326086957,25962.614580917576,0.0027562741452129558
SGLSPRTGRCGS,HLA-C*01:02,62.74467391304348,23472.87373753821,0.005237894372839946
GLSPRTGRCGSE,HLA-C*01:02,62.74467391304348,21752.27247760842,0.005539475358091295
LSPRTGRCGSEE,HLA-C*01:02,62.74467391304348,22413.234863266392,0.0023846040421631187
SPRTGRCGSEEA,HLA-C*01:02,31.643179347826077,18773.907872133976,0.08936006110161543
PRTGRCGSEEAS,HLA-C*01:02,99.28660326086957,27994.751377953377,0.0021108515247760806
RTGRCGSEEAST,HLA-C*01:02,99.28660326086957,27230.254750397766,0.0007004250637692166
TGRCGSEEASTL,HLA-C*01:02,5.554945652173885,2155.0260261483904,0.022023334240657277
GRCGSEEASTLT,HLA-C*01:02,62.74467391304348,24002.43374501375,0.001498138331953669
RCGSEEASTLTI,HLA-C*01:02,37.35904891304347,16325.0728583984,0.003585577811463736
CGSEEASTLTIP,HLA-C*01:02,62.74467391304348,23220.294445430798,0.027585201227338985
GSEEASTLTIPA,HLA-C*01:02,46.224673913043475,25344.62833607797,0.08177587005775422
SEEASTLTIPAA,HLA-C*01:02,10.655842391304333,26227.492078281728,0.5108280777931213
EEASTLTIPAAP,HLA-C*01:02,62.74467391304348,27910.702738443433,0.08181585581041873
EASTLTIPAAPV,HLA-C*01:02,62.74467391304348,25969.32949796236,0.011208557611098513
ASTLTIPAAPVG,HLA-C*01:02,99.28660326086957,28295.495100262422,0.013470540034177247
STLTIPAAPVGL,HLA-C*01:02,11.6303260869565,14026.989848377329,0.30743178352713585
TLTIPAAPVGLR,HLA-C*01:02,22.19230978260869,15400.52169892373,0.13871685694903135
LTIPAAPVGLRW,HLA-C*01:02,2.7954347826086234,13643.859561980125,0.791679136455059
TIPAAPVGLRWL,HLA-C*01:02,11.115788043478247,8802.45586184439,0.1888671691995114
IPAAPVGLRWLV,HLA-C*01:02,22.19230978260869,23231.238865760977,0.2617339107673615
PAAPVGLRWLVR,HLA-C*01:02,24.57923913043477,26159.907330902035,0.2705039824359119
LLISVIRTLSTI,HLA-C*01:02,24.57923913043477,27995.44635537019,0.2706869423855096
LISVIRTLSTID,HLA-C*01:02,99.28660326086957,31448.004556572298,0.002027036782237701
ISVIRTLSTIDD,HLA-C*01:02,99.28660326086957,30398.13155587144,0.013931049383245409
SVIRTLSTIDDV,HLA-C*01:02,62.74467391304348,28592.63258453017,0.09150461736135185
VIRTLSTIDDVE,HLA-C*01:02,62.74467391304348,25007.56207554163,0.009565917032887228
IRTLSTIDDVED,HLA-C*01:02,99.28660326086957,26941.772444528222,0.014894777039444307
RTLSTIDDVEDR,HLA-C*01:02,27.61739130434782,15565.05782627655,0.07672868156805634
TLSTIDDVEDRE,HLA-C*01:02,37.35904891304347,15716.164178342355,0.0058621186144591775
LSTIDDVEDREN,HLA-C*01:02,62.74467391304348,22029.48787005136,0.0016286987347484683
STIDDVEDRENE,HLA-C*01:02,14.277038043478257,5901.705143437227,0.01338445172586944
TIDDVEDRENEK,HLA-C*01:02,3.358777173912955,1104.4300697547637,0.021961200574878603
IDDVEDRENEKG,HLA-C*01:02,62.74467391304348,20501.23772206143,0.0014689147665194469
TPGEKIILNFTT,HLA-C*01:02,62.74467391304348,27707.225653329213,0.08028742676833645
PGEKIILNFTTL,HLA-C*01:02,62.74467391304348,27819.242720270155,0.041335248708492145
GEKIILNFTTLD,HLA-C*01:02,62.74467391304348,31228.88631139661,0.06030943721998483
EKIILNFTTLDL,HLA-C*01:02,62.74467391304348,31779.611047871636,0.11443665355909616
KIILNFTTLDLY,HLA-C*01:02,62.74467391304348,31228.7409276178,0.07374947989592329
IILNFTTLDLYR,HLA-C*01:02,62.74467391304348,28969.342752739467,0.07574809127254412
ILNFTTLDLYRS,HLA-C*01:02,62.74467391304348,32613.648878782828,0.11496951180743054
LNFTTLDLYRSR,HLA-C*01:02,62.74467391304348,30479.191587777583,0.0778501961613074
NFTTLDLYRSRL,HLA-C*01:02,99.28660326086957,29755.97689859542,0.03220923914341256
FTTLDLYRSRLC,HLA-C*01:02,99.28660326086957,31875.46947520234,0.003391234058653936
TTLDLYRSRLCW,HLA-C*01:02,13.500896739130425,27750.38855229687,0.44742225762456656
TLDLYRSRLCWY,HLA-C*01:02,99.28660326086957,30296.7239020331,0.01116021047346294
IVKQNEELDRQK,HLA-C*01:02,27.61739130434782,17075.028287223977,0.11247292556799948
VKQNEELDRQKR,HLA-C*01:02,62.74467391304348,24719.799431228563,0.0505618153802061
KQNEELDRQKRI,HLA-C*01:02,46.224673913043475,24306.65144159239,0.08028367697261274
QNEELDRQKRIG,HLA-C*01:02,99.28660326086957,28083.536104356994,0.0072643321473151445
NEELDRQKRIGN,HLA-C*01:02,62.74467391304348,25381.31419982898,0.004088852401764598
EELDRQKRIGNT,HLA-C*01:02,99.28660326086957,29244.53788848661,0.01578496834554244
ELDRQKRIGNTR,HLA-C*01:02,27.61739130434782,20244.81142863356,0.16050033608917147
LDRQKRIGNTRK,HLA-C*01:02,99.28660326086957,28697.63448729366,0.023569361728732474
DRQKRIGNTRKM,HLA-C*01:02,31.643179347826077,29222.188648530344,0.22208256367594004
RQKRIGNTRKMI,HLA-C*01:02,37.35904891304347,29809.36353587844,0.1849049529992044
QKRIGNTRKMIE,HLA-C*01:02,99.28660326086957,31854.408564639605,0.024242079452960752
KRIGNTRKMIED,HLA-C*01:02,99.28660326086957,29309.34240266889,0.007147473457735032
KTDSCDQRQLSE,HLA-C*01:02,37.35904891304347,19037.728747745186,0.05134821985848248
TDSCDQRQLSEC,HLA-C*01:02,99.28660326086957,25407.79455843612,0.0010879447363549843
DSCDQRQLSECD,HLA-C*01:02,62.74467391304348,23235.66310766661,0.003066372599278111
SCDQRQLSECDE,HLA-C*01:02,46.224673913043475,19632.84592834914,0.0007720368230366148
CDQRQLSECDEP,HLA-C*01:02,99.28660326086957,27337.313582601568,0.0019707896681211423
DQRQLSECDEPQ,HLA-C*01:02,46.224673913043475,24607.884671202577,0.05983968067448586
QRQLSECDEPQP,HLA-C*01:02,99.28660326086957,29242.262274206732,0.0020572924113366753
RQLSECDEPQPH,HLA-C*01:02,62.74467391304348,23813.08194496572,0.024892045243177563
QLSECDEPQPHH,HLA-C*01:02,62.74467391304348,22865.332802441502,0.0030008183166501112
LSECDEPQPHHS,HLA-C*01:02,62.74467391304348,24926.527961284806,0.006910343887284398
SECDEPQPHHST,HLA-C*01:02,62.74467391304348,20647.95340311566,0.008902201745513594
ECDEPQPHHSTK,HLA-C*01:02,12.805461956521725,5474.093391463339,0.018320176634006202
GEDEEDEEEEED,HLA-C*01:02,31.643179347826077,12916.337779287958,0.0004259600282239262
EDEEDEEEEEDF,HLA-C*01:02,37.35904891304347,14644.922667551595,0.00021867480882065138
DEEDEEEEEDFK,HLA-C*01:02,15.160951086956516,6330.564502665093,0.0008158176397046191
EEDEEEEEDFKP,HLA-C*01:02,46.224673913043475,19804.399971824187,0.016132745804497972
EDEEEEEDFKPS,HLA-C*01:02,62.74467391304348,23079.051061268634,0.00064187094267254
DEEEEEDFKPSD,HLA-C*01:02,62.74467391304348,21894.405819324475,0.0007771754135319497
HSSDSVSSINSV,HLA-C*01:02,6.479157608695644,3115.6980489574125,0.0786207863711752
SSDSVSSINSVT,HLA-C*01:02,27.61739130434782,12205.062059290247,0.01623343353276141
SDSVSSINSVTS,HLA-C*01:02,99.28660326086957,25798.582415640172,0.007424316732794978
DSVSSINSVTSH,HLA-C*01:02,17.305597826086952,18533.294589300553,0.2684116791933775
SVSSINSVTSHS,HLA-C*01:02,62.74467391304348,22508.82425785457,0.022153947065817192
VSSINSVTSHSS,HLA-C*01:02,99.28660326086957,26309.45604093257,0.005690546568075661
SSINSVTSHSSV,HLA-C*01:02,31.643179347826077,14787.450580918321,0.023137316238717176
SINSVTSHSSVG,HLA-C*01:02,62.74467391304348,21649.315984011915,0.01130050970823504
INSVTSHSSVGS,HLA-C*01:02,99.28660326086957,26503.023979672704,0.0006131761801952962
NSVTSHSSVGSN,HLA-C*01:02,46.224673913043475,19104.473651233664,0.0015175442676991224
SVTSHSSVGSNI,HLA-C*01:02,10.655842391304333,7484.659286231486,0.16480358503758907
VTSHSSVGSNIE,HLA-C*01:02,62.74467391304348,20523.40700465339,0.007846336160582723
ILKHGKRFHATI,HLA-C*01:02,99.28660326086957,30423.43998331374,0.04445962858153507
LKHGKRFHATIS,HLA-C*01:02,99.28660326086957,32807.207987655085,0.0477857669320656
KHGKRFHATISF,HLA-C*01:02,62.74467391304348,30493.68848882682,0.0799378405790776
HGKRFHATISFD,HLA-C*01:02,99.28660326086957,31754.915512801785,0.0010391896139481105
GKRFHATISFDT,HLA-C*01:02,99.28660326086957,33388.81515660111,0.04666702870599693
KRFHATISFDTD,HLA-C*01:02,99.28660326086957,29959.76992838368,0.03858080299687572
RFHATISFDTDT,HLA-C*01:02,99.28660326086957,31457.223034719198,0.009687240919447504
FHATISFDTDTG,HLA-C*01:02,99.28660326086957,28898.69091956992,0.018534375703893602
HATISFDTDTGL,HLA-C*01:02,27.61739130434782,14233.287791819233,0.042383827560115606
ATISFDTDTGLK,HLA-C*01:02,3.1845108695651163,6675.548668485948,0.5361054539680481
TISFDTDTGLKQ,HLA-C*01:02,31.643179347826077,15385.86566387522,0.03868609661003575
ISFDTDTGLKQA,HLA-C*01:02,17.305597826086952,18379.327074838187,0.2508367004338652
GEGPPISSCDTR,HLA-C*01:02,7.348016304347794,11106.19743826363,0.38362462539225817
EGPPISSCDTRT,HLA-C*01:02,62.74467391304348,22255.524625344176,0.00806136014580261
GPPISSCDTRTM,HLA-C*01:02,10.231983695652161,4212.596934884833,0.016259325202554464
PPISSCDTRTMA,HLA-C*01:02,62.74467391304348,25427.682103340012,0.029902670969022438
PISSCDTRTMAN,HLA-C*01:02,99.28660326086957,27350.129136541447,0.004644048876798479
ISSCDTRTMANC,HLA-C*01:02,99.28660326086957,26030.933338186907,0.004984064697055146
SSCDTRTMANCE,HLA-C*01:02,46.224673913043475,19693.987162281883,0.0018953081307699904
SCDTRTMANCER,HLA-C*01:02,37.35904891304347,16912.128671189887,0.018527841093600728
CDTRTMANCERT,HLA-C*01:02,99.28660326086957,31299.686820971197,0.001134226953581674
DTRTMANCERTF,HLA-C*01:02,13.500896739130425,26476.268261946454,0.43971008993685246
TRTMANCERTFI,HLA-C*01:02,99.28660326086957,29904.88200892953,0.020127605566813145
RTMANCERTFIA,HLA-C*01:02,16.15755434782608,29454.40065631796,0.41663019359111786
VFRLCGTDEKIA,HLA-C*01:02,99.28660326086957,28439.387489139383,0.0051079228815069655
FRLCGTDEKIAN,HLA-C*01:02,99.28660326086957,25685.0653875121,0.005464688532811124
RLCGTDEKIANV,HLA-C*01:02,10.231983695652161,14666.354771099825,0.35740290116518736
LCGTDEKIANVT,HLA-C*01:02,62.74467391304348,23257.323646398087,0.00224232105028932
CGTDEKIANVTE,HLA-C*01:02,37.35904891304347,16571.238806190915,0.00400332132994663
GTDEKIANVTED,HLA-C*01:02,37.35904891304347,17652.669611621423,0.02228320125141181
TDEKIANVTEDA,HLA-C*01:02,62.74467391304348,24111.59223974923,0.020819688892515842
DEKIANVTEDAK,HLA-C*01:02,27.61739130434782,17733.162587813484,0.10502388281747699
EKIANVTEDAKR,HLA-C*01:02,37.35904891304347,24476.536276893712,0.11418657837202772
KIANVTEDAKRL,HLA-C*01:02,13.500896739130425,13202.045578070845,0.2510955980978906
IANVTEDAKRLI,HLA-C*01:02,37.35904891304347,19335.50443639011,0.08581681037321687
DDGCKAYWKVCF,HLA-C*01:02,99.28660326086957,29915.884967454684,0.0318982933240477
DGCKAYWKVCFH,HLA-C*01:02,62.74467391304348,32259.88249465839,0.09606016741599888
GCKAYWKVCFHY,HLA-C*01:02,99.28660326086957,33195.6972113593,0.015633615374099463
CKAYWKVCFHYN,HLA-C*01:02,99.28660326086957,33651.42924191774,0.015820838925719727
KAYWKVCFHYNL,HLA-C*01:02,62.74467391304348,30375.82080442049,0.08133925875881687
AYWKVCFHYNLH,HLA-C*01:02,46.224673913043475,31634.25963825085,0.13011917262338102
YWKVCFHYNLHK,HLA-C*01:02,99.28660326086957,32134.582383985722,0.004998119387892075
WKVCFHYNLHKA,HLA-C*01:02,62.74467391304348,33663.59750916406,0.10672032134607434
KVCFHYNLHKAQ,HLA-C*01:02,99.28660326086957,31983.345485363727,0.006013789941789582
VCFHYNLHKAQP,HLA-C*01:02,99.28660326086957,32704.871935393152,0.008259707632532809
CFHYNLHKAQPA,HLA-C*01:02,62.74467391304348,31236.2006812426,0.06617448123870417
FHYNLHKAQPAE,HLA-C*01:02,99.28660326086957,29410.435740380788,0.008446168823866174
CGKSFGRSC,HLA-C*07:01,46.224673913043475,17124.835627777615,0.0009101395444304217
GKSFGRSCH,HLA-C*07:01,46.224673913043475,22684.68032509828,0.037576978698780295
KSFGRSCHL,HLA-C*07:01,0.726657608695561,111.19361698296869,0.12240074248984456
SFGRSCHLI,HLA-C*07:01,24.57923913043477,10552.48656755011,0.008560818212572485
FGRSCHLIQ,HLA-C*07:01,62.74467391304348,23456.907299813094,0.002315407091373345
GRSCHLIQH,HLA-C*07:01,0.7437499999998778,125.43712142297733,0.14604728727135807
RSCHLIQHQ,HLA-C*07:01,62.74467391304348,24696.46933424106,0.024526966037228703
SCHLIQHQT,HLA-C*07:01,99.28660326086957,27529.351431625775,0.0013720831157115754
CHLIQHQTI,HLA-C*07:01,3.037282608695577,4297.795500157425,0.43460363056510687
SSQKAREER,HLA-C*07:01,37.35904891304347,16484.168068663155,0.001073688674296136
SQKAREERA,HLA-C*07:01,46.224673913043475,18450.691835976828,0.005943332515016664
QKAREERAL,HLA-C*07:01,17.305597826086952,7108.771997238155,0.0075615164314513095
KAREERALL,HLA-C*07:01,1.3880163043477154,253.39288698794059,0.04952196590602398
AREERALLP,HLA-C*07:01,7.348016304347794,3596.638538839235,0.07745920144952834
REERALLPL,HLA-C*07:01,12.805461956521725,5474.737442924701,0.026017527910880744
EERALLPLE,HLA-C*07:01,62.74467391304348,26251.84735322501,0.037018501199781895
ERALLPLEL,HLA-C*07:01,0.23345108695652073,47.50780353503531,0.28337101079523563
RALLPLELQ,HLA-C*07:01,46.224673913043475,22222.70912261374,0.0478685635025613
GSSFSRRAA,HLA-C*07:01,62.74467391304348,25283.35572528644,0.03856597386038629
SSFSRRAAP,HLA-C*07:01,62.74467391304348,22217.403561086798,0.01903512328863144
SFSRRAAPV,HLA-C*07:01,27.61739130434782,11794.681276117039,0.0027089456270914525
FSRRAAPVA,HLA-C*07:01,27.61739130434782,15285.129319462181,0.0825316341361031
SRRAAPVAT,HLA-C*07:01,2.1200543478259988,475.8750294021374,0.004941751794831362
RRAAPVATP,HLA-C*07:01,1.3629347826086047,262.4803584034917,0.06812139507383108
RAAPVATPA,HLA-C*07:01,2.489130434782524,1393.1558548117466,0.21903295628726482
AAPVATPAL,HLA-C*07:01,0.046521739130440665,59.58311164270563,0.7341283373534679
APVATPALL,HLA-C*07:01,3.4218749999999147,4784.596442553356,0.41489092726260424
PVATPALLT,HLA-C*07:01,99.28660326086957,29120.898776760332,0.0008232715081248898
VATPALLTS,HLA-C*07:01,20.2322554347826,19106.748101190286,0.2145937248133123
ATPALLTSH,HLA-C*07:01,5.671874999999957,9769.997651750466,0.4305800423026085
TPALLTSHR,HLA-C*07:01,37.35904891304347,24000.409126648843,0.1369518687715754
PALLTSHRS,HLA-C*07:01,99.28660326086957,31306.391000987354,0.0017670557426754385
ALLTSHRSL,HLA-C*07:01,8.269211956521715,4664.7390586846595,0.11118927365168929
LLTSHRSLG,HLA-C*07:01,99.28660326086957,28672.55178316691,0.0017045863714884035
LTSHRSLGN,HLA-C*07:01,99.28660326086957,28460.635236219765,0.000986029279374634
TSHRSLGNT,HLA-C*07:01,99.28660326086957,28070.977123828303,0.001056285947925062
SHRSLGNTR,HLA-C*07:01,16.15755434782608,7103.553416000567,0.023343546701653395
HRSLGNTRH,HLA-C*07:01,1.9611684782608023,407.25794688415954,0.002881220367271453
RSLGNTRHK,HLA-C*07:01,20.2322554347826,9047.777606361546,0.02782009291695431
VGATAVYPT,HLA-C*07:01,99.28660326086957,27246.263596160148,0.003187003494531382
GATAVYPTD,HLA-C*07:01,99.28660326086957,29820.426906293585,0.00469154299935326
ATAVYPTDL,HLA-C*07:01,4.887418478260841,2210.9033223324336,0.07201923883985728
TAVYPTDLV,HLA-C*07:01,24.57923913043477,15400.757211749373,0.10651841061189771
AVYPTDLVK,HLA-C*07:01,1.7952717391303565,7313.523948712604,0.8399567604064941
VYPTDLVKT,HLA-C*07:01,10.655842391304333,16793.972558911566,0.3869263781234622
YPTDLVKTR,HLA-C*07:01,2.58752717391296,13035.128948710108,0.8153282776474953
PTDLVKTRM,HLA-C*07:01,22.19230978260869,13780.762776576195,0.11325834947638214
TDLVKTRMQ,HLA-C*07:01,62.74467391304348,26770.51654241441,0.06798939182772301
KELYALGVV,HLA-C*07:01,46.224673913043475,21702.102757897846,0.06041065655881539
ELYALGVVD,HLA-C*07:01,99.28660326086957,30641.612528000976,0.011418428708566353
LYALGVVDG,HLA-C*07:01,99.28660326086957,27496.933109939004,0.004347949972725473
YALGVVDGL,HLA-C*07:01,1.9611684782608023,724.8187573966211,0.16077654901891947
ALGVVDGLH,HLA-C*07:01,62.74467391304348,22746.37534409038,0.018340858223382384
LGVVDGLHT,HLA-C*07:01,99.28660326086957,26749.60935802319,0.005453800433315337
GVVDGLHTV,HLA-C*07:01,1.3950543478260045,3227.3541656382035,0.7450722977519035
VVDGLHTVH,HLA-C*07:01,12.805461956521725,11346.868903923361,0.21528875012882054
VDGLHTVHG,HLA-C*07:01,99.28660326086957,27456.53429967168,0.006083357795432676
KNSSKPQKK,HLA-C*07:01,18.61798913043478,7925.9172911847545,0.0009352505339847994
NSSKPQKKN,HLA-C*07:01,99.28660326086957,27980.642520640522,0.0015983184675860684
SSKPQKKNG,HLA-C*07:01,99.28660326086957,25377.80981386079,0.0008143929999278043
SKPQKKNGS,HLA-C*07:01,99.28660326086957,25938.705483103964,0.0025447436737522366
KPQKKNGST,HLA-C*07:01,99.28660326086957,26472.80305444068,0.0020504960484686308
PQKKNGSTW,HLA-C*07:01,16.15755434782608,15239.016176272595,0.22653750341851264
QKKNGSTWA,HLA-C*07:01,99.28660326086957,28104.20567413079,0.0010383128064859193
KKNGSTWAN,HLA-C*07:01,99.28660326086957,25772.13210042474,0.0015444457239937037
KNGSTWANV,HLA-C*07:01,46.224673913043475,20120.506616266604,0.006430197070585564
VNKLKREMG,HLA-C*07:01,99.28660326086957,26424.404736214423,0.0023366212572000222
NKLKREMGH,HLA-C*07:01,46.224673913043475,17948.5907633682,0.02254017569066491
KLKREMGHL,HLA-C*07:01,20.2322554347826,8694.826054505407,0.01883173530222848
LKREMGHLQ,HLA-C*07:01,62.74467391304348,22813.191384117854,0.009619555290555581
KREMGHLQH,HLA-C*07:01,1.947608695652093,404.1575389747985,0.004654078558814945
REMGHLQHE,HLA-C*07:01,37.35904891304347,16066.888427300897,0.02395920714479871
EMGHLQHEL,HLA-C*07:01,13.500896739130425,7511.882509560997,0.09007939044386148
MGHLQHELQ,HLA-C*07:01,62.74467391304348,24195.124649902573,0.002388136497756932
GHLQHELQF,HLA-C*07:01,0.5143749999999585,113.42501769846307,0.25926147121936083
AAKAVKPKV,HLA-C*07:01,11.6303260869565,5655.065313964524,0.058864880935288966
AKAVKPKVV,HLA-C*07:01,1.369456521739039,3234.727796995238,0.7558252699673176
KAVKPKVVK,HLA-C*07:01,9.849456521739114,5168.410920606092,0.08087129623163491
AVKPKVVKP,HLA-C*07:01,3.358777173912955,22766.433507420214,0.8534085378050804
VKPKVVKPK,HLA-C*07:01,17.305597826086952,14144.79486000138,0.18226099503226578
VTLSPNGKS,HLA-C*07:01,99.28660326086957,28352.643719813055,0.005516667406482156
TLSPNGKSL,HLA-C*07:01,1.3767934782607796,320.35707048544805,0.11821085982955992
LSPNGKSLA,HLA-C*07:01,31.643179347826077,13482.653456887829,0.01704572887683753
SPNGKSLAC,HLA-C*07:01,24.57923913043477,13235.828157156904,0.08018229622393847
PNGKSLACQ,HLA-C*07:01,99.28660326086957,29012.28402180091,0.0002898671309594647
NGKSLACQS,HLA-C*07:01,99.28660326086957,28968.376178310053,0.00038819935525680194
GKSLACQSM,HLA-C*07:01,5.671874999999957,6323.966674369815,0.312039895914495
KSLACQSMD,HLA-C*07:01,99.28660326086957,28579.883028853936,0.0033323700990877114
SLACQSMDN,HLA-C*07:01,99.28660326086957,29415.78967917473,0.0023083999349182704
GPHDLLWAH,HLA-C*07:01,12.187228260869546,18511.835556312097,0.36301058379467577
PHDLLWAHS,HLA-C*07:01,99.28660326086957,28957.43446532063,0.01215571662032744
HDLLWAHSG,HLA-C*07:01,46.224673913043475,26655.28797067277,0.1298625278286636
DLLWAHSGR,HLA-C*07:01,31.643179347826077,24164.98888280522,0.18272143276408315
LLWAHSGRD,HLA-C*07:01,99.28660326086957,30887.890176932633,0.00559648666967405
LWAHSGRDR,HLA-C*07:01,99.28660326086957,25696.442044958723,0.004338410384661984
WAHSGRDRP,HLA-C*07:01,99.28660326086957,29501.776344462654,0.0021471945310622687
AHSGRDRPW,HLA-C*07:01,17.305597826086952,8164.6749111450945,0.04569951933808625
HSGRDRPWS,HLA-C*07:01,99.28660326086957,28359.673297544625,0.0011123065305582713
SGRDRPWSG,HLA-C*07:01,46.224673913043475,21209.484005449256,0.026508122478844598
GRDRPWSGK,HLA-C*07:01,5.671874999999957,2443.867903444253,0.05300374259240925
RDRPWSGKE,HLA-C*07:01,62.74467391304348,25198.92769226941,0.011832946154754609
DRPWSGKES,HLA-C*07:01,46.224673913043475,20152.825659063867,0.012527734972536564
RPWSGKEST,HLA-C*07:01,24.57923913043477,20853.082742267234,0.19579975260421634
PWSGKESTG,HLA-C*07:01,99.28660326086957,29633.41584921374,0.00041811702112681814
WSGKESTGA,HLA-C*07:01,99.28660326086957,28107.557236195273,0.00035860942080034874
SGKESTGAI,HLA-C*07:01,15.160951086956516,6056.8157095071765,0.0008114970096357865
GKESTGAIP,HLA-C*07:01,46.224673913043475,27512.872731445135,0.1018390363897197
KESTGAIPK,HLA-C*07:01,7.778097826086963,10322.555385080208,0.3435148363932967
ESTGAIPKE,HLA-C*07:01,46.224673913043475,25725.428699594882,0.10310564242536202
STGAIPKEV,HLA-C*07:01,8.839293478260856,4034.550744274697,0.05011501343687996
TGAIPKEVP,HLA-C*07:01,62.74467391304348,21067.185110445083,0.012251402062247507
GAIPKEVPG,HLA-C*07:01,62.74467391304348,21256.14376589937,0.008444294478977099
AIPKEVPGP,HLA-C*07:01,37.35904891304347,23964.11650400269,0.104850810370408
IPKEVPGPS,HLA-C*07:01,46.224673913043475,19868.62790181342,0.04436003355658613
PKEVPGPSW,HLA-C*07:01,37.35904891304347,22752.232191440133,0.1283577373251319
KEVPGPSWS,HLA-C*07:01,62.74467391304348,25273.605001827415,0.020619672170141712
EVPGPSWSL,HLA-C*07:01,1.7730978260868966,1823.1471850361763,0.46677787601947784
VPGPSWSLL,HLA-C*07:01,14.277038043478257,6866.4156232498535,0.05215509107802063
PGPSWSLLD,HLA-C*07:01,99.28660326086957,27613.353991854525,0.000402936580030655
GPSWSLLDL,HLA-C*07:01,37.35904891304347,17035.331602056034,0.03905951022170484
PSWSLLDLK,HLA-C*07:01,99.28660326086957,25603.665989433044,0.003993208956671879
SWSLLDLKT,HLA-C*07:01,99.28660326086957,28542.279918891432,0.0031348280899692327
WSLLDLKTG,HLA-C*07:01,99.28660326086957,29765.041908070012,0.01302054892948945
SLLDLKTGS,HLA-C*07:01,99.28660326086957,28516.998054232572,0.03262847042060457
LLDLKTGSC,HLA-C*07:01,46.224673913043475,19058.9110249488,0.006269899691687897
LDLKTGSCT,HLA-C*07:01,99.28660326086957,28667.757072377855,0.009844804415479302
DLKTGSCTS,HLA-C*07:01,99.28660326086957,29305.97853720399,0.02172406093450263
LKTGSCTSR,HLA-C*07:01,37.35904891304347,22136.850095769016,0.09213087930402253
KTGSCTSRW,HLA-C*07:01,3.7645923913042765,12149.460629093623,0.6360136028379202
TGSCTSRWE,HLA-C*07:01,99.28660326086957,28989.438058592154,0.0005400600603024941
GSCTSRWES,HLA-C*07:01,99.28660326086957,28796.54178955797,0.002666903252247721
SCTSRWESA,HLA-C*07:01,99.28660326086957,25823.256744192775,0.006198200399012421
CTSRWESAW,HLA-C*07:01,18.61798913043478,18571.289770525036,0.23057505395263433
TSRWESAWS,HLA-C*07:01,99.28660326086957,29528.6560950668,0.0020076287546544336
SRWESAWSG,HLA-C*07:01,2.312336956521662,947.8111118404279,0.14989778853487223
RWESAWSGL,HLA-C*07:01,20.2322554347826,10178.97258409819,0.05560539907310158
WESAWSGLS,HLA-C*07:01,99.28660326086957,28210.50749257939,0.0013503614427463617
ESAWSGLSP,HLA-C*07:01,27.61739130434782,26591.07288739224,0.21683779393788427
SAWSGLSPR,HLA-C*07:01,2.7954347826086234,6609.138903343828,0.592073280364275
AWSGLSPRT,HLA-C*07:01,99.28660326086957,28820.882250617986,0.0034516719351813663
WSGLSPRTG,HLA-C*07:01,99.28660326086957,26833.368097787683,0.005135509491083212
SGLSPRTGR,HLA-C*07:01,18.61798913043478,9802.83240648994,0.05856045777909458
GLSPRTGRC,HLA-C*07:01,62.74467391304348,24918.965157456172,0.006921409789356403
LSPRTGRCG,HLA-C*07:01,62.74467391304348,23241.787489625545,0.0030526574155373964
SPRTGRCGS,HLA-C*07:01,62.74467391304348,25985.08322484521,0.02849019035784295
PRTGRCGSE,HLA-C*07:01,99.28660326086957,26972.398276764427,0.00017774620209820569
RTGRCGSEE,HLA-C*07:01,99.28660326086957,26787.596410984104,0.0010244698032693123
TGRCGSEEA,HLA-C*07:01,62.74467391304348,21706.736939336195,0.0011088832798122894
GRCGSEEAS,HLA-C*07:01,27.61739130434782,11516.858300955339,0.00043548565918172244
RCGSEEAST,HLA-C*07:01,99.28660326086957,28043.73842896041,8.178914140444249e-05
CGSEEASTL,HLA-C*07:01,9.15535326086956,3541.563379645949,0.0046284468116937205
GSEEASTLT,HLA-C*07:01,99.28660326086957,26941.259344162943,0.0024113588660839014
SEEASTLTI,HLA-C*07:01,11.115788043478247,12008.671194663459,0.27766965772025287
EEASTLTIP,HLA-C*07:01,12.187228260869546,27064.016719824827,0.47150314785540104
EASTLTIPA,HLA-C*07:01,46.224673913043475,22913.82458744214,0.08158678316976875
ASTLTIPAA,HLA-C*07:01,22.19230978260869,22504.67175351178,0.23258441966027021
STLTIPAAP,HLA-C*07:01,37.35904891304347,26097.407930753303,0.15032318234443665
TLTIPAAPV,HLA-C*07:01,62.74467391304348,21150.57928194434,0.004661472237785347
LTIPAAPVG,HLA-C*07:01,62.74467391304348,25339.7503398268,0.05156175186857581
TIPAAPVGL,HLA-C*07:01,0.858478260869461,281.66019966249763,0.30703257117420435
IPAAPVGLR,HLA-C*07:01,5.346684782608634,14589.377011739794,0.563428396359086
PAAPVGLRW,HLA-C*07:01,5.346684782608634,14198.663782804235,0.5535979196429253
AAPVGLRWL,HLA-C*07:01,1.6564130434781532,518.8217541848204,0.15587825560942292
APVGLRWLV,HLA-C*07:01,14.277038043478257,18605.81708585042,0.3268516771495342
PVGLRWLVR,HLA-C*07:01,62.74467391304348,27596.401210536606,0.05057458457304165
SVIRTLSTI,HLA-C*07:01,3.3897826086955547,9554.506627232908,0.6085283905267715
VIRTLSTID,HLA-C*07:01,99.28660326086957,30504.079009874284,0.005915552836086135
IRTLSTIDD,HLA-C*07:01,99.28660326086957,26089.25863511754,0.0022320168718579225
RTLSTIDDV,HLA-C*07:01,31.643179347826077,14740.805527998644,0.02869667625054717
TLSTIDDVE,HLA-C*07:01,62.74467391304348,23499.37996193363,0.0033196466756635346
LSTIDDVED,HLA-C*07:01,99.28660326086957,25506.28008887084,0.00042241324445058126
STIDDVEDR,HLA-C*07:01,4.732201086956479,1868.9457047203719,0.04074021731503308
TIDDVEDRE,HLA-C*07:01,31.643179347826077,12848.96899392554,0.011671187923639081
IDDVEDREN,HLA-C*07:01,37.35904891304347,14432.509312884606,0.0003821677510131849
EKIILNFTT,HLA-C*07:01,62.74467391304348,29482.1628191686,0.08115135063417256
KIILNFTTL,HLA-C*07:01,1.6023369565216399,672.6531273308206,0.24402974545955658
IILNFTTLD,HLA-C*07:01,99.28660326086957,30483.70808158469,0.0038618438884441275
ILNFTTLDL,HLA-C*07:01,9.849456521739114,5907.094323494164,0.11735021020285785
LNFTTLDLY,HLA-C*07:01,9.15535326086956,3778.548600971677,0.023052786258631386
NFTTLDLYR,HLA-C*07:01,37.35904891304347,18194.964999442396,0.05141458674916066
FTTLDLYRS,HLA-C*07:01,99.28660326086957,29957.893282567078,0.044967578796786256
TTLDLYRSR,HLA-C*07:01,5.054048913043445,15590.03292746649,0.5977586060762405
TLDLYRSRL,HLA-C*07:01,10.231983695652161,4523.9116651687855,0.03344217408448458
QNEELDRQK,HLA-C*07:01,24.57923913043477,10248.670776345041,0.0019464719007373787
NEELDRQKR,HLA-C*07:01,27.61739130434782,11141.826420904014,0.0019688224092533346
EELDRQKRI,HLA-C*07:01,17.305597826086952,8449.736944187314,0.041691025777254254
ELDRQKRIG,HLA-C*07:01,99.28660326086957,27785.768036165435,0.008929111616453156
LDRQKRIGN,HLA-C*07:01,99.28660326086957,26448.788607186292,0.001841482659074245
DRQKRIGNT,HLA-C*07:01,46.224673913043475,19731.019057438298,0.026531561044976115
RQKRIGNTR,HLA-C*07:01,3.80744565217384,2175.6497014158167,0.15974518680013716
QKRIGNTRK,HLA-C*07:01,62.74467391304348,22218.5873709638,0.009511433381703682
KRIGNTRKM,HLA-C*07:01,0.37358695652172,36.800074775359015,0.0643077100685332
SCDQRQLSE,HLA-C*07:01,46.224673913043475,19638.81929831536,0.001518587241662317
CDQRQLSEC,HLA-C*07:01,99.28660326086957,25564.26724381561,0.0007331207980314502
DQRQLSECD,HLA-C*07:01,62.74467391304348,27906.65328770742,0.04976560245268047
QRQLSECDE,HLA-C*07:01,62.74467391304348,24729.49129028237,0.000197019835923129
RQLSECDEP,HLA-C*07:01,62.74467391304348,23423.82783247819,0.013625609659356996
QLSECDEPQ,HLA-C*07:01,62.74467391304348,24562.313012115992,0.0005167809977137949
LSECDEPQP,HLA-C*07:01,99.28660326086957,27538.6824796924,0.011780718072259333
SECDEPQPH,HLA-C*07:01,24.57923913043477,10687.671721468585,0.007780594165524235
ECDEPQPHH,HLA-C*07:01,62.74467391304348,20954.36420377086,0.007610734410263831
EEDEEEEED,HLA-C*07:01,37.35904891304347,14475.579708043548,0.00015564614295726642
EDEEEEEDF,HLA-C*07:01,24.57923913043477,10155.200667476998,0.00026849994628719287
DEEEEEDFK,HLA-C*07:01,9.849456521739114,3797.1195263311715,0.0004298266776459059
DSVSSINSV,HLA-C*07:01,18.61798913043478,12041.996922331537,0.12261751317419112
SVSSINSVT,HLA-C*07:01,62.74467391304348,25760.19716452988,0.011224811314605176
VSSINSVTS,HLA-C*07:01,62.74467391304348,24549.9520522017,0.003229942682082765
SSINSVTSH,HLA-C*07:01,6.479157608695644,6369.826567547754,0.27478316007182
SINSVTSHS,HLA-C*07:01,99.28660326086957,26181.374159976065,0.0095578295076848
INSVTSHSS,HLA-C*07:01,99.28660326086957,27197.923564962595,0.0009522079199086875
NSVTSHSSV,HLA-C*07:01,24.57923913043477,11219.638183965575,0.011114795532193966
SVTSHSSVG,HLA-C*07:01,99.28660326086957,26763.518733075056,0.006466403618105687
VTSHSSVGS,HLA-C*07:01,99.28660326086957,28671.129383821924,0.0007059567578835413
HGKRFHATI,HLA-C*07:01,9.849456521739114,4044.9113328683175,0.020143925037700683
GKRFHATIS,HLA-C*07:01,62.74467391304348,26509.410655615735,0.05361471384821925
KRFHATISF,HLA-C*07:01,0.015380434782642283,29.644294511963125,0.7252205945551395
RFHATISFD,HLA-C*07:01,99.28660326086957,29423.106921497987,0.009261634360882454
FHATISFDT,HLA-C*07:01,62.74467391304348,24683.844659873357,0.009037864656420425
HATISFDTD,HLA-C*07:01,99.28660326086957,27484.461202479626,0.006895945043652318
ATISFDTDT,HLA-C*07:01,62.74467391304348,27993.487283201546,0.03899411903694272
TISFDTDTG,HLA-C*07:01,99.28660326086957,28131.421233595735,0.001874790781585034
ISFDTDTGL,HLA-C*07:01,4.329592391304317,1774.6801985128695,0.057610335177741945
PPISSCDTR,HLA-C*07:01,62.74467391304348,25796.02241056759,0.007641983371286187
PISSCDTRT,HLA-C*07:01,99.28660326086957,30588.87335337752,0.0003251251473557204
ISSCDTRTM,HLA-C*07:01,4.968641304347784,1892.9859120875215,0.024813983676722273
SSCDTRTMA,HLA-C*07:01,46.224673913043475,18819.549221849993,0.008132246628520079
SCDTRTMAN,HLA-C*07:01,62.74467391304348,23819.37801082204,0.0006470251200880739
CDTRTMANC,HLA-C*07:01,99.28660326086957,28477.480262864985,0.0008601348436059197
DTRTMANCE,HLA-C*07:01,99.28660326086957,29257.737490982574,0.011444021205534227
TRTMANCER,HLA-C*07:01,7.778097826086963,2955.963990122122,0.005459738275021664
RTMANCERT,HLA-C*07:01,62.74467391304348,24898.69669535551,0.01013714837608859
LCGTDEKIA,HLA-C*07:01,99.28660326086957,26800.05271978605,0.00046435777676379075
CGTDEKIAN,HLA-C*07:01,99.28660326086957,25341.008896578576,0.00022586367867916124
GTDEKIANV,HLA-C*07:01,2.059347826086878,3949.679741074373,0.6011236384510994
TDEKIANVT,HLA-C*07:01,62.74467391304348,24109.241518589515,0.019068944704486057
DEKIANVTE,HLA-C*07:01,46.224673913043475,23281.296481732392,0.07883895986014977
EKIANVTED,HLA-C*07:01,99.28660326086957,27201.819738747003,0.02181390031182673
KIANVTEDA,HLA-C*07:01,62.74467391304348,25511.312610544035,0.036460219882428646
IANVTEDAK,HLA-C*07:01,27.61739130434782,12259.549389708074,0.009023147460538894
CKAYWKVCF,HLA-C*07:01,14.277038043478257,10383.436987559226,0.16000989614985883
KAYWKVCFH,HLA-C*07:01,6.18413043478256,9906.784842472414,0.40708840917795897
AYWKVCFHY,HLA-C*07:01,1.4610869565216404,1211.3559438356815,0.45323494262993336
YWKVCFHYN,HLA-C*07:01,99.28660326086957,28498.08253910442,0.002827674732543528
WKVCFHYNL,HLA-C*07:01,24.57923913043477,10699.965406605315,0.015985196085239295
KVCFHYNLH,HLA-C*07:01,46.224673913043475,19061.75820162713,0.01237662578932941
VCFHYNLHK,HLA-C*07:01,62.74467391304348,23034.15669529911,0.002274030732223764
CFHYNLHKA,HLA-C*07:01,46.224673913043475,22419.631800902785,0.05289875323069282
FHYNLHKAQ,HLA-C*07:01,27.61739130434782,13258.508261057836,0.02467911329586059
ECGKSFGRSC,HLA-C*07:01,99.28660326086957,28383.744025618023,0.0007892808862379752
CGKSFGRSCH,HLA-C*07:01,62.74467391304348,23272.766064534946,0.0012642787578442949
GKSFGRSCHL,HLA-C*07:01,20.2322554347826,16489.913017720213,0.18083411123370752
KSFGRSCHLI,HLA-C*07:01,17.305597826086952,10303.127400666408,0.10119775380007923
SFGRSCHLIQ,HLA-C*07:01,99.28660326086957,27780.03019908712,0.0027154562267242
FGRSCHLIQH,HLA-C*07:01,62.74467391304348,21848.072630129605,0.01546144942403771
GRSCHLIQHQ,HLA-C*07:01,24.57923913043477,11069.932133342669,0.00729027834313456
RSCHLIQHQT,HLA-C*07:01,62.74467391304348,27170.97853091693,0.046444566280115396
SCHLIQHQTI,HLA-C*07:01,62.74467391304348,25789.64138857879,0.05008814396569505
CHLIQHQTIH,HLA-C*07:01,62.74467391304348,24373.016363439845,0.035084767107036896
GSSQKAREER,HLA-C*07:01,62.74467391304348,24346.70229434705,0.0005801797415188048
SSQKAREERA,HLA-C*07:01,99.28660326086957,29003.764141825097,0.0009338430209027138
SQKAREERAL,HLA-C*07:01,20.2322554347826,9093.13230884235,0.02330194611568004
QKAREERALL,HLA-C*07:01,37.35904891304347,20528.38308443228,0.06117052142508328
KAREERALLP,HLA-C*07:01,62.74467391304348,27427.500606838,0.05925117270089686
AREERALLPL,HLA-C*07:01,1.1000271739128777,149.77419095498547,0.019266141986008734
REERALLPLE,HLA-C*07:01,62.74467391304348,27003.554261363282,0.036366148735396564
EERALLPLEL,HLA-C*07:01,20.2322554347826,14188.868078425352,0.1342848485801369
ERALLPLELQ,HLA-C*07:01,46.224673913043475,19740.52105838315,0.03036812276695855
RALLPLELQD,HLA-C*07:01,99.28660326086957,29448.75576166531,0.025289866025559604
SGSSFSRRAA,HLA-C*07:01,62.74467391304348,26231.58672694251,0.025711515016155317
GSSFSRRAAP,HLA-C*07:01,99.28660326086957,30117.780151746287,0.008082533608103404
SSFSRRAAPV,HLA-C*07:01,62.74467391304348,21084.297526987113,0.008139592449879274
SFSRRAAPVA,HLA-C*07:01,62.74467391304348,28766.40985644564,0.07422042521648109
FSRRAAPVAT,HLA-C*07:01,99.28660326086957,26227.231175780522,0.0034786670585162938
SRRAAPVATP,HLA-C*07:01,15.160951086956516,6932.912096787652,0.040951402799692005
RRAAPVATPA,HLA-C*07:01,1.39152173913034,291.9096209105315,0.08659073524177074
RAAPVATPAL,HLA-C*07:01,0.7376086956520567,178.48396853437907,0.24621672555804253
AAPVATPALL,HLA-C*07:01,2.0198097826086183,1817.0676796377743,0.39799266308546066
APVATPALLT,HLA-C*07:01,99.28660326086957,27683.35673618305,0.014000925788423046
PVATPALLTS,HLA-C*07:01,99.28660326086957,30477.94638621488,0.008135979413054883
VATPALLTSH,HLA-C*07:01,10.655842391304333,21436.014370703506,0.4535486279055476
ATPALLTSHR,HLA-C*07:01,31.643179347826077,20744.81255128599,0.10895465919747949
TPALLTSHRS,HLA-C*07:01,99.28660326086957,30542.93660079991,0.014764188264962286
PALLTSHRSL,HLA-C*07:01,99.28660326086957,26976.70621154806,0.010603716247715056
ALLTSHRSLG,HLA-C*07:01,99.28660326086957,30804.045995246244,0.00638430894468911
LLTSHRSLGN,HLA-C*07:01,99.28660326086957,30291.050048549125,0.0008225253004638944
LTSHRSLGNT,HLA-C*07:01,99.28660326086957,29889.450378205365,0.0008952879670687253
TSHRSLGNTR,HLA-C*07:01,62.74467391304348,22628.29433321884,0.021556075145781506
SHRSLGNTRH,HLA-C*07:01,37.35904891304347,14765.774146331723,0.0032693539360479917
HRSLGNTRHK,HLA-C*07:01,4.732201086956479,1673.2752678680408,0.007076072244672105
AVGATAVYPT,HLA-C*07:01,99.28660326086957,29789.54551885863,0.002287472154421266
VGATAVYPTD,HLA-C*07:01,99.28660326086957,29382.387482794264,0.0012523099212558009
GATAVYPTDL,HLA-C*07:01,62.74467391304348,23439.910448455445,0.013533653371268883
ATAVYPTDLV,HLA-C*07:01,62.74467391304348,26766.83631744706,0.03201146575156599
TAVYPTDLVK,HLA-C*07:01,6.792608695652163,17238.89995026058,0.533831475302577
AVYPTDLVKT,HLA-C*07:01,4.968641304347784,25141.21238444128,0.7377970181405544
VYPTDLVKTR,HLA-C*07:01,4.102010869565163,17674.999357420846,0.7052624225616455
YPTDLVKTRM,HLA-C*07:01,6.479157608695644,14361.562026917916,0.49963128939270973
PTDLVKTRMQ,HLA-C*07:01,99.28660326086957,30141.84178517971,0.024625054327771068
TDLVKTRMQN,HLA-C*07:01,99.28660326086957,29365.19526077347,0.01354717599315336
SKELYALGVV,HLA-C*07:01,99.28660326086957,29483.611788084872,0.00437297869939357
KELYALGVVD,HLA-C*07:01,62.74467391304348,28714.61365274713,0.03734788449946791
ELYALGVVDG,HLA-C*07:01,99.28660326086957,31411.97821021913,0.025444800936384127
LYALGVVDGL,HLA-C*07:01,37.35904891304347,15529.791144098586,0.02445990324486047
YALGVVDGLH,HLA-C*07:01,62.74467391304348,24142.922358303313,0.04468165244907141
ALGVVDGLHT,HLA-C*07:01,99.28660326086957,27929.881430415215,0.020533070419332944
LGVVDGLHTV,HLA-C*07:01,37.35904891304347,22278.892101413483,0.11643605772405863
GVVDGLHTVH,HLA-C*07:01,11.6303260869565,13965.021251698558,0.30460400879383087
VVDGLHTVHG,HLA-C*07:01,62.74467391304348,28137.17970612264,0.04516420705476776
VDGLHTVHGT,HLA-C*07:01,99.28660326086957,28246.347214563877,0.005098180845379829
NKNSSKPQKK,HLA-C*07:01,37.35904891304347,14309.794001206312,0.0017407764789822977
KNSSKPQKKN,HLA-C*07:01,99.28660326086957,29355.492265979465,0.00033146664554806193
NSSKPQKKNG,HLA-C*07:01,99.28660326086957,29494.00122058581,0.0019708988274942385
SSKPQKKNGS,HLA-C*07:01,99.28660326086957,28802.235686695825,0.0007252237655848148
SKPQKKNGST,HLA-C*07:01,99.28660326086957,26597.97822165614,0.0013834203382430132
KPQKKNGSTW,HLA-C*07:01,13.500896739130425,17525.049366559295,0.3227802007459104
PQKKNGSTWA,HLA-C*07:01,99.28660326086957,30189.155612619208,0.005226369627052918
QKKNGSTWAN,HLA-C*07:01,99.28660326086957,28902.77609517254,0.0008521472145730513
KKNGSTWANV,HLA-C*07:01,46.224673913043475,20723.248232515227,0.039757810620358214
KNGSTWANVP,HLA-C*07:01,99.28660326086957,28959.826003181042,0.006448216478020186
RVNKLKREMG,HLA-C*07:01,99.28660326086957,29753.257334511713,0.016185269050765783
VNKLKREMGH,HLA-C*07:01,99.28660326086957,27530.323698256514,0.003918021237041103
NKLKREMGHL,HLA-C*07:01,37.35904891304347,19295.453426387543,0.06394581560743973
KLKREMGHLQ,HLA-C*07:01,99.28660326086957,29487.057965369826,0.022000773169565946
LKREMGHLQH,HLA-C*07:01,46.224673913043475,20432.621349187717,0.022609120511333458
KREMGHLQHE,HLA-C*07:01,46.224673913043475,17927.88858673952,0.0011370735246600816
REMGHLQHEL,HLA-C*07:01,1.0140489130433394,689.7448036837111,0.47766389697790146
EMGHLQHELQ,HLA-C*07:01,99.28660326086957,28989.50407733073,0.0022584256730624475
MGHLQHELQF,HLA-C*07:01,18.61798913043478,9209.23155066899,0.054925119737163186
GHLQHELQFK,HLA-C*07:01,18.61798913043478,10861.377105291775,0.08493147499393672
SAAKAVKPKV,HLA-C*07:01,46.224673913043475,23608.880641313594,0.0519614031072706
AAKAVKPKVV,HLA-C*07:01,22.19230978260869,19912.980743969383,0.21074603078886867
AKAVKPKVVK,HLA-C*07:01,8.839293478260856,17387.775718421093,0.453904427587986
KAVKPKVVKP,HLA-C*07:01,20.2322554347826,27171.07841111588,0.3150097457692027
AVKPKVVKPK,HLA-C*07:01,9.494239130434764,18378.913706313975,0.4450753778219223
VKPKVVKPKK,HLA-C*07:01,46.224673913043475,21549.16916421257,0.0692497294221539
AVTLSPNGKS,HLA-C*07:01,99.28660326086957,30258.752040639407,0.0021577487168542575
VTLSPNGKSL,HLA-C*07:01,8.01565217391304,4341.238684029302,0.09883292182348669
TLSPNGKSLA,HLA-C*07:01,62.74467391304348,26329.226867456808,0.014171134331263602
LSPNGKSLAC,HLA-C*07:01,27.61739130434782,12486.102060340809,0.012152732386311982
SPNGKSLACQ,HLA-C*07:01,62.74467391304348,26238.337896476027,0.05413009790936485
PNGKSLACQS,HLA-C*07:01,99.28660326086957,30374.438052076563,0.00019796864535237546
NGKSLACQSM,HLA-C*07:01,46.224673913043475,17528.398629040723,0.012630270248337183
GKSLACQSMD,HLA-C*07:01,99.28660326086957,29306.515765831093,0.014810287138971034
KSLACQSMDN,HLA-C*07:01,99.28660326086957,29959.88271683942,0.004588098650856409
SLACQSMDNQ,HLA-C*07:01,99.28660326086957,30174.333654708276,0.0013881627601222135
CGPHDLLWAH,HLA-C*07:01,62.74467391304348,24227.634743464103,0.043399246875196695
GPHDLLWAHS,HLA-C*07:01,62.74467391304348,29365.255506965812,0.07091219967696816
PHDLLWAHSG,HLA-C*07:01,99.28660326086957,29498.525462280388,0.00889372375968378
HDLLWAHSGR,HLA-C*07:01,46.224673913043475,23365.106098812874,0.08721360785420984
DLLWAHSGRD,HLA-C*07:01,99.28660326086957,31942.51670119716,0.005594314323388971
LLWAHSGRDR,HLA-C*07:01,62.74467391304348,28216.56580013825,0.045928984036436304
LWAHSGRDRP,HLA-C*07:01,99.28660326086957,31050.064103616987,0.0010374665616836865
WAHSGRDRPW,HLA-C*07:01,31.643179347826077,17302.106647998484,0.07550957414787263
AHSGRDRPWS,HLA-C*07:01,99.28660326086957,28228.471842589006,0.0017632130584388506
HSGRDRPWSG,HLA-C*07:01,99.28660326086957,27265.428718569197,0.012384530622512102
SGRDRPWSGK,HLA-C*07:01,27.61739130434782,14132.299448246018,0.06853297736961395
GRDRPWSGKE,HLA-C*07:01,37.35904891304347,16583.38255072202,0.0045900615805294365
RDRPWSGKES,HLA-C*07:01,62.74467391304348,26463.93268356245,0.015023211322841235
DRPWSGKEST,HLA-C*07:01,62.74467391304348,24728.051402548237,0.01826842343143653
RPWSGKESTG,HLA-C*07:01,37.35904891304347,24468.7033657394,0.1475212466903031
PWSGKESTGA,HLA-C*07:01,99.28660326086957,30021.894229625126,0.000534497437911341
WSGKESTGAI,HLA-C*07:01,99.28660326086957,27388.50102058949,0.00038438183764810674
SGKESTGAIP,HLA-C*07:01,62.74467391304348,23567.011304659685,0.006205495992617216
GKESTGAIPK,HLA-C*07:01,9.849456521739114,14605.349107072178,0.372914875857532
KESTGAIPKE,HLA-C*07:01,62.74467391304348,24547.271560754896,0.05357749783433974
ESTGAIPKEV,HLA-C*07:01,46.224673913043475,23778.145999935205,0.07402359100524336
STGAIPKEVP,HLA-C*07:01,99.28660326086957,27590.81891464424,0.012337836931692436
TGAIPKEVPG,HLA-C*07:01,62.74467391304348,22838.076131188467,0.011353134294040501
GAIPKEVPGP,HLA-C*07:01,62.74467391304348,26641.996893938882,0.02379157830728218
AIPKEVPGPS,HLA-C*07:01,62.74467391304348,24019.374846871855,0.01735253701917827
IPKEVPGPSW,HLA-C*07:01,2.5035597826086047,8962.161046430425,0.7272058017551899
PKEVPGPSWS,HLA-C*07:01,99.28660326086957,30031.527945999667,0.0011525660702318419
KEVPGPSWSL,HLA-C*07:01,2.1923369565216575,2602.1333823001164,0.4546149196103215
EVPGPSWSLL,HLA-C*07:01,20.2322554347826,10629.523251151853,0.06674700835719705
VPGPSWSLLD,HLA-C*07:01,99.28660326086957,27361.43191844623,0.005071742707514204
PGPSWSLLDL,HLA-C*07:01,62.74467391304348,21377.881027960648,0.0018136391081498004
GPSWSLLDLK,HLA-C*07:01,62.74467391304348,26819.0232086839,0.019621097831986845
PSWSLLDLKT,HLA-C*07:01,99.28660326086957,31030.673460801674,0.0030383523262571543
SWSLLDLKTG,HLA-C*07:01,99.28660326086957,29817.53126935963,0.0023994436232896987
WSLLDLKTGS,HLA-C*07:01,99.28660326086957,30664.29771754686,0.0023641706429771148
SLLDLKTGSC,HLA-C*07:01,62.74467391304348,27092.93908560775,0.03275208099512383
LLDLKTGSCT,HLA-C*07:01,99.28660326086957,27273.05276716137,0.007527011446654797
LDLKTGSCTS,HLA-C*07:01,99.28660326086957,29760.27418695947,0.004973326478648232
DLKTGSCTSR,HLA-C*07:01,27.61739130434782,22639.806089780097,0.18830905389040709
LKTGSCTSRW,HLA-C*07:01,13.500896739130425,24328.009685171248,0.4071860397234559
KTGSCTSRWE,HLA-C*07:01,99.28660326086957,29842.036954134084,0.01415038885170361
TGSCTSRWES,HLA-C*07:01,99.28660326086957,29115.2864636219,0.00023050171239447081
GSCTSRWESA,HLA-C*07:01,62.74467391304348,28773.592934714507,0.040853962673281785
SCTSRWESAW,HLA-C*07:01,62.74467391304348,25274.115680556355,0.017755804175976664
CTSRWESAWS,HLA-C*07:01,99.28660326086957,30092.758379923394,0.005644034532451769
TSRWESAWSG,HLA-C*07:01,99.28660326086957,29073.71882493651,0.003630141814937815
SRWESAWSGL,HLA-C*07:01,0.3973641304347808,63.243417212122985,0.19101056223735213
RWESAWSGLS,HLA-C*07:01,99.28660326086957,28928.886203929287,0.0095678403013153
WESAWSGLSP,HLA-C*07:01,62.74467391304348,27472.691125709647,0.03597171220462769
ESAWSGLSPR,HLA-C*07:01,11.115788043478247,20547.15405225115,0.4270693762227893
SAWSGLSPRT,HLA-C*07:01,62.74467391304348,27149.06436660219,0.03638603142462671
AWSGLSPRTG,HLA-C*07:01,99.28660326086957,27559.136653074842,0.006149467750219628
WSGLSPRTGR,HLA-C*07:01,62.74467391304348,24211.20282671286,0.04839553724741563
SGLSPRTGRC,HLA-C*07:01,99.28660326086957,25476.184662685097,0.001891274114314001
GLSPRTGRCG,HLA-C*07:01,99.28660326086957,28343.284665271454,0.010588010307401419
LSPRTGRCGS,HLA-C*07:01,99.28660326086957,27873.33463224758,0.0012790436776413117
SPRTGRCGSE,HLA-C*07:01,62.74467391304348,25875.107520259346,0.021843250666279346
PRTGRCGSEE,HLA-C*07:01,99.28660326086957,27469.873209119596,0.00016575736299273558
RTGRCGSEEA,HLA-C*07:01,99.28660326086957,28194.78293578539,0.0038664114090352086
TGRCGSEEAS,HLA-C*07:01,62.74467391304348,24788.946239166842,0.0003644150483523845
GRCGSEEAST,HLA-C*07:01,18.61798913043478,7866.337660105782,0.0005012256569898454
RCGSEEASTL,HLA-C*07:01,31.643179347826077,12919.547674293233,0.0031014929118100554
CGSEEASTLT,HLA-C*07:01,99.28660326086957,28048.737072737375,0.0002565005652286345
GSEEASTLTI,HLA-C*07:01,46.224673913043475,22465.18291460346,0.07079017418436706
SEEASTLTIP,HLA-C*07:01,16.15755434782608,27448.81802382951,0.39566211216151714
EEASTLTIPA,HLA-C*07:01,37.35904891304347,28135.222509729123,0.15470935468329117
EASTLTIPAA,HLA-C*07:01,24.57923913043477,28234.595462506833,0.2761758081614971
ASTLTIPAAP,HLA-C*07:01,62.74467391304348,28708.201013817354,0.04256808722857386
STLTIPAAPV,HLA-C*07:01,62.74467391304348,24926.58553117425,0.02315781405195594
TLTIPAAPVG,HLA-C*07:01,99.28660326086957,29508.98425936076,0.003141975132166408
LTIPAAPVGL,HLA-C*07:01,2.6173369565216404,1897.5962056314554,0.28003276139497757
TIPAAPVGLR,HLA-C*07:01,14.277038043478257,14497.022374628938,0.2606590799987316
IPAAPVGLRW,HLA-C*07:01,3.2967934782607813,15449.00823090952,0.7509671971201897
PAAPVGLRWL,HLA-C*07:01,46.224673913043475,22282.560248345588,0.04952203796710819
AAPVGLRWLV,HLA-C*07:01,37.35904891304347,21779.926633100345,0.09354951189015992
APVGLRWLVR,HLA-C*07:01,11.6303260869565,25303.98076277373,0.472885400056839
ISVIRTLSTI,HLA-C*07:01,24.57923913043477,20789.9879086192,0.18589705787599087
SVIRTLSTID,HLA-C*07:01,99.28660326086957,31332.829942867913,0.028850144939497113
VIRTLSTIDD,HLA-C*07:01,99.28660326086957,30827.965018140003,0.0065207289953832515
IRTLSTIDDV,HLA-C*07:01,62.74467391304348,20662.894422864247,0.0030146714052534662
RTLSTIDDVE,HLA-C*07:01,99.28660326086957,27932.200826874014,0.024826025823131204
TLSTIDDVED,HLA-C*07:01,62.74467391304348,23037.3982703849,0.002085953688947484
LSTIDDVEDR,HLA-C*07:01,37.35904891304347,16429.256958425274,0.001598837236088002
STIDDVEDRE,HLA-C*07:01,31.643179347826077,14590.873443871142,0.01016258611343801
TIDDVEDREN,HLA-C*07:01,22.19230978260869,9667.575142462478,0.00828571215242846
IDDVEDRENE,HLA-C*07:01,37.35904891304347,14296.138050175243,0.0008349230392923346
GEKIILNFTT,HLA-C*07:01,37.35904891304347,29130.344467242794,0.16137367766350508
EKIILNFTTL,HLA-C*07:01,18.61798913043478,19150.677651638787,0.23912471439689398
KIILNFTTLD,HLA-C*07:01,99.28660326086957,31198.650110995433,0.005713100574212149
IILNFTTLDL,HLA-C*07:01,46.224673913043475,20755.398243601827,0.0135229064617306
ILNFTTLDLY,HLA-C*07:01,37.35904891304347,19626.737753310128,0.059058566941530444
LNFTTLDLYR,HLA-C*07:01,62.74467391304348,22631.140914272073,0.008036940649617463
NFTTLDLYRS,HLA-C*07:01,99.28660326086957,31532.405367485757,0.01879061947693117
FTTLDLYRSR,HLA-C*07:01,37.35904891304347,27659.175595665278,0.15402161236852407
TTLDLYRSRL,HLA-C*07:01,22.19230978260869,14929.835099912476,0.12140685087069869
TLDLYRSRLC,HLA-C*07:01,99.28660326086957,28031.955271447667,0.0017737610360200051
KQNEELDRQK,HLA-C*07:01,7.348016304347794,3084.7731006354143,0.03703262022463605
QNEELDRQKR,HLA-C*07:01,37.35904891304347,15606.436859180714,0.005378502228268189
NEELDRQKRI,HLA-C*07:01,62.74467391304348,23225.957455768723,0.01192340487614274
EELDRQKRIG,HLA-C*07:01,99.28660326086957,26868.3482247206,0.015297894511604682
ELDRQKRIGN,HLA-C*07:01,99.28660326086957,28876.9950849588,0.004243864517775364
LDRQKRIGNT,HLA-C*07:01,99.28660326086957,29151.088067802702,0.0024360456882277504
DRQKRIGNTR,HLA-C*07:01,16.15755434782608,12274.816850451627,0.16241755988448858
RQKRIGNTRK,HLA-C*07:01,16.15755434782608,7649.323243307953,0.039384729287121445
QKRIGNTRKM,HLA-C*07:01,37.35904891304347,16001.16463181528,0.0246496275649406
KRIGNTRKMI,HLA-C*07:01,0.9404619565216166,117.24285699785537,0.025947104673832655
DSCDQRQLSE,HLA-C*07:01,62.74467391304348,25123.699278641496,0.003007515500939917
SCDQRQLSEC,HLA-C*07:01,62.74467391304348,23379.096462463294,0.001038663336657919
CDQRQLSECD,HLA-C*07:01,99.28660326086957,27860.594973722265,0.0004363058014860144
DQRQLSECDE,HLA-C*07:01,62.74467391304348,27414.10271448711,0.03261160635156557
QRQLSECDEP,HLA-C*07:01,99.28660326086957,26562.023868475895,0.0005732332811021479
RQLSECDEPQ,HLA-C*07:01,62.74467391304348,21364.535878336355,0.014950361975934356
QLSECDEPQP,HLA-C*07:01,99.28660326086957,28790.46478984216,0.0019344297179486603
LSECDEPQPH,HLA-C*07:01,62.74467391304348,24242.280414482793,0.0045564905885839835
SECDEPQPHH,HLA-C*07:01,37.35904891304347,15841.86699219656,0.015835379410418682
ECDEPQPHHS,HLA-C*07:01,62.74467391304348,24796.364439111054,0.0028990750724915415
DEEDEEEEED,HLA-C*07:01,37.35904891304347,15006.69019604048,0.00010386346639279509
EEDEEEEEDF,HLA-C*07:01,14.277038043478257,5792.818655420015,0.0003980467845394742
EDEEEEEDFK,HLA-C*07:01,12.805461956521725,4995.584315109198,0.00033213836832146626
DEEEEEDFKP,HLA-C*07:01,62.74467391304348,23527.509050153472,0.014562724390998483
SDSVSSINSV,HLA-C*07:01,62.74467391304348,25963.354864564997,0.04291622433811426
DSVSSINSVT,HLA-C*07:01,99.28660326086957,27465.99166991472,0.005616962938802317
SVSSINSVTS,HLA-C*07:01,99.28660326086957,28675.00370394127,0.017040354199707508
VSSINSVTSH,HLA-C*07:01,46.224673913043475,22065.06482944037,0.04253068577963859
SSINSVTSHS,HLA-C*07:01,99.28660326086957,26165.85526647845,0.0029667898634215817
SINSVTSHSS,HLA-C*07:01,99.28660326086957,28718.487250841034,0.00874333041429054
INSVTSHSSV,HLA-C*07:01,62.74467391304348,25200.17661382062,0.0017412419110769406
NSVTSHSSVG,HLA-C*07:01,99.28660326086957,28947.445927916855,0.0023695615855103824
SVTSHSSVGS,HLA-C*07:01,99.28660326086957,28982.368380347794,0.004758644994581118
VTSHSSVGSN,HLA-C*07:01,99.28660326086957,28647.083977148806,0.0005158745934750186
KHGKRFHATI,HLA-C*07:01,46.224673913043475,19055.429688762437,0.01143310050247237
HGKRFHATIS,HLA-C*07:01,99.28660326086957,28585.53915602359,0.0014108458817645442
GKRFHATISF,HLA-C*07:01,1.9268749999999244,2918.821610032611,0.5526284766383469
KRFHATISFD,HLA-C*07:01,37.35904891304347,14899.148999179548,0.015497557702474296
RFHATISFDT,HLA-C*07:01,99.28660326086957,30576.280477135653,0.01199639672995545
FHATISFDTD,HLA-C*07:01,99.28660326086957,28840.285083637707,0.013241624823422171
HATISFDTDT,HLA-C*07:01,99.28660326086957,29770.766869562416,0.002792177489027381
ATISFDTDTG,HLA-C*07:01,62.74467391304348,28590.544255496305,0.078371457522735
TISFDTDTGL,HLA-C*07:01,62.74467391304348,21989.34784237487,0.00972964710672386
ISFDTDTGLK,HLA-C*07:01,17.305597826086952,9349.414481682634,0.06851682186243124
GPPISSCDTR,HLA-C*07:01,62.74467391304348,22779.37924842133,0.011173828526807483
PPISSCDTRT,HLA-C*07:01,99.28660326086957,30331.18129627099,0.0003963905546697788
PISSCDTRTM,HLA-C*07:01,99.28660326086957,26135.8065374496,0.004517163113632705
ISSCDTRTMA,HLA-C*07:01,62.74467391304348,27847.261975977748,0.04798858363938052
SSCDTRTMAN,HLA-C*07:01,99.28660326086957,25809.899079450424,0.00176592684147181
SCDTRTMANC,HLA-C*07:01,99.28660326086957,27067.998231076905,0.0010551343139013625
CDTRTMANCE,HLA-C*07:01,99.28660326086957,28763.87070214149,0.0004617612394213211
DTRTMANCER,HLA-C*07:01,62.74467391304348,24321.897194697434,0.025342724577058107
TRTMANCERT,HLA-C*07:01,62.74467391304348,24899.810902753674,0.0005038683211751049
RTMANCERTF,HLA-C*07:01,1.6274184782607648,1386.6709374726504,0.4354678560048342
RLCGTDEKIA,HLA-C*07:01,62.74467391304348,28042.535532267993,0.04352426034165546
LCGTDEKIAN,HLA-C*07:01,99.28660326086957,27370.087368208788,0.00021767058024124708
CGTDEKIANV,HLA-C*07:01,62.74467391304348,21739.63714547558,0.009610217923182063
GTDEKIANVT,HLA-C*07:01,46.224673913043475,24057.779279157145,0.07976527267601341
TDEKIANVTE,HLA-C*07:01,62.74467391304348,23741.580562716284,0.013715118599066045
DEKIANVTED,HLA-C*07:01,99.28660326086957,28168.237020414777,0.018839739088434726
EKIANVTEDA,HLA-C*07:01,99.28660326086957,28829.902116358593,0.02127271829522215
KIANVTEDAK,HLA-C*07:01,27.61739130434782,13605.266407355164,0.05798794300062582
IANVTEDAKR,HLA-C*07:01,46.224673913043475,20073.734054652825,0.015004037457401864
GCKAYWKVCF,HLA-C*07:01,62.74467391304348,25648.918156043193,0.01365330137195997
CKAYWKVCFH,HLA-C*07:01,62.74467391304348,28987.43641845487,0.0805507629411295
KAYWKVCFHY,HLA-C*07:01,4.887418478260841,5318.117639779337,0.3179935053922236
AYWKVCFHYN,HLA-C*07:01,99.28660326086957,28635.752067102694,0.022703536582412198
YWKVCFHYNL,HLA-C*07:01,62.74467391304348,25237.07949897046,0.0056776412020553835
WKVCFHYNLH,HLA-C*07:01,99.28660326086957,29278.365640317123,0.009386908583110198
KVCFHYNLHK,HLA-C*07:01,62.74467391304348,22011.064195098043,0.005412590864580125
VCFHYNLHKA,HLA-C*07:01,99.28660326086957,29765.056904749348,0.01856572352699004
CFHYNLHKAQ,HLA-C*07:01,99.28660326086957,30634.144377754743,0.00489898786690901
FHYNLHKAQP,HLA-C*07:01,62.74467391304348,26479.42216252939,0.025986398628447205
NECGKSFGRSC,HLA-C*07:01,46.224673913043475,19979.58510817353,0.03188979846891016
ECGKSFGRSCH,HLA-C*07:01,99.28660326086957,27598.69246864838,0.0037746335055999225
CGKSFGRSCHL,HLA-C*07:01,37.35904891304347,14754.562470751644,0.003913338950951584
GKSFGRSCHLI,HLA-C*07:01,31.643179347826077,27332.08026356851,0.20537597069051117
KSFGRSCHLIQ,HLA-C*07:01,62.74467391304348,26641.8398969405,0.0760780552518554
SFGRSCHLIQH,HLA-C*07:01,62.74467391304348,25729.690441988514,0.031009283098683227
FGRSCHLIQHQ,HLA-C*07:01,99.28660326086957,29146.59373454768,0.0033047299984900746
GRSCHLIQHQT,HLA-C*07:01,46.224673913043475,18852.68280480988,0.03579959267517552
RSCHLIQHQTI,HLA-C*07:01,9.849456521739114,20168.474363484693,0.4576273448765278
SCHLIQHQTIH,HLA-C*07:01,99.28660326086957,29010.558634080528,0.0025341560894958093
CHLIQHQTIHT,HLA-C*07:01,99.28660326086957,29082.890849514064,0.015986910220817663
AGSSQKAREER,HLA-C*07:01,46.224673913043475,19339.409776943536,0.0007083491182129364
GSSQKAREERA,HLA-C*07:01,99.28660326086957,29348.995178979312,0.0006086394041631138
SSQKAREERAL,HLA-C*07:01,37.35904891304347,16345.32664127858,0.008760127981076948
SQKAREERALL,HLA-C*07:01,17.305597826086952,12418.62876262185,0.15721336659044027
QKAREERALLP,HLA-C*07:01,62.74467391304348,29883.65802661166,0.07760955789126456
KAREERALLPL,HLA-C*07:01,12.805461956521725,5321.122736097559,0.013642243895446882
AREERALLPLE,HLA-C*07:01,46.224673913043475,19026.49475687702,0.026272594928741455
REERALLPLEL,HLA-C*07:01,22.19230978260869,18032.44062517351,0.17653089482337236
EERALLPLELQ,HLA-C*07:01,99.28660326086957,28024.62026694809,0.017995925969444215
ERALLPLELQD,HLA-C*07:01,62.74467391304348,25786.169697928828,0.017852301331004128
RALLPLELQDD,HLA-C*07:01,99.28660326086957,29918.03368466065,0.022586548642721027
RSGSSFSRRAA,HLA-C*07:01,37.35904891304347,28065.957434719185,0.15245011541992426
SGSSFSRRAAP,HLA-C*07:01,99.28660326086957,27723.980110338685,0.010986726471855945
GSSFSRRAAPV,HLA-C*07:01,99.28660326086957,28851.86027680113,0.0034643970648176037
SSFSRRAAPVA,HLA-C*07:01,31.643179347826077,27557.988643457298,0.19197551114484668
SFSRRAAPVAT,HLA-C*07:01,99.28660326086957,29294.80575302257,0.005648398197081406
FSRRAAPVATP,HLA-C*07:01,62.74467391304348,27806.485867135445,0.033361752139171585
SRRAAPVATPA,HLA-C*07:01,10.231983695652161,5243.540581258467,0.08137142017949373
RRAAPVATPAL,HLA-C*07:01,0.4310869565217246,59.019522361583924,0.14226746279746294
RAAPVATPALL,HLA-C*07:01,1.2366576086955376,438.7893243876563,0.258177749812603
AAPVATPALLT,HLA-C*07:01,62.74467391304348,26744.969331857323,0.045355653506703675
APVATPALLTS,HLA-C*07:01,37.35904891304347,27404.02034460774,0.15523277781903744
PVATPALLTSH,HLA-C*07:01,46.224673913043475,28233.390524459366,0.12033224618062377
VATPALLTSHR,HLA-C*07:01,16.15755434782608,25753.253665489294,0.37565894424915314
ATPALLTSHRS,HLA-C*07:01,99.28660326086957,30738.445049773367,0.039982459507882595
TPALLTSHRSL,HLA-C*07:01,46.224673913043475,23526.308983121056,0.08578518533613533
PALLTSHRSLG,HLA-C*07:01,99.28660326086957,31492.232967852546,0.002418353804387152
ALLTSHRSLGN,HLA-C*07:01,99.28660326086957,30407.751672526032,0.004230668768286705
LLTSHRSLGNT,HLA-C*07:01,99.28660326086957,31636.082539782215,0.0011016681055480149
LTSHRSLGNTR,HLA-C*07:01,62.74467391304348,24318.477819329273,0.0469402541857562
TSHRSLGNTRH,HLA-C*07:01,99.28660326086957,26953.159379742847,0.006143674425402423
SHRSLGNTRHK,HLA-C*07:01,37.35904891304347,16885.92662524837,0.02007297391537577
GAVGATAVYPT,HLA-C*07:01,99.28660326086957,28704.10296152672,0.024073773296549916
AVGATAVYPTD,HLA-C*07:01,99.28660326086957,29682.72940471175,0.002567948378782603
VGATAVYPTDL,HLA-C*07:01,62.74467391304348,22863.180347672544,0.005193680306547321
GATAVYPTDLV,HLA-C*07:01,99.28660326086957,29149.136243886744,0.009790389362024143
ATAVYPTDLVK,HLA-C*07:01,7.778097826086963,18367.478198000492,0.5024365447461605
TAVYPTDLVKT,HLA-C*07:01,11.115788043478247,29072.372964532344,0.521487683057785
AVYPTDLVKTR,HLA-C*07:01,1.9404076086955655,12206.766086484817,0.9408041015267372
VYPTDLVKTRM,HLA-C*07:01,6.63130434782606,15263.207148551286,0.5066023794934154
YPTDLVKTRMQ,HLA-C*07:01,37.35904891304347,29399.67923814231,0.16868024785071611
PTDLVKTRMQN,HLA-C*07:01,99.28660326086957,30040.693126036273,0.0056339168004342355
TDLVKTRMQNQ,HLA-C*07:01,99.28660326086957,29677.8800078355,0.025784009194467217
LSKELYALGVV,HLA-C*07:01,99.28660326086957,29003.038638867765,0.006318885658401996
SKELYALGVVD,HLA-C*07:01,99.28660326086957,29204.08747082287,0.007424209077726118
KELYALGVVDG,HLA-C*07:01,62.74467391304348,29510.295140733077,0.04946010559797287
ELYALGVVDGL,HLA-C*07:01,46.224673913043475,25454.09849328044,0.08160499384393916
LYALGVVDGLH,HLA-C*07:01,99.28660326086957,26282.653245801666,0.011585938336793333
YALGVVDGLHT,HLA-C*07:01,62.74467391304348,28001.71445668063,0.05666767596267164
ALGVVDGLHTV,HLA-C*07:01,14.277038043478257,22312.59277297545,0.3772844113409519
LGVVDGLHTVH,HLA-C*07:01,62.74467391304348,24043.78680890646,0.03613096787012182
GVVDGLHTVHG,HLA-C*07:01,46.224673913043475,28876.23271451843,0.1231931748916395
VVDGLHTVHGT,HLA-C*07:01,62.74467391304348,27037.668381379663,0.02773916114529129
VDGLHTVHGTY,HLA-C*07:01,31.643179347826077,20117.10535357926,0.1027756875846535
KNKNSSKPQKK,HLA-C*07:01,37.35904891304347,15049.773920749301,0.0023827013501431793
NKNSSKPQKKN,HLA-C*07:01,99.28660326086957,27759.79810119872,0.0007729835651844041
KNSSKPQKKNG,HLA-C*07:01,99.28660326086957,29241.349178656754,0.0004033083923786762
NSSKPQKKNGS,HLA-C*07:01,99.28660326086957,28973.410588684837,0.0013181067997720675
SSKPQKKNGST,HLA-C*07:01,99.28660326086957,26759.047355137023,0.000595023429923458
SKPQKKNGSTW,HLA-C*07:01,12.187228260869546,9835.455838072523,0.20223800069652498
KPQKKNGSTWA,HLA-C*07:01,99.28660326086957,29570.78454099376,0.022716014042089228
PQKKNGSTWAN,HLA-C*07:01,99.28660326086957,27956.078992884148,0.0018635389096743893
QKKNGSTWANV,HLA-C*07:01,99.28660326086957,28128.060590334186,0.012886691663879901
KKNGSTWANVP,HLA-C*07:01,62.74467391304348,27807.718988607212,0.060369450991856866
KNGSTWANVPL,HLA-C*07:01,46.224673913043475,19683.967169382635,0.0012214880043757148
SRVNKLKREMG,HLA-C*07:01,46.224673913043475,19459.39807307978,0.012238740160682937
RVNKLKREMGH,HLA-C*07:01,62.74467391304348,26655.932075117682,0.03301989519968629
VNKLKREMGHL,HLA-C*07:01,99.28660326086957,25837.09401418134,0.004380719052278437
NKLKREMGHLQ,HLA-C*07:01,62.74467391304348,27740.86624090648,0.07310035833506845
KLKREMGHLQH,HLA-C*07:01,46.224673913043475,26129.677750808023,0.08781285537406802
LKREMGHLQHE,HLA-C*07:01,99.28660326086957,28533.877820530895,0.011683477980113821
KREMGHLQHEL,HLA-C*07:01,1.3950543478260045,277.977185306542,0.07186628691852093
REMGHLQHELQ,HLA-C*07:01,46.224673913043475,21015.09212712153,0.05630512582138181
EMGHLQHELQF,HLA-C*07:01,46.224673913043475,20671.505943494303,0.0591824883595109
MGHLQHELQFK,HLA-C*07:01,46.224673913043475,24834.276418052064,0.08635551563929766
GHLQHELQFKE,HLA-C*07:01,62.74467391304348,24288.035300175932,0.020888319879304618
KSAAKAVKPKV,HLA-C*07:01,62.74467391304348,25476.482352258467,0.01864720368757844
SAAKAVKPKVV,HLA-C*07:01,24.57923913043477,23023.45332339228,0.21447248198091984
AAKAVKPKVVK,HLA-C*07:01,20.2322554347826,16972.870899150937,0.199575106613338
AKAVKPKVVKP,HLA-C*07:01,6.047907608695624,26742.740973723845,0.6863517202436924
KAVKPKVVKPK,HLA-C*07:01,18.61798913043478,18652.157170996445,0.2470601238310337
AVKPKVVKPKK,HLA-C*07:01,18.61798913043478,22117.917978076443,0.2826066352427006
VKPKVVKPKKA,HLA-C*07:01,24.57923913043477,27533.399180827804,0.2673903335817158
PAVTLSPNGKS,HLA-C*07:01,99.28660326086957,30078.417773742396,0.000626135666607297
AVTLSPNGKSL,HLA-C*07:01,37.35904891304347,16855.679046819398,0.01761763170361519
VTLSPNGKSLA,HLA-C*07:01,62.74467391304348,26496.899007303447,0.05202793923672289
TLSPNGKSLAC,HLA-C*07:01,37.35904891304347,14633.32947313741,0.005009584900108166
LSPNGKSLACQ,HLA-C*07:01,62.74467391304348,24715.347424666124,0.017974070069612935
SPNGKSLACQS,HLA-C*07:01,62.74467391304348,26578.583760870286,0.023746145074255764
PNGKSLACQSM,HLA-C*07:01,99.28660326086957,25940.141421620043,0.003669496396469185
NGKSLACQSMD,HLA-C*07:01,99.28660326086957,28347.039387795718,0.0006752727040293394
GKSLACQSMDN,HLA-C*07:01,99.28660326086957,28525.38724877274,0.012689301667705877
KSLACQSMDNQ,HLA-C*07:01,99.28660326086957,29963.03903365438,0.005611242188024335
SLACQSMDNQI,HLA-C*07:01,99.28660326086957,27779.41211801698,0.011761824287532363
SCGPHDLLWAH,HLA-C*07:01,62.74467391304348,22788.95064172434,0.028825398156186566
CGPHDLLWAHS,HLA-C*07:01,99.28660326086957,28956.482177221413,0.005796288518467918
GPHDLLWAHSG,HLA-C*07:01,46.224673913043475,29228.882213346995,0.1329653228749521
PHDLLWAHSGR,HLA-C*07:01,62.74467391304348,25294.881015627263,0.06483757533715107
HDLLWAHSGRD,HLA-C*07:01,99.28660326086957,29261.94607650271,0.002443472701997962
DLLWAHSGRDR,HLA-C*07:01,46.224673913043475,27241.914701778427,0.12010333396028727
LLWAHSGRDRP,HLA-C*07:01,99.28660326086957,31912.261372696626,0.013225600268924609
LWAHSGRDRPW,HLA-C*07:01,62.74467391304348,25839.718815568584,0.018808259308570996
WAHSGRDRPWS,HLA-C*07:01,99.28660326086957,30958.692750195863,0.00373369621229358
AHSGRDRPWSG,HLA-C*07:01,62.74467391304348,23814.33100383849,0.015245328337186947
HSGRDRPWSGK,HLA-C*07:01,37.35904891304347,16692.417989010817,0.03961703088134527
SGRDRPWSGKE,HLA-C*07:01,62.74467391304348,25693.857999258595,0.0084062157839071
GRDRPWSGKES,HLA-C*07:01,27.61739130434782,11483.849174709705,0.007758681655104738
RDRPWSGKEST,HLA-C*07:01,62.74467391304348,26192.663423946873,0.04003157546685543
DRPWSGKESTG,HLA-C*07:01,62.74467391304348,23873.34119262618,0.016917864813876804
RPWSGKESTGA,HLA-C*07:01,27.61739130434782,22410.991908465698,0.17547197919338942
PWSGKESTGAI,HLA-C*07:01,99.28660326086957,26682.705339485692,0.0005544485629798146
WSGKESTGAIP,HLA-C*07:01,99.28660326086957,28788.756423183302,0.004200707608106313
SGKESTGAIPK,HLA-C*07:01,4.968641304347784,2342.615351146206,0.08576490025734529
GKESTGAIPKE,HLA-C*07:01,37.35904891304347,25373.318254088237,0.13022133905542432
KESTGAIPKEV,HLA-C*07:01,46.224673913043475,20328.51742082923,0.05413936701370403
ESTGAIPKEVP,HLA-C*07:01,62.74467391304348,27339.81628710876,0.08116799290291965
STGAIPKEVPG,HLA-C*07:01,62.74467391304348,24060.5012629004,0.011878652032464743
TGAIPKEVPGP,HLA-C*07:01,46.224673913043475,21784.60746265195,0.0261554608005099
GAIPKEVPGPS,HLA-C*07:01,62.74467391304348,21903.6930349169,0.006582363224879373
AIPKEVPGPSW,HLA-C*07:01,5.44942934782604,11823.468145089108,0.4978401241824031
IPKEVPGPSWS,HLA-C*07:01,62.74467391304348,26794.41713164799,0.03207439978723414
PKEVPGPSWSL,HLA-C*07:01,62.74467391304348,23678.944610862938,0.03834380494663492
KEVPGPSWSLL,HLA-C*07:01,22.19230978260869,11228.750928036374,0.05797154130414128
EVPGPSWSLLD,HLA-C*07:01,99.28660326086957,27964.74107697422,0.015126193669857457
VPGPSWSLLDL,HLA-C*07:01,46.224673913043475,19171.39637940872,0.021214990119915456
PGPSWSLLDLK,HLA-C*07:01,99.28660326086957,26893.935998768626,0.003872179593599867
GPSWSLLDLKT,HLA-C*07:01,99.28660326086957,30422.97805016981,0.013019066595006734
PSWSLLDLKTG,HLA-C*07:01,99.28660326086957,30692.590111562407,0.005711463723855559
SWSLLDLKTGS,HLA-C*07:01,99.28660326086957,30328.257578683886,0.0009776445076568052
WSLLDLKTGSC,HLA-C*07:01,99.28660326086957,28847.84241261079,0.002746913613009383
SLLDLKTGSCT,HLA-C*07:01,62.74467391304348,29028.342004965194,0.0916860206052661
LLDLKTGSCTS,HLA-C*07:01,99.28660326086957,28424.660073291023,0.005473891826113686
LDLKTGSCTSR,HLA-C*07:01,37.35904891304347,23940.92514587417,0.1451475905487314
DLKTGSCTSRW,HLA-C*07:01,5.346684782608634,25092.40461726069,0.7145425640046597
LKTGSCTSRWE,HLA-C*07:01,99.28660326086957,30347.100304568856,0.005085781929665245
KTGSCTSRWES,HLA-C*07:01,99.28660326086957,29760.205453289847,0.0164444793954317
TGSCTSRWESA,HLA-C*07:01,99.28660326086957,27755.36735121885,0.007341763435761095
GSCTSRWESAW,HLA-C*07:01,37.35904891304347,21249.549221833026,0.09497792791808024
SCTSRWESAWS,HLA-C*07:01,99.28660326086957,30881.6597425413,0.000568116764043225
CTSRWESAWSG,HLA-C*07:01,99.28660326086957,28986.812387411017,0.02298026547941845
TSRWESAWSGL,HLA-C*07:01,62.74467391304348,21353.66309605285,0.011013089620973915
SRWESAWSGLS,HLA-C*07:01,8.269211956521715,3801.6811277584297,0.0579223035601899
RWESAWSGLSP,HLA-C*07:01,31.643179347826077,28491.839069624486,0.2047631855821237
WESAWSGLSPR,HLA-C*07:01,37.35904891304347,20532.35167472483,0.0962983735371381
ESAWSGLSPRT,HLA-C*07:01,99.28660326086957,29527.293340551216,0.03869031899375841
SAWSGLSPRTG,HLA-C*07:01,27.61739130434782,23469.37828554331,0.2106985584832728
AWSGLSPRTGR,HLA-C*07:01,46.224673913043475,21124.891046021836,0.06691216444596648
WSGLSPRTGRC,HLA-C*07:01,99.28660326086957,27820.842532214865,0.0010392496769782156
SGLSPRTGRCG,HLA-C*07:01,62.74467391304348,23031.139391238685,0.004773254171595909
GLSPRTGRCGS,HLA-C*07:01,99.28660326086957,28693.12644755285,0.004287568444851786
LSPRTGRCGSE,HLA-C*07:01,99.28660326086957,25821.30688336247,0.0008933891185733955
SPRTGRCGSEE,HLA-C*07:01,62.74467391304348,24909.598138110723,0.022018608811777085
PRTGRCGSEEA,HLA-C*07:01,99.28660326086957,26793.78912039397,0.0011408512546040583
RTGRCGSEEAS,HLA-C*07:01,99.28660326086957,27388.96766137477,0.000816417425085092
TGRCGSEEAST,HLA-C*07:01,62.74467391304348,24721.6343264371,0.0003457773018453736
GRCGSEEASTL,HLA-C*07:01,0.6635326086955757,69.75626860633756,0.029446586617268622
RCGSEEASTLT,HLA-C*07:01,99.28660326086957,29102.56907603561,0.0001977923784579616
CGSEEASTLTI,HLA-C*07:01,37.35904891304347,14849.349744904588,0.00463046740333084
GSEEASTLTIP,HLA-C*07:01,22.19230978260869,28809.399377143047,0.3120196620002389
SEEASTLTIPA,HLA-C*07:01,46.224673913043475,26315.02632800756,0.11763507244177163
EEASTLTIPAA,HLA-C*07:01,14.277038043478257,27941.02084006719,0.43792240973562
EASTLTIPAAP,HLA-C*07:01,62.74467391304348,28802.411683673905,0.057519712252542377
ASTLTIPAAPV,HLA-C*07:01,99.28660326086957,27572.899939801962,0.00993699392711278
STLTIPAAPVG,HLA-C*07:01,99.28660326086957,28639.951758972486,0.03246725635835901
TLTIPAAPVGL,HLA-C*07:01,37.35904891304347,17506.72121912818,0.03431011876091361
LTIPAAPVGLR,HLA-C*07:01,5.913749999999965,16364.538016760107,0.5642124470323324
TIPAAPVGLRW,HLA-C*07:01,6.479157608695644,16786.759585072934,0.5388049520552158
IPAAPVGLRWL,HLA-C*07:01,22.19230978260869,20848.03114850289,0.21771233016625047
PAAPVGLRWLV,HLA-C*07:01,62.74467391304348,28320.614265181037,0.04933510918635875
AAPVGLRWLVR,HLA-C*07:01,15.160951086956516,26073.55157399816,0.399857378564775
LISVIRTLSTI,HLA-C*07:01,99.28660326086957,29364.423433948403,0.036128486157394946
ISVIRTLSTID,HLA-C*07:01,99.28660326086957,30393.81726013123,0.008081576699623838
SVIRTLSTIDD,HLA-C*07:01,99.28660326086957,30504.53602672613,0.04414614080451429
VIRTLSTIDDV,HLA-C*07:01,99.28660326086957,30163.587975903825,0.008218926814151928
IRTLSTIDDVE,HLA-C*07:01,62.74467391304348,22654.862869036744,0.007885866951255593
RTLSTIDDVED,HLA-C*07:01,62.74467391304348,26632.402018076074,0.02002058527432382
TLSTIDDVEDR,HLA-C*07:01,9.15535326086956,3576.3577633126883,0.009686271572718397
LSTIDDVEDRE,HLA-C*07:01,99.28660326086957,26102.540040831333,0.0007463667934644036
STIDDVEDREN,HLA-C*07:01,31.643179347826077,12869.83505956134,0.006809540660469793
TIDDVEDRENE,HLA-C*07:01,18.61798913043478,7755.803679825152,0.012134812313888688
IDDVEDRENEK,HLA-C*07:01,8.839293478260856,3416.5734944955484,0.0013891550461266888
PGEKIILNFTT,HLA-C*07:01,99.28660326086957,30963.455771542824,0.008901543274987489
GEKIILNFTTL,HLA-C*07:01,10.655842391304333,22267.15153672421,0.4596812315285206
EKIILNFTTLD,HLA-C*07:01,99.28660326086957,31117.77873079944,0.01292968670168193
KIILNFTTLDL,HLA-C*07:01,62.74467391304348,27193.007494947607,0.02728339930763468
IILNFTTLDLY,HLA-C*07:01,62.74467391304348,26132.011649974535,0.04529287462355569
ILNFTTLDLYR,HLA-C*07:01,46.224673913043475,28162.62259818223,0.1286038898397237
LNFTTLDLYRS,HLA-C*07:01,99.28660326086957,31090.907314475135,0.013748213132203091
NFTTLDLYRSR,HLA-C*07:01,31.643179347826077,27850.702225532375,0.2108351404312998
FTTLDLYRSRL,HLA-C*07:01,99.28660326086957,28885.184678223635,0.024455157821648754
TTLDLYRSRLC,HLA-C*07:01,99.28660326086957,28307.864144386658,0.01390477066161111
TLDLYRSRLCW,HLA-C*07:01,46.224673913043475,25080.98897078399,0.11341619153972715
VKQNEELDRQK,HLA-C*07:01,27.61739130434782,13116.565688097597,0.046854653730406426
KQNEELDRQKR,HLA-C*07:01,5.913749999999965,3099.228158724238,0.10201002057874575
QNEELDRQKRI,HLA-C*07:01,62.74467391304348,25248.81481298204,0.009490138705587015
NEELDRQKRIG,HLA-C*07:01,99.28660326086957,26492.959747867342,0.01050247462990228
EELDRQKRIGN,HLA-C*07:01,62.74467391304348,24891.75665319951,0.010777095580124296
ELDRQKRIGNT,HLA-C*07:01,99.28660326086957,30477.724279838232,0.00928119829040952
LDRQKRIGNTR,HLA-C*07:01,62.74467391304348,24407.847022621067,0.03533935559971724
DRQKRIGNTRK,HLA-C*07:01,16.15755434782608,9860.278068431662,0.11622257670387626
RQKRIGNTRKM,HLA-C*07:01,1.7838858695651538,547.2747799656582,0.13165014307014644
QKRIGNTRKMI,HLA-C*07:01,62.74467391304348,28847.834505812294,0.040381169761531055
KRIGNTRKMIE,HLA-C*07:01,8.01565217391304,3173.4131179574447,0.014694360725115985
TDSCDQRQLSE,HLA-C*07:01,62.74467391304348,22564.764753457424,0.0006644086115557002
DSCDQRQLSEC,HLA-C*07:01,62.74467391304348,23484.65783530535,0.005098704845295288
SCDQRQLSECD,HLA-C*07:01,62.74467391304348,23428.263160679533,0.0007290392259164946
CDQRQLSECDE,HLA-C*07:01,99.28660326086957,25480.15246554817,0.0003409900973565527
DQRQLSECDEP,HLA-C*07:01,62.74467391304348,27652.807952383577,0.06881125259678811
QRQLSECDEPQ,HLA-C*07:01,62.74467391304348,22894.55003434114,0.0005450366243167082
RQLSECDEPQP,HLA-C*07:01,62.74467391304348,24195.23251040567,0.04394212004262954
QLSECDEPQPH,HLA-C*07:01,46.224673913043475,17603.990137406105,0.0013113568256812869
LSECDEPQPHH,HLA-C*07:01,99.28660326086957,27416.869490923607,0.01021501506329514
SECDEPQPHHS,HLA-C*07:01,62.74467391304348,22814.63058135555,0.007257789075083565
ECDEPQPHHST,HLA-C*07:01,62.74467391304348,23473.459958815794,0.004563487142149825
EDEEDEEEEED,HLA-C*07:01,31.643179347826077,12322.181904124562,8.970540648078895e-05
DEEDEEEEEDF,HLA-C*07:01,18.61798913043478,7444.594641794023,0.00023512941061198944
EEDEEEEEDFK,HLA-C*07:01,5.671874999999957,2040.522785861776,0.000634937071481545
EDEEEEEDFKP,HLA-C*07:01,62.74467391304348,22003.13223022869,0.012539498915430158
DEEEEEDFKPS,HLA-C*07:01,62.74467391304348,21597.471008713444,0.0008227330035879277
SSDSVSSINSV,HLA-C*07:01,18.61798913043478,13662.78634197809,0.14664801536127925
SDSVSSINSVT,HLA-C*07:01,99.28660326086957,27588.671648107356,0.002040015664533712
DSVSSINSVTS,HLA-C*07:01,99.28660326086957,27521.848423866402,0.02175846108002588
SVSSINSVTSH,HLA-C*07:01,12.805461956521725,14310.343685219796,0.28904672618955374
VSSINSVTSHS,HLA-C*07:01,99.28660326086957,28504.77522873627,0.0011397433590900619
SSINSVTSHSS,HLA-C*07:01,99.28660326086957,27353.214257168667,0.004166489190538414
SINSVTSHSSV,HLA-C*07:01,62.74467391304348,25005.975270561616,0.029605241550598294
INSVTSHSSVG,HLA-C*07:01,99.28660326086957,28151.78063955164,0.0009230423856934067
NSVTSHSSVGS,HLA-C*07:01,99.28660326086957,27233.24786445476,0.0014100723310548346
SVTSHSSVGSN,HLA-C*07:01,62.74467391304348,24296.11650290646,0.005890407366678119
VTSHSSVGSNI,HLA-C*07:01,37.35904891304347,17947.544829070226,0.028488061390817165
LKHGKRFHATI,HLA-C*07:01,62.74467391304348,27754.08688187287,0.07628100150031969
KHGKRFHATIS,HLA-C*07:01,99.28660326086957,29871.91173659216,0.004227535129757598
HGKRFHATISF,HLA-C*07:01,14.277038043478257,7473.487810999508,0.06803555507212877
GKRFHATISFD,HLA-C*07:01,99.28660326086957,31647.27957033736,0.027714971995010274
KRFHATISFDT,HLA-C*07:01,24.57923913043477,11716.992402288619,0.0272782338433899
RFHATISFDTD,HLA-C*07:01,99.28660326086957,30698.70704504181,0.02168875650386326
FHATISFDTDT,HLA-C*07:01,99.28660326086957,29132.583894881995,0.003933529493224341
HATISFDTDTG,HLA-C*07:01,99.28660326086957,27673.92491070214,0.010650619260559324
ATISFDTDTGL,HLA-C*07:01,9.849456521739114,9697.161375613958,0.2521062735468149
TISFDTDTGLK,HLA-C*07:01,18.61798913043478,8868.605309291512,0.0397772577998694
ISFDTDTGLKQ,HLA-C*07:01,27.61739130434782,15940.233017729726,0.0797048641834408
EGPPISSCDTR,HLA-C*07:01,20.2322554347826,10150.630940855355,0.05375519272638485
GPPISSCDTRT,HLA-C*07:01,99.28660326086957,29083.071374834606,0.0007932989792607259
PPISSCDTRTM,HLA-C*07:01,62.74467391304348,23510.071851677632,0.008898738684365526
PISSCDTRTMA,HLA-C*07:01,99.28660326086957,30832.261030687263,0.018064362957375124
ISSCDTRTMAN,HLA-C*07:01,99.28660326086957,27783.12461821188,0.0018871026477427222
SSCDTRTMANC,HLA-C*07:01,62.74467391304348,24752.523839414796,0.0070767084616818465
SCDTRTMANCE,HLA-C*07:01,99.28660326086957,26594.496977586605,0.0008291473495773971
CDTRTMANCER,HLA-C*07:01,99.28660326086957,26645.585848474984,0.004106745862372918
DTRTMANCERT,HLA-C*07:01,99.28660326086957,30582.415155423285,0.014219579170458019
TRTMANCERTF,HLA-C*07:01,1.4288858695651214,261.41636155185216,0.042819976806640625
RTMANCERTFI,HLA-C*07:01,22.19230978260869,16309.454530588055,0.1689692265354097
FRLCGTDEKIA,HLA-C*07:01,22.19230978260869,9879.514129496169,0.010186567738855956
RLCGTDEKIAN,HLA-C*07:01,62.74467391304348,23636.201041439905,0.018515445641241968
LCGTDEKIANV,HLA-C*07:01,99.28660326086957,26131.81973975425,0.006665710025117733
CGTDEKIANVT,HLA-C*07:01,99.28660326086957,26092.318792444294,0.002312894863280235
GTDEKIANVTE,HLA-C*07:01,31.643179347826077,18622.050641977236,0.08218385756481439
TDEKIANVTED,HLA-C*07:01,62.74467391304348,23305.44254105978,0.003715915940119885
DEKIANVTEDA,HLA-C*07:01,62.74467391304348,27161.888342021255,0.05900263832882047
EKIANVTEDAK,HLA-C*07:01,37.35904891304347,16482.770843549686,0.03136201063171029
KIANVTEDAKR,HLA-C*07:01,18.61798913043478,13294.007380877536,0.14869508042465895
IANVTEDAKRL,HLA-C*07:01,31.643179347826077,14809.625269759339,0.03146668092813343
DGCKAYWKVCF,HLA-C*07:01,46.224673913043475,26069.3242930519,0.115557215816807
GCKAYWKVCFH,HLA-C*07:01,99.28660326086957,31247.775845389988,0.014702809690788854
CKAYWKVCFHY,HLA-C*07:01,46.224673913043475,28216.04684584031,0.1033380109583959
KAYWKVCFHYN,HLA-C*07:01,99.28660326086957,30729.464829040247,0.04462758108275011
AYWKVCFHYNL,HLA-C*07:01,62.74467391304348,24637.94672268304,0.03288546728435904
YWKVCFHYNLH,HLA-C*07:01,99.28660326086957,30816.118328401048,0.0070203723007580265
WKVCFHYNLHK,HLA-C*07:01,99.28660326086957,30236.961739143455,0.017238102067494765
KVCFHYNLHKA,HLA-C*07:01,62.74467391304348,31167.50449193426,0.10624248336534947
VCFHYNLHKAQ,HLA-C*07:01,99.28660326086957,31769.02639632633,0.0018724030633165967
CFHYNLHKAQP,HLA-C*07:01,99.28660326086957,31964.591579541557,0.019077382210525684
FHYNLHKAQPA,HLA-C*07:01,46.224673913043475,23491.784385859235,0.09010148607194424
CNECGKSFGRSC,HLA-C*07:01,62.74467391304348,24243.20528483082,0.001496352178946836
NECGKSFGRSCH,HLA-C*07:01,31.643179347826077,17745.04185189672,0.09631360066123307
ECGKSFGRSCHL,HLA-C*07:01,99.28660326086957,26995.512960971624,0.007625317906786222
CGKSFGRSCHLI,HLA-C*07:01,62.74467391304348,25497.054356226206,0.009180296990962233
GKSFGRSCHLIQ,HLA-C*07:01,46.224673913043475,28558.003515008466,0.12380675616441295
KSFGRSCHLIQH,HLA-C*07:01,18.61798913043478,25450.59452150792,0.33556899800896645
SFGRSCHLIQHQ,HLA-C*07:01,99.28660326086957,30666.277450901714,0.0037836954434169456
FGRSCHLIQHQT,HLA-C*07:01,99.28660326086957,31185.97753052598,0.009698274901893456
GRSCHLIQHQTI,HLA-C*07:01,11.115788043478247,14956.8161621741,0.33353137224912643
RSCHLIQHQTIH,HLA-C*07:01,62.74467391304348,29173.470768594794,0.0461777041782625
SCHLIQHQTIHT,HLA-C*07:01,99.28660326086957,31483.36906387013,0.002095693733281223
CHLIQHQTIHTG,HLA-C*07:01,62.74467391304348,29818.841915282235,0.08447116200113669
PAGSSQKAREER,HLA-C*07:01,62.74467391304348,24585.220475169543,0.0005613360481220298
AGSSQKAREERA,HLA-C*07:01,99.28660326086957,27689.83844671489,0.0007626033693668433
GSSQKAREERAL,HLA-C*07:01,62.74467391304348,24672.676940709312,0.005238837446086109
SSQKAREERALL,HLA-C*07:01,62.74467391304348,24967.90191443704,0.03360966534819454
SQKAREERALLP,HLA-C*07:01,31.643179347826077,27917.605302396525,0.19515915028750896
QKAREERALLPL,HLA-C*07:01,99.28660326086957,28844.165403766703,0.020820337143959478
KAREERALLPLE,HLA-C*07:01,99.28660326086957,29399.877727557567,0.029834271408617496
AREERALLPLEL,HLA-C*07:01,7.348016304347794,5292.067128577633,0.18602999113500118
REERALLPLELQ,HLA-C*07:01,62.74467391304348,27598.20412261123,0.031915094528812915
EERALLPLELQD,HLA-C*07:01,99.28660326086957,28660.52266908166,0.010104043351020664
ERALLPLELQDD,HLA-C*07:01,99.28660326086957,28114.77206902855,0.023669533198699355
RALLPLELQDDG,HLA-C*07:01,99.28660326086957,30394.46827353747,0.02079848467838019
FRSGSSFSRRAA,HLA-C*07:01,11.6303260869565,10366.656394539546,0.2281695338897407
RSGSSFSRRAAP,HLA-C*07:01,99.28660326086957,29032.025875671345,0.039461598280468024
SGSSFSRRAAPV,HLA-C*07:01,99.28660326086957,28141.702940608742,0.0013099361895001493
GSSFSRRAAPVA,HLA-C*07:01,46.224673913043475,30268.854612936713,0.16059336671605706
SSFSRRAAPVAT,HLA-C*07:01,99.28660326086957,28284.985166298495,0.022511828457936645
SFSRRAAPVATP,HLA-C*07:01,99.28660326086957,30618.696797681947,0.024714651692193
FSRRAAPVATPA,HLA-C*07:01,62.74467391304348,28011.11912723444,0.05673531477805227
SRRAAPVATPAL,HLA-C*07:01,1.8581249999999159,569.4597581630625,0.12192279659211636
RRAAPVATPALL,HLA-C*07:01,0.7616304347824752,153.7381761139496,0.19165839906781912
RAAPVATPALLT,HLA-C*07:01,62.74467391304348,27209.29099423785,0.0315604786737822
AAPVATPALLTS,HLA-C*07:01,18.61798913043478,25975.997151638552,0.3233634098432958
APVATPALLTSH,HLA-C*07:01,7.348016304347794,25571.830881394082,0.6145913228392601
PVATPALLTSHR,HLA-C*07:01,46.224673913043475,28694.286700443547,0.1003913459717296
VATPALLTSHRS,HLA-C*07:01,62.74467391304348,30844.10584521014,0.08284636843018234
ATPALLTSHRSL,HLA-C*07:01,27.61739130434782,23969.055264595096,0.19970170804299414
TPALLTSHRSLG,HLA-C*07:01,62.74467391304348,29434.0409370554,0.05589049743139185
PALLTSHRSLGN,HLA-C*07:01,99.28660326086957,30690.052634779768,0.0012844313787354622
ALLTSHRSLGNT,HLA-C*07:01,99.28660326086957,31584.609558002667,0.004180793010164052
LLTSHRSLGNTR,HLA-C*07:01,62.74467391304348,27827.720966143534,0.05450519644364249
LTSHRSLGNTRH,HLA-C*07:01,99.28660326086957,29437.592498451613,0.005517617239092942
TSHRSLGNTRHK,HLA-C*07:01,62.74467391304348,24022.84909102082,0.02296865457901731
AGAVGATAVYPT,HLA-C*07:01,99.28660326086957,27945.600624937808,0.012312433962506475
GAVGATAVYPTD,HLA-C*07:01,99.28660326086957,27734.568775029576,0.027285831805784255
AVGATAVYPTDL,HLA-C*07:01,62.74467391304348,26430.643667236345,0.018483401989215054
VGATAVYPTDLV,HLA-C*07:01,99.28660326086957,27913.148014652288,0.005059796632849611
GATAVYPTDLVK,HLA-C*07:01,22.19230978260869,23477.80125241585,0.2652330375276506
ATAVYPTDLVKT,HLA-C*07:01,16.15755434782608,30273.899903424557,0.41726513765752316
TAVYPTDLVKTR,HLA-C*07:01,3.6391847826086234,20421.839988656382,0.7892489470541477
AVYPTDLVKTRM,HLA-C*07:01,3.2661956521738205,15210.772528842526,0.7504277378320694
VYPTDLVKTRMQ,HLA-C*07:01,31.643179347826077,30058.255868764776,0.21057591878343374
YPTDLVKTRMQN,HLA-C*07:01,62.74467391304348,29128.22872324371,0.07628474856028333
PTDLVKTRMQNQ,HLA-C*07:01,99.28660326086957,30182.76112495447,0.020140849919698667
TDLVKTRMQNQR,HLA-C*07:01,27.61739130434782,26995.610781621966,0.22641034133266658
TLSKELYALGVV,HLA-C*07:01,99.28660326086957,30313.2043335455,0.041369461454451084
LSKELYALGVVD,HLA-C*07:01,99.28660326086957,30090.90918346759,0.005536361990380101
SKELYALGVVDG,HLA-C*07:01,99.28660326086957,29800.12263249746,0.009122970717726275
KELYALGVVDGL,HLA-C*07:01,37.35904891304347,24844.713036414018,0.14929973240941763
ELYALGVVDGLH,HLA-C*07:01,62.74467391304348,27351.920589680314,0.035953645361587405
LYALGVVDGLHT,HLA-C*07:01,99.28660326086957,30620.44846573871,0.01957151514943689
YALGVVDGLHTV,HLA-C*07:01,5.913749999999965,19663.135554806246,0.6146430484950542
ALGVVDGLHTVH,HLA-C*07:01,24.57923913043477,21210.027976863686,0.18475829856470227
LGVVDGLHTVHG,HLA-C*07:01,99.28660326086957,29404.922771080746,0.010228453589661513
GVVDGLHTVHGT,HLA-C*07:01,46.224673913043475,25365.27217402113,0.10013798042200506
VVDGLHTVHGTY,HLA-C*07:01,11.6303260869565,18013.111347624195,0.3714944012463093
VDGLHTVHGTYY,HLA-C*07:01,31.643179347826077,25700.488488621882,0.16884705401025712
KKNKNSSKPQKK,HLA-C*07:01,46.224673913043475,17814.238222065535,0.006700186672787822
KNKNSSKPQKKN,HLA-C*07:01,99.28660326086957,27732.442849250685,0.0004347123567640665
NKNSSKPQKKNG,HLA-C*07:01,99.28660326086957,27555.85381707707,0.0010880847412408912
KNSSKPQKKNGS,HLA-C*07:01,99.28660326086957,28476.013365560488,0.0003315289004603983
NSSKPQKKNGST,HLA-C*07:01,99.28660326086957,26874.88652236257,0.000782354411057895
SSKPQKKNGSTW,HLA-C*07:01,9.849456521739114,5358.318914814916,0.08985885931178927
SKPQKKNGSTWA,HLA-C*07:01,99.28660326086957,28205.117359067204,0.006902190296386834
KPQKKNGSTWAN,HLA-C*07:01,99.28660326086957,27595.476440656028,0.007577748448966304
PQKKNGSTWANV,HLA-C*07:01,99.28660326086957,29453.44876425184,0.02949138145777397
QKKNGSTWANVP,HLA-C*07:01,62.74467391304348,28773.357849912853,0.039436944454791956
KKNGSTWANVPL,HLA-C*07:01,46.224673913043475,18492.893188666334,0.017349617352010682
KNGSTWANVPLP,HLA-C*07:01,99.28660326086957,28195.270246284177,0.013430706836516038
KSRVNKLKREMG,HLA-C*07:01,99.28660326086957,30718.97784830291,0.03569380724002258
SRVNKLKREMGH,HLA-C*07:01,20.2322554347826,9137.105469772929,0.018111133358615916
RVNKLKREMGHL,HLA-C*07:01,99.28660326086957,29245.927908449892,0.03035156463738531
VNKLKREMGHLQ,HLA-C*07:01,99.28660326086957,29057.95080018004,0.007331901011639275
NKLKREMGHLQH,HLA-C*07:01,37.35904891304347,25764.819519019147,0.15310726629104465
KLKREMGHLQHE,HLA-C*07:01,99.28660326086957,30449.3587107052,0.018261474935570732
LKREMGHLQHEL,HLA-C*07:01,27.61739130434782,21901.439541722866,0.1750609609298408
KREMGHLQHELQ,HLA-C*07:01,62.74467391304348,21939.322490294955,0.007461293324013241
REMGHLQHELQF,HLA-C*07:01,5.054048913043445,10240.18452241981,0.4822581000626087
EMGHLQHELQFK,HLA-C*07:01,62.74467391304348,25721.998000241318,0.06992444267962128
MGHLQHELQFKE,HLA-C*07:01,99.28660326086957,30673.94717314349,0.01630050118546933
GHLQHELQFKER,HLA-C*07:01,13.500896739130425,19614.563234183708,0.3554839612916112
AKSAAKAVKPKV,HLA-C*07:01,27.61739130434782,27239.47497766703,0.23918483208399266
KSAAKAVKPKVV,HLA-C*07:01,46.224673913043475,27620.074474085708,0.10221731523051858
SAAKAVKPKVVK,HLA-C*07:01,20.2322554347826,17957.54395967455,0.21374034811742604
AAKAVKPKVVKP,HLA-C*07:01,24.57923913043477,28108.94737090966,0.28419386874884367
AKAVKPKVVKPK,HLA-C*07:01,7.558260869565203,25422.894077408848,0.6039438303560019
KAVKPKVVKPKK,HLA-C*07:01,37.35904891304347,26160.187914246555,0.1507513594115153
AVKPKVVKPKKA,HLA-C*07:01,6.962798913043457,28929.53697329871,0.661881698295474
VKPKVVKPKKAA,HLA-C*07:01,37.35904891304347,27328.042173457776,0.16546854059561156
MPAVTLSPNGKS,HLA-C*07:01,99.28660326086957,27600.21507359681,0.009785798392840661
PAVTLSPNGKSL,HLA-C*07:01,62.74467391304348,22724.242562153722,0.030369863437954336
AVTLSPNGKSLA,HLA-C*07:01,99.28660326086957,28059.448302098557,0.028347767212835606
VTLSPNGKSLAC,HLA-C*07:01,46.224673913043475,20314.788795222852,0.017388331471011043
TLSPNGKSLACQ,HLA-C*07:01,46.224673913043475,20566.729533601854,0.014070586439629551
LSPNGKSLACQS,HLA-C*07:01,99.28660326086957,27944.081267768463,0.0069881879826425575
SPNGKSLACQSM,HLA-C*07:01,12.187228260869546,13967.855949442795,0.2886425070464611
PNGKSLACQSMD,HLA-C*07:01,99.28660326086957,27988.644804128475,0.0005634002700389829
NGKSLACQSMDN,HLA-C*07:01,62.74467391304348,24531.206523442655,0.0011810823507403256
GKSLACQSMDNQ,HLA-C*07:01,99.28660326086957,28447.3645709716,0.02070135421672603
KSLACQSMDNQI,HLA-C*07:01,62.74467391304348,27303.60726360218,0.03769695435767062
SLACQSMDNQIL,HLA-C*07:01,46.224673913043475,22204.062189228447,0.04884335317183286
ISCGPHDLLWAH,HLA-C*07:01,46.224673913043475,24061.899661292508,0.08069012663327157
SCGPHDLLWAHS,HLA-C*07:01,99.28660326086957,28702.48614013343,0.025341948843561113
CGPHDLLWAHSG,HLA-C*07:01,99.28660326086957,28415.7322895245,0.02578473385074176
GPHDLLWAHSGR,HLA-C*07:01,17.305597826086952,22972.762713757093,0.3175233257934451
PHDLLWAHSGRD,HLA-C*07:01,99.28660326086957,29549.47716106442,0.0020782132814929355
HDLLWAHSGRDR,HLA-C*07:01,46.224673913043475,25346.472832025152,0.10879416146781296
DLLWAHSGRDRP,HLA-C*07:01,99.28660326086957,31137.63646515476,0.01444032252766192
LLWAHSGRDRPW,HLA-C*07:01,31.643179347826077,25567.36578401599,0.17956494621466845
LWAHSGRDRPWS,HLA-C*07:01,99.28660326086957,32007.197918643342,0.000816007985122269
WAHSGRDRPWSG,HLA-C*07:01,99.28660326086957,27906.96992867397,0.02397657642723061
AHSGRDRPWSGK,HLA-C*07:01,20.2322554347826,11023.509233056606,0.08632445547846146
HSGRDRPWSGKE,HLA-C*07:01,99.28660326086957,25477.302017757705,0.0030406688747461885
SGRDRPWSGKES,HLA-C*07:01,62.74467391304348,22256.415233724,0.011434584594098851
GRDRPWSGKEST,HLA-C*07:01,31.643179347826077,13598.60483248812,0.02172180387424305
RDRPWSGKESTG,HLA-C*07:01,62.74467391304348,25193.0780054816,0.026743643058580346
DRPWSGKESTGA,HLA-C*07:01,62.74467391304348,22685.497857674243,0.031272337058908306
RPWSGKESTGAI,HLA-C*07:01,18.61798913043478,14580.025995016684,0.18589311838150024
PWSGKESTGAIP,HLA-C*07:01,99.28660326086957,27139.2521983927,0.012770424204063602
WSGKESTGAIPK,HLA-C*07:01,31.643179347826077,15762.385135849852,0.057839167420752347
SGKESTGAIPKE,HLA-C*07:01,46.224673913043475,17524.605059848367,0.00866781560034724
GKESTGAIPKEV,HLA-C*07:01,37.35904891304347,26005.829336356994,0.12701209489023313
KESTGAIPKEVP,HLA-C*07:01,46.224673913043475,24854.457075952338,0.07830986846238375
ESTGAIPKEVPG,HLA-C*07:01,62.74467391304348,26148.414752378692,0.052468204812612385
STGAIPKEVPGP,HLA-C*07:01,62.74467391304348,23620.07895117834,0.02770199565566145
TGAIPKEVPGPS,HLA-C*07:01,46.224673913043475,16988.636428117923,0.00788211989129195
GAIPKEVPGPSW,HLA-C*07:01,5.788070652173886,5856.962543210922,0.28617472434416413
AIPKEVPGPSWS,HLA-C*07:01,62.74467391304348,24201.448564678096,0.03817795302893501
IPKEVPGPSWSL,HLA-C*07:01,4.887418478260841,8928.474293075102,0.46051428467035294
PKEVPGPSWSLL,HLA-C*07:01,99.28660326086957,27997.795120804083,0.02471475474885665
KEVPGPSWSLLD,HLA-C*07:01,62.74467391304348,24834.166409430178,0.025839152076514438
EVPGPSWSLLDL,HLA-C*07:01,62.74467391304348,23368.921155997676,0.04274837498087436
VPGPSWSLLDLK,HLA-C*07:01,62.74467391304348,23488.177432522527,0.04259541886858642
PGPSWSLLDLKT,HLA-C*07:01,99.28660326086957,29839.116487399337,0.0029974649696669076
GPSWSLLDLKTG,HLA-C*07:01,46.224673913043475,29668.554300367658,0.10958935267990455
PSWSLLDLKTGS,HLA-C*07:01,99.28660326086957,29785.806586064577,0.0017757962341420352
SWSLLDLKTGSC,HLA-C*07:01,99.28660326086957,27886.242871706163,0.0010609726850816514
WSLLDLKTGSCT,HLA-C*07:01,99.28660326086957,30718.347742846585,0.022202457181265345
SLLDLKTGSCTS,HLA-C*07:01,62.74467391304348,27856.023842657585,0.08618448747438379
LLDLKTGSCTSR,HLA-C*07:01,22.19230978260869,23346.106682289275,0.25004100054502487
LDLKTGSCTSRW,HLA-C*07:01,22.19230978260869,27147.439500566863,0.29434116557240486
DLKTGSCTSRWE,HLA-C*07:01,62.74467391304348,28903.109747041435,0.06303027493413538
LKTGSCTSRWES,HLA-C*07:01,99.28660326086957,30192.90051355344,0.004275301525922259
KTGSCTSRWESA,HLA-C*07:01,46.224673913043475,28184.506487530045,0.12219860958430218
TGSCTSRWESAW,HLA-C*07:01,62.74467391304348,23765.514487761237,0.010072677134303376
GSCTSRWESAWS,HLA-C*07:01,99.28660326086957,30411.10839446009,0.005029647156334249
SCTSRWESAWSG,HLA-C*07:01,99.28660326086957,28923.66611976954,0.0015451506478711963
CTSRWESAWSGL,HLA-C*07:01,62.74467391304348,25993.280548524566,0.05380009762302507
TSRWESAWSGLS,HLA-C*07:01,99.28660326086957,28065.287629968116,0.005893869667488616
SRWESAWSGLSP,HLA-C*07:01,1.7204076086955808,1801.6426624815058,0.4781253654509783
RWESAWSGLSPR,HLA-C*07:01,14.277038043478257,24716.711056651908,0.39725218899548054
WESAWSGLSPRT,HLA-C*07:01,99.28660326086957,29598.59973239365,0.006610193784581497
ESAWSGLSPRTG,HLA-C*07:01,37.35904891304347,27443.19058466646,0.1494874000782147
SAWSGLSPRTGR,HLA-C*07:01,3.679429347826016,10120.976779566086,0.5952849425375462
AWSGLSPRTGRC,HLA-C*07:01,99.28660326086957,26140.718398765744,0.0017214678737218492
WSGLSPRTGRCG,HLA-C*07:01,99.28660326086957,28717.40577153442,0.0027562741452129558
SGLSPRTGRCGS,HLA-C*07:01,62.74467391304348,23971.189510466098,0.005237894372839946
GLSPRTGRCGSE,HLA-C*07:01,62.74467391304348,24740.048508580458,0.005539475358091295
LSPRTGRCGSEE,HLA-C*07:01,99.28660326086957,26314.5736358541,0.0023846040421631187
SPRTGRCGSEEA,HLA-C*07:01,37.35904891304347,22132.44068910701,0.08936006110161543
PRTGRCGSEEAS,HLA-C*07:01,99.28660326086957,26512.21916898226,0.0021108515247760806
RTGRCGSEEAST,HLA-C*07:01,99.28660326086957,27801.795192570986,0.0007004250637692166
TGRCGSEEASTL,HLA-C*07:01,15.160951086956516,6493.457838066964,0.022023334240657277
GRCGSEEASTLT,HLA-C*07:01,9.494239130434764,3678.722470673833,0.001498138331953669
RCGSEEASTLTI,HLA-C*07:01,62.74467391304348,23382.56734695129,0.003585577811463736
CGSEEASTLTIP,HLA-C*07:01,62.74467391304348,26181.913417598702,0.027585201227338985
GSEEASTLTIPA,HLA-C*07:01,62.74467391304348,28818.60254776544,0.08177587005775422
SEEASTLTIPAA,HLA-C*07:01,10.655842391304333,27197.374343408534,0.5108280777931213
EEASTLTIPAAP,HLA-C*07:01,62.74467391304348,27626.842915577527,0.08181585581041873
EASTLTIPAAPV,HLA-C*07:01,99.28660326086957,28928.208631095516,0.011208557611098513
ASTLTIPAAPVG,HLA-C*07:01,99.28660326086957,29023.977849797302,0.013470540034177247
STLTIPAAPVGL,HLA-C*07:01,17.305597826086952,21707.029430215785,0.30743178352713585
TLTIPAAPVGLR,HLA-C*07:01,31.643179347826077,20864.350957071998,0.13871685694903135
LTIPAAPVGLRW,HLA-C*07:01,3.132635869565135,16576.389376505434,0.791679136455059
TIPAAPVGLRWL,HLA-C*07:01,27.61739130434782,22621.10686876077,0.1888671691995114
IPAAPVGLRWLV,HLA-C*07:01,24.57923913043477,27870.79746842482,0.2617339107673615
PAAPVGLRWLVR,HLA-C*07:01,24.57923913043477,28314.688602348768,0.2705039824359119
LLISVIRTLSTI,HLA-C*07:01,27.61739130434782,30692.52318341337,0.2706869423855096
LISVIRTLSTID,HLA-C*07:01,99.28660326086957,31194.68905432275,0.002027036782237701
ISVIRTLSTIDD,HLA-C*07:01,99.28660326086957,29916.479319100617,0.013931049383245409
SVIRTLSTIDDV,HLA-C*07:01,62.74467391304348,30347.8366768687,0.09150461736135185
VIRTLSTIDDVE,HLA-C*07:01,99.28660326086957,26947.710785424122,0.009565917032887228
IRTLSTIDDVED,HLA-C*07:01,62.74467391304348,24481.458775634917,0.014894777039444307
RTLSTIDDVEDR,HLA-C*07:01,24.57923913043477,13611.909409145239,0.07672868156805634
TLSTIDDVEDRE,HLA-C*07:01,37.35904891304347,16108.228417503498,0.0058621186144591775
LSTIDDVEDREN,HLA-C*07:01,62.74467391304348,23233.913500414128,0.0016286987347484683
STIDDVEDRENE,HLA-C*07:01,12.805461956521725,5330.695661127328,0.01338445172586944
TIDDVEDRENEK,HLA-C*07:01,2.676956521739058,771.6626409878378,0.021961200574878603
IDDVEDRENEKG,HLA-C*07:01,62.74467391304348,20080.098214491132,0.0014689147665194469
TPGEKIILNFTT,HLA-C*07:01,62.74467391304348,29517.771405687992,0.08028742676833645
PGEKIILNFTTL,HLA-C*07:01,99.28660326086957,29693.763011255167,0.041335248708492145
GEKIILNFTTLD,HLA-C*07:01,62.74467391304348,29719.015421962165,0.06030943721998483
EKIILNFTTLDL,HLA-C*07:01,62.74467391304348,30920.725868437024,0.11443665355909616
KIILNFTTLDLY,HLA-C*07:01,62.74467391304348,28760.97147071719,0.07374947989592329
IILNFTTLDLYR,HLA-C*07:01,62.74467391304348,28668.77520677847,0.07574809127254412
ILNFTTLDLYRS,HLA-C*07:01,62.74467391304348,32063.949847482276,0.11496951180743054
LNFTTLDLYRSR,HLA-C*07:01,62.74467391304348,28682.16141436739,0.0778501961613074
NFTTLDLYRSRL,HLA-C*07:01,99.28660326086957,29848.644029643627,0.03220923914341256
FTTLDLYRSRLC,HLA-C*07:01,99.28660326086957,30858.362371239582,0.003391234058653936
TTLDLYRSRLCW,HLA-C*07:01,13.500896739130425,26843.186309316352,0.44742225762456656
TLDLYRSRLCWY,HLA-C*07:01,99.28660326086957,29574.18428541244,0.01116021047346294
IVKQNEELDRQK,HLA-C*07:01,24.57923913043477,16312.662608087543,0.11247292556799948
VKQNEELDRQKR,HLA-C*07:01,37.35904891304347,18186.24880011744,0.0505618153802061
KQNEELDRQKRI,HLA-C*07:01,31.643179347826077,17324.247542078327,0.08028367697261274
QNEELDRQKRIG,HLA-C*07:01,99.28660326086957,27433.23208582231,0.0072643321473151445
NEELDRQKRIGN,HLA-C*07:01,62.74467391304348,24026.869938529722,0.004088852401764598
EELDRQKRIGNT,HLA-C*07:01,99.28660326086957,27654.87817016848,0.01578496834554244
ELDRQKRIGNTR,HLA-C*07:01,31.643179347826077,23384.756351818713,0.16050033608917147
LDRQKRIGNTRK,HLA-C*07:01,62.74467391304348,26567.472009671932,0.023569361728732474
DRQKRIGNTRKM,HLA-C*07:01,11.6303260869565,10165.60724102025,0.22208256367594004
RQKRIGNTRKMI,HLA-C*07:01,31.643179347826077,25839.93680594762,0.1849049529992044
QKRIGNTRKMIE,HLA-C*07:01,99.28660326086957,29888.528759774243,0.024242079452960752
KRIGNTRKMIED,HLA-C*07:01,62.74467391304348,20621.62580844725,0.007147473457735032
KTDSCDQRQLSE,HLA-C*07:01,62.74467391304348,24152.233547044056,0.05134821985848248
TDSCDQRQLSEC,HLA-C*07:01,62.74467391304348,24993.62505909386,0.0010879447363549843
DSCDQRQLSECD,HLA-C*07:01,62.74467391304348,22647.10593163531,0.003066372599278111
SCDQRQLSECDE,HLA-C*07:01,62.74467391304348,20298.311235407535,0.0007720368230366148
CDQRQLSECDEP,HLA-C*07:01,99.28660326086957,25915.244998490853,0.0019707896681211423
DQRQLSECDEPQ,HLA-C*07:01,46.224673913043475,22083.995679448795,0.05983968067448586
QRQLSECDEPQP,HLA-C*07:01,99.28660326086957,25429.110046485064,0.0020572924113366753
RQLSECDEPQPH,HLA-C*07:01,24.57923913043477,11604.075277472146,0.024892045243177563
QLSECDEPQPHH,HLA-C*07:01,62.74467391304348,24403.937015735566,0.0030008183166501112
LSECDEPQPHHS,HLA-C*07:01,99.28660326086957,28059.247891918923,0.006910343887284398
SECDEPQPHHST,HLA-C*07:01,46.224673913043475,18061.198329692586,0.008902201745513594
ECDEPQPHHSTK,HLA-C*07:01,24.57923913043477,10613.12357880045,0.018320176634006202
GEDEEDEEEEED,HLA-C*07:01,20.2322554347826,8626.848308365255,0.0004259600282239262
EDEEDEEEEEDF,HLA-C*07:01,27.61739130434782,10950.299611515129,0.00021867480882065138
DEEDEEEEEDFK,HLA-C*07:01,6.047907608695624,2153.081259601627,0.0008158176397046191
EEDEEEEEDFKP,HLA-C*07:01,46.224673913043475,17746.438496430863,0.016132745804497972
EDEEEEEDFKPS,HLA-C*07:01,62.74467391304348,21296.57756019619,0.00064187094267254
DEEEEEDFKPSD,HLA-C*07:01,46.224673913043475,19881.31527202164,0.0007771754135319497
HSSDSVSSINSV,HLA-C*07:01,27.61739130434782,15067.99715040213,0.0786207863711752
SSDSVSSINSVT,HLA-C*07:01,62.74467391304348,23207.63533692636,0.01623343353276141
SDSVSSINSVTS,HLA-C*07:01,99.28660326086957,26338.109625617937,0.007424316732794978
DSVSSINSVTSH,HLA-C*07:01,17.305597826086952,19469.758437495322,0.2684116791933775
SVSSINSVTSHS,HLA-C*07:01,99.28660326086957,27518.766134399426,0.022153947065817192
VSSINSVTSHSS,HLA-C*07:01,99.28660326086957,28563.874407221465,0.005690546568075661
SSINSVTSHSSV,HLA-C*07:01,62.74467391304348,23758.554359215334,0.023137316238717176
SINSVTSHSSVG,HLA-C*07:01,62.74467391304348,25711.163010794102,0.01130050970823504
INSVTSHSSVGS,HLA-C*07:01,99.28660326086957,26824.000870094125,0.0006131761801952962
NSVTSHSSVGSN,HLA-C*07:01,62.74467391304348,20635.447094339317,0.0015175442676991224
SVTSHSSVGSNI,HLA-C*07:01,24.57923913043477,18503.721203759455,0.16480358503758907
VTSHSSVGSNIE,HLA-C*07:01,62.74467391304348,25054.537566135976,0.007846336160582723
ILKHGKRFHATI,HLA-C*07:01,99.28660326086957,30735.687848329995,0.04445962858153507
LKHGKRFHATIS,HLA-C*07:01,99.28660326086957,31988.917534200747,0.0477857669320656
KHGKRFHATISF,HLA-C*07:01,46.224673913043475,24644.53806148968,0.0799378405790776
HGKRFHATISFD,HLA-C*07:01,99.28660326086957,31218.610037757393,0.0010391896139481105
GKRFHATISFDT,HLA-C*07:01,99.28660326086957,32382.0033161757,0.04666702870599693
KRFHATISFDTD,HLA-C*07:01,46.224673913043475,20765.632774020967,0.03858080299687572
RFHATISFDTDT,HLA-C*07:01,99.28660326086957,31362.26439224884,0.009687240919447504
FHATISFDTDTG,HLA-C*07:01,99.28660326086957,28566.966556356674,0.018534375703893602
HATISFDTDTGL,HLA-C*07:01,46.224673913043475,22214.89716221173,0.042383827560115606
ATISFDTDTGLK,HLA-C*07:01,2.9306793478260005,5818.280316634818,0.5361054539680481
TISFDTDTGLKQ,HLA-C*07:01,46.224673913043475,19312.22906286828,0.03868609661003575
ISFDTDTGLKQA,HLA-C*07:01,22.19230978260869,23110.03386272878,0.2508367004338652
GEGPPISSCDTR,HLA-C*07:01,4.968641304347784,6958.989288698748,0.38362462539225817
EGPPISSCDTRT,HLA-C*07:01,99.28660326086957,26082.291830040256,0.00806136014580261
GPPISSCDTRTM,HLA-C*07:01,37.35904891304347,15309.87617545828,0.016259325202554464
PPISSCDTRTMA,HLA-C*07:01,99.28660326086957,28322.068248582225,0.029902670969022438
PISSCDTRTMAN,HLA-C*07:01,99.28660326086957,29053.540738189782,0.004644048876798479
ISSCDTRTMANC,HLA-C*07:01,99.28660326086957,27957.91362954722,0.004984064697055146
SSCDTRTMANCE,HLA-C*07:01,62.74467391304348,23650.9230290176,0.0018953081307699904
SCDTRTMANCER,HLA-C*07:01,62.74467391304348,22294.49099707633,0.018527841093600728
CDTRTMANCERT,HLA-C*07:01,99.28660326086957,29876.88351774388,0.001134226953581674
DTRTMANCERTF,HLA-C*07:01,11.6303260869565,23220.26720970586,0.43971008993685246
TRTMANCERTFI,HLA-C*07:01,46.224673913043475,20577.47375626949,0.020127605566813145
RTMANCERTFIA,HLA-C*07:01,16.15755434782608,29685.26723177794,0.41663019359111786
VFRLCGTDEKIA,HLA-C*07:01,99.28660326086957,29464.96269121081,0.0051079228815069655
FRLCGTDEKIAN,HLA-C*07:01,24.57923913043477,10181.132701648728,0.005464688532811124
RLCGTDEKIANV,HLA-C*07:01,16.15755434782608,24231.76673375726,0.35740290116518736
LCGTDEKIANVT,HLA-C*07:01,99.28660326086957,27512.9625570499,0.00224232105028932
CGTDEKIANVTE,HLA-C*07:01,46.224673913043475,18413.18132754311,0.00400332132994663
GTDEKIANVTED,HLA-C*07:01,62.74467391304348,22779.219947484962,0.02228320125141181
TDEKIANVTEDA,HLA-C*07:01,62.74467391304348,24327.91662787185,0.020819688892515842
DEKIANVTEDAK,HLA-C*07:01,24.57923913043477,14583.622770920647,0.10502388281747699
EKIANVTEDAKR,HLA-C*07:01,27.61739130434782,17772.10764451333,0.11418657837202772
KIANVTEDAKRL,HLA-C*07:01,18.61798913043478,18883.77947857558,0.2510955980978906
IANVTEDAKRLI,HLA-C*07:01,46.224673913043475,25075.226799055512,0.08581681037321687
DDGCKAYWKVCF,HLA-C*07:01,99.28660326086957,29011.662379266018,0.0318982933240477
DGCKAYWKVCFH,HLA-C*07:01,62.74467391304348,31256.431182815453,0.09606016741599888
GCKAYWKVCFHY,HLA-C*07:01,99.28660326086957,30625.389664870694,0.015633615374099463
CKAYWKVCFHYN,HLA-C*07:01,99.28660326086957,32563.734126788102,0.015820838925719727
KAYWKVCFHYNL,HLA-C*07:01,62.74467391304348,28912.150568971494,0.08133925875881687
AYWKVCFHYNLH,HLA-C*07:01,46.224673913043475,31110.05922536523,0.13011917262338102
YWKVCFHYNLHK,HLA-C*07:01,99.28660326086957,32139.71609976321,0.004998119387892075
WKVCFHYNLHKA,HLA-C*07:01,62.74467391304348,32348.31562097259,0.10672032134607434
KVCFHYNLHKAQ,HLA-C*07:01,99.28660326086957,32055.338866750102,0.006013789941789582
VCFHYNLHKAQP,HLA-C*07:01,99.28660326086957,32242.033369621808,0.008259707632532809
CFHYNLHKAQPA,HLA-C*07:01,62.74467391304348,31622.01388158145,0.06617448123870417
FHYNLHKAQPAE,HLA-C*07:01,99.28660326086957,28600.955608479613,0.008446168823866174
ASFRRVRV,HLA-A*01:01,62.74467391304348,31448.4772365689,0.11751545808510855
ASFRRVRV,HLA-B*08:01,12.805461956521725,7668.512743686983,0.11751545808510855
ASFRRVRV,HLA-B*27:05,37.35904891304347,24375.744145961497,0.11751545808510855
ASFRRVRV,HLA-C*01:02,8.01565217391304,4573.301467076845,0.11751545808510855
ASFRRVRV,HLA-C*07:01,24.57923913043477,16370.225437205769,0.11751545808510855
ASFRRVRVR,HLA-A*01:01,14.277038043478257,26910.7014091741,0.41803420055657625
ASFRRVRVR,HLA-B*08:01,12.187228260869546,21846.85282073831,0.41803420055657625
ASFRRVRVR,HLA-B*27:05,2.5728260869564394,3028.0026950746856,0.41803420055657625
ASFRRVRVR,HLA-C*01:02,9.849456521739114,17686.49989359137,0.41803420055657625
ASFRRVRVR,HLA-C*07:01,8.545326086956507,14873.090361495506,0.41803420055657625
ASFRRVRVRR,HLA-A*01:01,62.74467391304348,30296.03028856678,0.09361484507098794
ASFRRVRVRR,HLA-B*08:01,62.74467391304348,30379.324491412255,0.09361484507098794
ASFRRVRVRR,HLA-B*27:05,15.160951086956516,8883.371823578507,0.09361484507098794
ASFRRVRVRR,HLA-C*01:02,62.74467391304348,29197.24788801967,0.09361484507098794
ASFRRVRVRR,HLA-C*07:01,46.224673913043475,26221.99940225493,0.09361484507098794
ASFRRVRVRRT,HLA-A*01:01,99.28660326086957,33808.84394020367,0.056114070932380855
ASFRRVRVRRT,HLA-B*08:01,99.28660326086957,33071.17169937548,0.056114070932380855
ASFRRVRVRRT,HLA-B*27:05,62.74467391304348,25547.01682317288,0.056114070932380855
ASFRRVRVRRT,HLA-C*01:02,99.28660326086957,33224.12020185827,0.056114070932380855
ASFRRVRVRRT,HLA-C*07:01,99.28660326086957,32003.755321031687,0.056114070932380855
ASFRRVRVRRTL,HLA-A*01:01,46.224673913043475,33758.71296883391,0.15694225439801812
ASFRRVRVRRTL,HLA-B*08:01,46.224673913043475,30255.121042434985,0.15694225439801812
ASFRRVRVRRTL,HLA-B*27:05,27.61739130434782,21393.754564282935,0.15694225439801812
ASFRRVRVRRTL,HLA-C*01:02,46.224673913043475,29892.29986481687,0.15694225439801812
ASFRRVRVRRTL,HLA-C*07:01,37.35904891304347,28231.999469911818,0.15694225439801812
ASFRRVRVRRTLR,HLA-A*01:01,22.19230978260869,32828.52074224887,0.34207699727267027
ASFRRVRVRRTLR,HLA-B*08:01,22.19230978260869,32965.48165707696,0.34207699727267027
ASFRRVRVRRTLR,HLA-B*27:05,18.61798913043478,27182.38104378837,0.34207699727267027
ASFRRVRVRRTLR,HLA-C*01:02,22.19230978260869,32202.758202322697,0.34207699727267027
ASFRRVRVRRTLR,HLA-C*07:01,22.19230978260869,32097.72978634786,0.34207699727267027
ASFRRVRVRRTLRK,HLA-A*01:01,99.28660326086957,34005.57543680617,0.04779709904687479
ASFRRVRVRRTLRK,HLA-B*08:01,99.28660326086957,33561.61799298491,0.04779709904687479
ASFRRVRVRRTLRK,HLA-B*27:05,62.74467391304348,29303.55203552565,0.04779709904687479
ASFRRVRVRRTLRK,HLA-C*01:02,99.28660326086957,33180.10934335121,0.04779709904687479
ASFRRVRVRRTLRK,HLA-C*07:01,99.28660326086957,33000.94156048337,0.04779709904687479
AVKVLQASFRR,HLA-A*01:01,46.224673913043475,30885.761188672135,0.1443539336323738
AVKVLQASFRR,HLA-B*08:01,46.224673913043475,31131.96988762815,0.1443539336323738
AVKVLQASFRR,HLA-B*27:05,27.61739130434782,19382.304838386026,0.1443539336323738
AVKVLQASFRR,HLA-C*01:02,46.224673913043475,28976.991831343326,0.1443539336323738
AVKVLQASFRR,HLA-C*07:01,46.224673913043475,28015.212757222813,0.1443539336323738
AVKVLQASFRRV,HLA-A*01:01,24.57923913043477,33130.38930845182,0.32322622276842594
AVKVLQASFRRV,HLA-B*08:01,24.57923913043477,32193.861056930222,0.32322622276842594
AVKVLQASFRRV,HLA-B*27:05,18.61798913043478,25584.754415494255,0.32322622276842594
AVKVLQASFRRV,HLA-C*01:02,22.19230978260869,30780.08610375571,0.32322622276842594
AVKVLQASFRRV,HLA-C*07:01,22.19230978260869,30265.902867366796,0.32322622276842594
AVKVLQASFRRVR,HLA-A*01:01,18.61798913043478,32273.911285857695,0.3922821879386902
AVKVLQASFRRVR,HLA-B*08:01,18.61798913043478,32054.650599841476,0.3922821879386902
AVKVLQASFRRVR,HLA-B*27:05,14.277038043478257,23884.563184315935,0.3922821879386902
AVKVLQASFRRVR,HLA-C*01:02,18.61798913043478,30879.742651424138,0.3922821879386902
AVKVLQASFRRVR,HLA-C*07:01,17.305597826086952,30841.82721738466,0.3922821879386902
AVKVLQASFRRVRV,HLA-A*01:01,62.74467391304348,34315.461078452274,0.10816426377277821
AVKVLQASFRRVRV,HLA-B*08:01,62.74467391304348,33511.42798198843,0.10816426377277821
AVKVLQASFRRVRV,HLA-B*27:05,62.74467391304348,30972.19452050918,0.10816426377277821
AVKVLQASFRRVRV,HLA-C*01:02,62.74467391304348,33534.92042976769,0.10816426377277821
AVKVLQASFRRVRV,HLA-C*07:01,62.74467391304348,33374.33066217849,0.10816426377277821
FRRVRVRR,HLA-A*01:01,62.74467391304348,33024.016576548885,0.09101002104580402
FRRVRVRR,HLA-B*08:01,46.224673913043475,25910.511376007547,0.09101002104580402
FRRVRVRR,HLA-B*27:05,17.305597826086952,10201.99652927326,0.09101002104580402
FRRVRVRR,HLA-C*01:02,62.74467391304348,28581.23892271497,0.09101002104580402
FRRVRVRR,HLA-C*07:01,27.61739130434782,16297.743923678005,0.09101002104580402
FRRVRVRRT,HLA-A*01:01,99.28660326086957,34283.5798373803,0.020651922473916784
FRRVRVRRT,HLA-B*08:01,31.643179347826077,13514.07840998948,0.020651922473916784
FRRVRVRRT,HLA-B*27:05,16.15755434782608,6885.346268218782,0.020651922473916784
FRRVRVRRT,HLA-C*01:02,99.28660326086957,28009.90035615067,0.020651922473916784
FRRVRVRRT,HLA-C*07:01,20.2322554347826,8665.88833873409,0.020651922473916784
FRRVRVRRTL,HLA-A*01:01,99.28660326086957,34263.916332492736,0.04557487729471177
FRRVRVRRTL,HLA-B*08:01,20.2322554347826,9639.48775450467,0.04557487729471177
FRRVRVRRTL,HLA-B*27:05,1.8910597826086217,444.0256108426721,0.04557487729471177
FRRVRVRRTL,HLA-C*01:02,62.74467391304348,23584.51868270899,0.04557487729471177
FRRVRVRRTL,HLA-C*07:01,3.3897826086955547,1232.3006875114347,0.04557487729471177
FRRVRVRRTLR,HLA-A*01:01,46.224673913043475,33508.18690559205,0.1605064996983856
FRRVRVRRTLR,HLA-B*08:01,46.224673913043475,30450.428213234172,0.1605064996983856
FRRVRVRRTLR,HLA-B*27:05,11.6303260869565,8132.444432017495,0.1605064996983856
FRRVRVRRTLR,HLA-C*01:02,46.224673913043475,31630.86709728166,0.1605064996983856
FRRVRVRRTLR,HLA-C*07:01,31.643179347826077,22190.444936077158,0.1605064996983856
FRRVRVRRTLRK,HLA-A*01:01,99.28660326086957,34140.57156557894,0.014016890883794986
FRRVRVRRTLRK,HLA-B*08:01,99.28660326086957,31594.656990722964,0.014016890883794986
FRRVRVRRTLRK,HLA-B*27:05,37.35904891304347,15459.88253568606,0.014016890883794986
FRRVRVRRTLRK,HLA-C*01:02,99.28660326086957,31943.031705794292,0.014016890883794986
FRRVRVRRTLRK,HLA-C*07:01,99.28660326086957,28466.09680375826,0.014016890883794986
FRRVRVRRTLRKM,HLA-A*01:01,99.28660326086957,34860.749844368176,0.028955968155059963
FRRVRVRRTLRKM,HLA-B*08:01,99.28660326086957,31948.647468517556,0.028955968155059963
FRRVRVRRTLRKM,HLA-B*27:05,62.74467391304348,25490.605808754008,0.028955968155059963
FRRVRVRRTLRKM,HLA-C*01:02,99.28660326086957,33032.88058198408,0.028955968155059963
FRRVRVRRTLRKM,HLA-C*07:01,99.28660326086957,31492.221162884776,0.028955968155059963
FRRVRVRRTLRKMQ,HLA-A*01:01,99.28660326086957,35168.09324506706,0.011921735494979657
FRRVRVRRTLRKMQ,HLA-B*08:01,99.28660326086957,33756.93334810275,0.011921735494979657
FRRVRVRRTLRKMQ,HLA-B*27:05,99.28660326086957,33404.82946933227,0.011921735494979657
FRRVRVRRTLRKMQ,HLA-C*01:02,99.28660326086957,34213.8842301317,0.011921735494979657
FRRVRVRRTLRKMQ,HLA-C*07:01,99.28660326086957,34470.904976860096,0.011921735494979657
ILKAVKVLQASFRR,HLA-A*01:01,37.35904891304347,33940.18118952555,0.21071895211935043
ILKAVKVLQASFRR,HLA-B*08:01,37.35904891304347,33423.02667693151,0.21071895211935043
ILKAVKVLQASFRR,HLA-B*27:05,37.35904891304347,30739.653192011796,0.21071895211935043
ILKAVKVLQASFRR,HLA-C*01:02,37.35904891304347,32910.581101254844,0.21071895211935043
ILKAVKVLQASFRR,HLA-C*07:01,37.35904891304347,33046.65963747418,0.21071895211935043
KAVKVLQASFRR,HLA-A*01:01,46.224673913043475,31475.581574426684,0.1333463122136891
KAVKVLQASFRR,HLA-B*08:01,46.224673913043475,32168.37929583,0.1333463122136891
KAVKVLQASFRR,HLA-B*27:05,31.643179347826077,21275.040455827704,0.1333463122136891
KAVKVLQASFRR,HLA-C*01:02,46.224673913043475,28961.818966083203,0.1333463122136891
KAVKVLQASFRR,HLA-C*07:01,46.224673913043475,28534.754447637893,0.1333463122136891
KAVKVLQASFRRV,HLA-A*01:01,31.643179347826077,33878.794041284236,0.25775342574343085
KAVKVLQASFRRV,HLA-B*08:01,31.643179347826077,33049.53349790698,0.25775342574343085
KAVKVLQASFRRV,HLA-B*27:05,27.61739130434782,27863.90647760149,0.25775342574343085
KAVKVLQASFRRV,HLA-C*01:02,31.643179347826077,32402.09276437576,0.25775342574343085
KAVKVLQASFRRV,HLA-C*07:01,31.643179347826077,32296.137860519822,0.25775342574343085
KAVKVLQASFRRVR,HLA-A*01:01,27.61739130434782,33403.94439722218,0.2931012997869402
KAVKVLQASFRRVR,HLA-B*08:01,27.61739130434782,33269.56171126581,0.2931012997869402
KAVKVLQASFRRVR,HLA-B*27:05,22.19230978260869,28061.206137143356,0.2931012997869402
KAVKVLQASFRRVR,HLA-C*01:02,27.61739130434782,32702.880678947604,0.2931012997869402
KAVKVLQASFRRVR,HLA-C*07:01,27.61739130434782,32756.733525205538,0.2931012997869402
KVLQASFRR,HLA-A*01:01,31.643179347826077,26578.316259090723,0.192519954405725
KVLQASFRR,HLA-B*08:01,37.35904891304347,28908.83648445323,0.192519954405725
KVLQASFRR,HLA-B*27:05,6.327092391304319,4561.607838244359,0.192519954405725
KVLQASFRR,HLA-C*01:02,27.61739130434782,24243.064768710814,0.192519954405725
KVLQASFRR,HLA-C*07:01,20.2322554347826,17668.393154583246,0.192519954405725
KVLQASFRRV,HLA-A*01:01,17.305597826086952,30846.143562670033,0.40153480507433414
KVLQASFRRV,HLA-B*08:01,16.15755434782608,28979.981405408707,0.40153480507433414
KVLQASFRRV,HLA-B*27:05,9.849456521739114,16760.08188976062,0.40153480507433414
KVLQASFRRV,HLA-C*01:02,10.231983695652161,17222.986729457705,0.40153480507433414
KVLQASFRRV,HLA-C*07:01,14.277038043478257,24158.924849853458,0.40153480507433414
KVLQASFRRVR,HLA-A*01:01,9.849456521739114,31368.392905094504,0.5849476996809244
KVLQASFRRVR,HLA-B*08:01,9.494239130434764,30350.912019427426,0.5849476996809244
KVLQASFRRVR,HLA-B*27:05,5.346684782608634,15760.430723067526,0.5849476996809244
KVLQASFRRVR,HLA-C*01:02,8.269211956521715,26546.72553862103,0.5849476996809244
KVLQASFRRVR,HLA-C*07:01,8.01565217391304,25387.94876466973,0.5849476996809244
KVLQASFRRVRV,HLA-A*01:01,46.224673913043475,33438.74760314104,0.19139643013477325
KVLQASFRRVRV,HLA-B*08:01,37.35904891304347,32429.208828027247,0.19139643013477325
KVLQASFRRVRV,HLA-B*27:05,31.643179347826077,25429.32395788001,0.19139643013477325
KVLQASFRRVRV,HLA-C*01:02,37.35904891304347,30675.167246451365,0.19139643013477325
KVLQASFRRVRV,HLA-C*07:01,37.35904891304347,30890.865727768414,0.19139643013477325
KVLQASFRRVRVR,HLA-A*01:01,9.494239130434764,31958.653937514846,0.5905104968696833
KVLQASFRRVRVR,HLA-B*08:01,9.849456521739114,32102.120710665782,0.5905104968696833
KVLQASFRRVRVR,HLA-B*27:05,7.778097826086963,24701.454881453574,0.5905104968696833
KVLQASFRRVRVR,HLA-C*01:02,9.15535326086956,30502.10728873395,0.5905104968696833
KVLQASFRRVRVR,HLA-C*07:01,9.494239130434764,30703.25891364357,0.5905104968696833
KVLQASFRRVRVRR,HLA-A*01:01,27.61739130434782,33701.8607873818,0.29280505888164043
KVLQASFRRVRVRR,HLA-B*08:01,27.61739130434782,33129.251917656235,0.29280505888164043
KVLQASFRRVRVRR,HLA-B*27:05,24.57923913043477,28985.827237868056,0.29280505888164043
KVLQASFRRVRVRR,HLA-C*01:02,27.61739130434782,32481.285924633044,0.29280505888164043
KVLQASFRRVRVRR,HLA-C*07:01,27.61739130434782,32640.845022160887,0.29280505888164043
LKAVKVLQASFRR,HLA-A*01:01,62.74467391304348,34171.44760624547,0.13163604331202805
LKAVKVLQASFRR,HLA-B*08:01,62.74467391304348,33201.65979815662,0.13163604331202805
LKAVKVLQASFRR,HLA-B*27:05,46.224673913043475,29241.85799577834,0.13163604331202805
LKAVKVLQASFRR,HLA-C*01:02,62.74467391304348,32650.88167388268,0.13163604331202805
LKAVKVLQASFRR,HLA-C*07:01,62.74467391304348,32971.033041825416,0.13163604331202805
LKAVKVLQASFRRV,HLA-A*01:01,31.643179347826077,35181.58163241061,0.2818989562802017
LKAVKVLQASFRRV,HLA-B*08:01,31.643179347826077,34310.26436650113,0.2818989562802017
LKAVKVLQASFRRV,HLA-B*27:05,27.61739130434782,33466.624569978885,0.2818989562802017
LKAVKVLQASFRRV,HLA-C*01:02,31.643179347826077,34589.561974097465,0.2818989562802017
LKAVKVLQASFRRV,HLA-C*07:01,31.643179347826077,34920.599732466915,0.2818989562802017
LQASFRRV,HLA-A*01:01,15.160951086956516,33491.80863879311,0.45712510496377945
LQASFRRV,HLA-B*08:01,13.500896739130425,28737.37334245601,0.45712510496377945
LQASFRRV,HLA-B*27:05,12.187228260869546,25458.982391094898,0.45712510496377945
LQASFRRV,HLA-C*01:02,9.849456521739114,19728.492727502697,0.45712510496377945
LQASFRRV,HLA-C*07:01,11.115788043478247,23169.784296264803,0.45712510496377945
LQASFRRVR,HLA-A*01:01,99.28660326086957,30906.14005947593,0.04436405168962665
LQASFRRVR,HLA-B*08:01,62.74467391304348,27807.307194824672,0.04436405168962665
LQASFRRVR,HLA-B*27:05,4.968641304347784,2009.3604380606248,0.04436405168962665
LQASFRRVR,HLA-C*01:02,62.74467391304348,23950.569095821927,0.04436405168962665
LQASFRRVR,HLA-C*07:01,31.643179347826077,14814.579891319225,0.04436405168962665
LQASFRRVRV,HLA-A*01:01,99.28660326086957,32993.904884717114,0.015158373527810909
LQASFRRVRV,HLA-B*08:01,62.74467391304348,22302.299394350594,0.015158373527810909
LQASFRRVRV,HLA-B*27:05,14.277038043478257,6068.679578313822,0.015158373527810909
LQASFRRVRV,HLA-C*01:02,62.74467391304348,25718.52256121682,0.015158373527810909
LQASFRRVRV,HLA-C*07:01,46.224673913043475,20360.24108919684,0.015158373527810909
LQASFRRVRVR,HLA-A*01:01,62.74467391304348,32687.38516024523,0.12708424194715917
LQASFRRVRVR,HLA-B*08:01,46.224673913043475,31349.492626079897,0.12708424194715917
LQASFRRVRVR,HLA-B*27:05,24.57923913043477,16803.973383636174,0.12708424194715917
LQASFRRVRVR,HLA-C*01:02,46.224673913043475,29524.60288842219,0.12708424194715917
LQASFRRVRVR,HLA-C*07:01,46.224673913043475,26611.51613707402,0.12708424194715917
LQASFRRVRVRR,HLA-A*01:01,99.28660326086957,33121.22706124161,0.07340524927712977
LQASFRRVRVRR,HLA-B*08:01,62.74467391304348,32501.847925524307,0.07340524927712977
LQASFRRVRVRR,HLA-B*27:05,46.224673913043475,24003.28493287299,0.07340524927712977
LQASFRRVRVRR,HLA-C*01:02,62.74467391304348,31324.584875054916,0.07340524927712977
LQASFRRVRVRR,HLA-C*07:01,62.74467391304348,30695.980009067647,0.07340524927712977
LQASFRRVRVRRT,HLA-A*01:01,99.28660326086957,34654.0607551034,0.03102733159903437
LQASFRRVRVRRT,HLA-B*08:01,99.28660326086957,33758.90190341859,0.03102733159903437
LQASFRRVRVRRT,HLA-B*27:05,99.28660326086957,30174.193301944262,0.03102733159903437
LQASFRRVRVRRT,HLA-C*01:02,99.28660326086957,33861.376948640056,0.03102733159903437
LQASFRRVRVRRT,HLA-C*07:01,99.28660326086957,33787.743456155724,0.03102733159903437
LQASFRRVRVRRTL,HLA-A*01:01,99.28660326086957,35400.862904478585,0.0433265860483516
LQASFRRVRVRRTL,HLA-B*08:01,99.28660326086957,34067.1889441532,0.0433265860483516
LQASFRRVRVRRTL,HLA-B*27:05,99.28660326086957,32309.746664501316,0.0433265860483516
LQASFRRVRVRRTL,HLA-C*01:02,99.28660326086957,34682.49872820257,0.0433265860483516
LQASFRRVRVRRTL,HLA-C*07:01,99.28660326086957,34809.15082020328,0.0433265860483516
QASFRRVR,HLA-A*01:01,62.74467391304348,31435.819496336593,0.06414182484149933
QASFRRVR,HLA-B*08:01,62.74467391304348,26512.73371600536,0.06414182484149933
QASFRRVR,HLA-B*27:05,62.74467391304348,25183.972664994377,0.06414182484149933
QASFRRVR,HLA-C*01:02,46.224673913043475,23573.820871541993,0.06414182484149933
QASFRRVR,HLA-C*07:01,62.74467391304348,27886.25557297276,0.06414182484149933
QASFRRVRV,HLA-A*01:01,99.28660326086957,28861.937399664454,0.031380209082271904
QASFRRVRV,HLA-B*08:01,2.086195652173842,507.8300230288462,0.031380209082271904
QASFRRVRV,HLA-B*27:05,11.115788043478247,4826.0119396364225,0.031380209082271904
QASFRRVRV,HLA-C*01:02,10.231983695652161,4494.889160835693,0.031380209082271904
QASFRRVRV,HLA-C*07:01,31.643179347826077,15506.674519154283,0.031380209082271904
QASFRRVRVR,HLA-A*01:01,62.74467391304348,31443.926418070143,0.0961383746471256
QASFRRVRVR,HLA-B*08:01,62.74467391304348,28428.383981205316,0.0961383746471256
QASFRRVRVR,HLA-B*27:05,27.61739130434782,17225.092239252615,0.0961383746471256
QASFRRVRVR,HLA-C*01:02,62.74467391304348,28879.428752630596,0.0961383746471256
QASFRRVRVR,HLA-C*07:01,62.74467391304348,28788.518081485006,0.0961383746471256
QASFRRVRVRR,HLA-A*01:01,99.28660326086957,32318.525639537842,0.047956813126802444
QASFRRVRVRR,HLA-B*08:01,99.28660326086957,31067.33425050641,0.047956813126802444
QASFRRVRVRR,HLA-B*27:05,46.224673913043475,21869.3047993679,0.047956813126802444
QASFRRVRVRR,HLA-C*01:02,99.28660326086957,30801.354916655062,0.047956813126802444
QASFRRVRVRR,HLA-C*07:01,99.28660326086957,30614.01259925273,0.047956813126802444
QASFRRVRVRRT,HLA-A*01:01,99.28660326086957,34361.49830432701,0.033881833049235865
QASFRRVRVRRT,HLA-B*08:01,99.28660326086957,33278.01477717594,0.033881833049235865
QASFRRVRVRRT,HLA-B*27:05,99.28660326086957,29668.296357737217,0.033881833049235865
QASFRRVRVRRT,HLA-C*01:02,99.28660326086957,33714.33775792148,0.033881833049235865
QASFRRVRVRRT,HLA-C*07:01,99.28660326086957,33256.519653234325,0.033881833049235865
QASFRRVRVRRTL,HLA-A*01:01,99.28660326086957,34869.59279008663,0.0737247901270166
QASFRRVRVRRTL,HLA-B*08:01,99.28660326086957,32969.60843034413,0.0737247901270166
QASFRRVRVRRTL,HLA-B*27:05,62.74467391304348,29720.38295193009,0.0737247901270166
QASFRRVRVRRTL,HLA-C*01:02,99.28660326086957,33765.61395130478,0.0737247901270166
QASFRRVRVRRTL,HLA-C*07:01,99.28660326086957,33556.92863320222,0.0737247901270166
QASFRRVRVRRTLR,HLA-A*01:01,46.224673913043475,34105.62440403583,0.16430900536943227
QASFRRVRVRRTLR,HLA-B*08:01,46.224673913043475,33613.46296110347,0.16430900536943227
QASFRRVRVRRTLR,HLA-B*27:05,46.224673913043475,30948.7193232423,0.16430900536943227
QASFRRVRVRRTLR,HLA-C*01:02,46.224673913043475,33649.04351848458,0.16430900536943227
QASFRRVRVRRTLR,HLA-C*07:01,46.224673913043475,33437.66930560402,0.16430900536943227
RRVRVRRT,HLA-A*01:01,100.0,34967.19081079629,0.0047476648760493845
RRVRVRRT,HLA-B*08:01,99.28660326086957,29941.324466657483,0.0047476648760493845
RRVRVRRT,HLA-B*27:05,5.554945652173885,1988.030716061205,0.0047476648760493845
RRVRVRRT,HLA-C*01:02,99.28660326086957,30874.614438965862,0.0047476648760493845
RRVRVRRT,HLA-C*07:01,18.61798913043478,7675.066837748938,0.0047476648760493845
RRVRVRRTL,HLA-A*01:01,62.74467391304348,32477.971810412335,0.08972340985201299
RRVRVRRTL,HLA-B*08:01,6.63130434782606,3339.8774805496023,0.08972340985201299
RRVRVRRTL,HLA-B*27:05,0.5230706521738853,62.65634090966743,0.08972340985201299
RRVRVRRTL,HLA-C*01:02,16.15755434782608,9220.089455088037,0.08972340985201299
RRVRVRRTL,HLA-C*07:01,0.4456249999999784,50.9310570935993,0.08972340985201299
RRVRVRRTLR,HLA-A*01:01,62.74467391304348,32342.326384172626,0.10347132454626262
RRVRVRRTLR,HLA-B*08:01,46.224673913043475,25920.629747454637,0.10347132454626262
RRVRVRRTLR,HLA-B*27:05,0.579510869565155,75.8196671292641,0.10347132454626262
RRVRVRRTLR,HLA-C*01:02,46.224673913043475,27618.743249251216,0.10347132454626262
RRVRVRRTLR,HLA-C*07:01,2.970652173912967,1227.599005658246,0.10347132454626262
RRVRVRRTLRK,HLA-A*01:01,99.28660326086957,32983.74311391277,0.024007177271414548
RRVRVRRTLRK,HLA-B*08:01,99.28660326086957,29253.43034722212,0.024007177271414548
RRVRVRRTLRK,HLA-B*27:05,0.7328804347824871,78.63953268984673,0.024007177271414548
RRVRVRRTLRK,HLA-C*01:02,99.28660326086957,28999.83675262512,0.024007177271414548
RRVRVRRTLRK,HLA-C*07:01,9.494239130434764,4047.0590414151434,0.024007177271414548
RRVRVRRTLRKM,HLA-A*01:01,99.28660326086957,34296.46141711634,0.04031654732534662
RRVRVRRTLRKM,HLA-B*08:01,99.28660326086957,29863.21849682007,0.04031654732534662
RRVRVRRTLRKM,HLA-B*27:05,1.39152173913034,246.34242933850496,0.04031654732534662
RRVRVRRTLRKM,HLA-C*01:02,99.28660326086957,30614.65117676844,0.04031654732534662
RRVRVRRTLRKM,HLA-C*07:01,15.160951086956516,6910.170018752039,0.04031654732534662
RRVRVRRTLRKMQ,HLA-A*01:01,99.28660326086957,34360.02545492341,0.013622805941849947
RRVRVRRTLRKMQ,HLA-B*08:01,99.28660326086957,32798.85501327596,0.013622805941849947
RRVRVRRTLRKMQ,HLA-B*27:05,46.224673913043475,20346.870504233808,0.013622805941849947
RRVRVRRTLRKMQ,HLA-C*01:02,99.28660326086957,32793.2638851561,0.013622805941849947
RRVRVRRTLRKMQ,HLA-C*07:01,99.28660326086957,30981.900779296273,0.013622805941849947
RRVRVRRTLRKMQT,HLA-A*01:01,99.28660326086957,35218.52326057339,0.01697428635088727
RRVRVRRTLRKMQT,HLA-B*08:01,99.28660326086957,33735.8512562603,0.01697428635088727
RRVRVRRTLRKMQT,HLA-B*27:05,99.28660326086957,29863.27470925323,0.01697428635088727
RRVRVRRTLRKMQT,HLA-C*01:02,99.28660326086957,34091.46941924884,0.01697428635088727
RRVRVRRTLRKMQT,HLA-C*07:01,99.28660326086957,33283.6876814856,0.01697428635088727
RVRVRRTL,HLA-A*01:01,62.74467391304348,32913.92615952778,0.11954847269225866
RVRVRRTL,HLA-B*08:01,0.7638043478259533,118.34332799483697,0.11954847269225866
RVRVRRTL,HLA-B*27:05,12.187228260869546,7385.934802578469,0.11954847269225866
RVRVRRTL,HLA-C*01:02,7.348016304347794,4154.119263806257,0.11954847269225866
RVRVRRTL,HLA-C*07:01,11.6303260869565,7068.648946883933,0.11954847269225866
RVRVRRTLR,HLA-A*01:01,46.224673913043475,27371.871192113795,0.12317304010502994
RVRVRRTLR,HLA-B*08:01,22.19230978260869,14573.202694120793,0.12317304010502994
RVRVRRTLR,HLA-B*27:05,3.3897826086955547,1622.9349350742393,0.12317304010502994
RVRVRRTLR,HLA-C*01:02,37.35904891304347,25437.506214902995,0.12317304010502994
RVRVRRTLR,HLA-C*07:01,31.643179347826077,19307.79478924318,0.12317304010502994
RVRVRRTLRK,HLA-A*01:01,99.28660326086957,29780.04512290842,0.009992076171329245
RVRVRRTLRK,HLA-B*08:01,99.28660326086957,28331.679749459992,0.009992076171329245
RVRVRRTLRK,HLA-B*27:05,7.778097826086963,3063.5342315236885,0.009992076171329245
RVRVRRTLRK,HLA-C*01:02,99.28660326086957,29941.861997763946,0.009992076171329245
RVRVRRTLRK,HLA-C*07:01,62.74467391304348,25295.700344171524,0.009992076171329245
RVRVRRTLRKM,HLA-A*01:01,99.28660326086957,32166.644225926,0.03731615049764514
RVRVRRTLRKM,HLA-B*08:01,46.224673913043475,20588.706816638372,0.03731615049764514
RVRVRRTLRKM,HLA-B*27:05,20.2322554347826,9503.587836389315,0.03731615049764514
RVRVRRTLRKM,HLA-C*01:02,99.28660326086957,29009.06568060746,0.03731615049764514
RVRVRRTLRKM,HLA-C*07:01,62.74467391304348,23775.440817929426,0.03731615049764514
RVRVRRTLRKMQ,HLA-A*01:01,99.28660326086957,33704.52093996929,0.014452805393375456
RVRVRRTLRKMQ,HLA-B*08:01,99.28660326086957,32731.928834919625,0.014452805393375456
RVRVRRTLRKMQ,HLA-B*27:05,99.28660326086957,27190.58464486281,0.014452805393375456
RVRVRRTLRKMQ,HLA-C*01:02,99.28660326086957,33292.83964939882,0.014452805393375456
RVRVRRTLRKMQ,HLA-C*07:01,99.28660326086957,32986.15472704072,0.014452805393375456
RVRVRRTLRKMQT,HLA-A*01:01,99.28660326086957,34623.27720531967,0.021094602067023516
RVRVRRTLRKMQT,HLA-B*08:01,99.28660326086957,33426.36777242964,0.021094602067023516
RVRVRRTLRKMQT,HLA-B*27:05,99.28660326086957,29723.41663496637,0.021094602067023516
RVRVRRTLRKMQT,HLA-C*01:02,99.28660326086957,34038.82674367775,0.021094602067023516
RVRVRRTLRKMQT,HLA-C*07:01,99.28660326086957,33860.6183084573,0.021094602067023516
RVRVRRTLRKMQTA,HLA-A*01:01,31.643179347826077,34788.607592163105,0.28175530303269625
RVRVRRTLRKMQTA,HLA-B*08:01,27.61739130434782,33464.26260411962,0.28175530303269625
RVRVRRTLRKMQTA,HLA-B*27:05,27.61739130434782,31245.80869688185,0.28175530303269625
RVRVRRTLRKMQTA,HLA-C*01:02,27.61739130434782,34075.781969943666,0.28175530303269625
RVRVRRTLRKMQTA,HLA-C*07:01,27.61739130434782,34086.83352718721,0.28175530303269625
SFRRVRVR,HLA-A*01:01,62.74467391304348,32795.4309025951,0.1332927590701729
SFRRVRVR,HLA-B*08:01,46.224673913043475,27408.7754838871,0.1332927590701729
SFRRVRVR,HLA-B*27:05,31.643179347826077,22745.511519550673,0.1332927590701729
SFRRVRVR,HLA-C*01:02,46.224673913043475,27017.75271704102,0.1332927590701729
SFRRVRVR,HLA-C*07:01,46.224673913043475,27737.379857253767,0.1332927590701729
SFRRVRVRR,HLA-A*01:01,99.28660326086957,30124.64401023921,0.046729394351132214
SFRRVRVRR,HLA-B*08:01,62.74467391304348,25181.547132948275,0.046729394351132214
SFRRVRVRR,HLA-B*27:05,15.160951086956516,7254.96784966637,0.046729394351132214
SFRRVRVRR,HLA-C*01:02,62.74467391304348,27456.711259245487,0.046729394351132214
SFRRVRVRR,HLA-C*07:01,62.74467391304348,25045.68894349874,0.046729394351132214
SFRRVRVRRT,HLA-A*01:01,99.28660326086957,34245.789829112284,0.009706427808851004
SFRRVRVRRT,HLA-B*08:01,99.28660326086957,31558.224011355902,0.009706427808851004
SFRRVRVRRT,HLA-B*27:05,99.28660326086957,26724.38058270852,0.009706427808851004
SFRRVRVRRT,HLA-C*01:02,99.28660326086957,32612.90353613764,0.009706427808851004
SFRRVRVRRT,HLA-C*07:01,99.28660326086957,32200.79855571291,0.009706427808851004
SFRRVRVRRTL,HLA-A*01:01,62.74467391304348,34166.12307836261,0.10203989822184667
SFRRVRVRRTL,HLA-B*08:01,46.224673913043475,25487.76128013426,0.10203989822184667
SFRRVRVRRTL,HLA-B*27:05,31.643179347826077,18863.311820138093,0.10203989822184667
SFRRVRVRRTL,HLA-C*01:02,46.224673913043475,28785.03218251984,0.10203989822184667
SFRRVRVRRTL,HLA-C*07:01,46.224673913043475,27502.05056005772,0.10203989822184667
SFRRVRVRRTLR,HLA-A*01:01,37.35904891304347,32906.053201678325,0.20394173683598638
SFRRVRVRRTLR,HLA-B*08:01,37.35904891304347,32205.91753665923,0.20394173683598638
SFRRVRVRRTLR,HLA-B*27:05,31.643179347826077,25776.383190159166,0.20394173683598638
SFRRVRVRRTLR,HLA-C*01:02,37.35904891304347,32148.880250542887,0.20394173683598638
SFRRVRVRRTLR,HLA-C*07:01,37.35904891304347,31789.631587803367,0.20394173683598638
SFRRVRVRRTLRK,HLA-A*01:01,99.28660326086957,33681.72362182862,0.015484940871829167
SFRRVRVRRTLRK,HLA-B*08:01,99.28660326086957,33200.58472988485,0.015484940871829167
SFRRVRVRRTLRK,HLA-B*27:05,99.28660326086957,28236.529411355445,0.015484940871829167
SFRRVRVRRTLRK,HLA-C*01:02,99.28660326086957,32703.05889317304,0.015484940871829167
SFRRVRVRRTLRK,HLA-C*07:01,99.28660326086957,32848.56076611379,0.015484940871829167
SFRRVRVRRTLRKM,HLA-A*01:01,99.28660326086957,34946.104977193114,0.02354664693120867
SFRRVRVRRTLRKM,HLA-B*08:01,99.28660326086957,33599.22899150117,0.02354664693120867
SFRRVRVRRTLRKM,HLA-B*27:05,99.28660326086957,31665.60722600306,0.02354664693120867
SFRRVRVRRTLRKM,HLA-C*01:02,99.28660326086957,33880.00748744497,0.02354664693120867
SFRRVRVRRTLRKM,HLA-C*07:01,99.28660326086957,34026.02307237536,0.02354664693120867
VKVLQASFRR,HLA-A*01:01,99.28660326086957,32490.388353993723,0.03119440445152577
VKVLQASFRR,HLA-B*08:01,99.28660326086957,32238.544592938717,0.03119440445152577
VKVLQASFRR,HLA-B*27:05,31.643179347826077,15752.734482742864,0.03119440445152577
VKVLQASFRR,HLA-C*01:02,99.28660326086957,31714.199116155065,0.03119440445152577
VKVLQASFRR,HLA-C*07:01,62.74467391304348,28005.41986662991,0.03119440445152577
VKVLQASFRRV,HLA-A*01:01,37.35904891304347,34377.35781870523,0.21254052105359733
VKVLQASFRRV,HLA-B*08:01,37.35904891304347,32522.14346560437,0.21254052105359733
VKVLQASFRRV,HLA-B*27:05,27.61739130434782,24861.498050361803,0.21254052105359733
VKVLQASFRRV,HLA-C*01:02,37.35904891304347,32666.9048651622,0.21254052105359733
VKVLQASFRRV,HLA-C*07:01,31.643179347826077,30272.26530804287,0.21254052105359733
VKVLQASFRRVR,HLA-A*01:01,27.61739130434782,33243.54380911287,0.2952624607132748
VKVLQASFRRVR,HLA-B*08:01,27.61739130434782,32185.735662059207,0.2952624607132748
VKVLQASFRRVR,HLA-B*27:05,18.61798913043478,23461.26491787922,0.2952624607132748
VKVLQASFRRVR,HLA-C*01:02,24.57923913043477,31265.974596091233,0.2952624607132748
VKVLQASFRRVR,HLA-C*07:01,24.57923913043477,30225.753702676342,0.2952624607132748
VKVLQASFRRVRV,HLA-A*01:01,99.28660326086957,34606.541162244925,0.07701567315962166
VKVLQASFRRVRV,HLA-B*08:01,99.28660326086957,33416.04479225451,0.07701567315962166
VKVLQASFRRVRV,HLA-B*27:05,62.74467391304348,30175.61181923772,0.07701567315962166
VKVLQASFRRVRV,HLA-C*01:02,99.28660326086957,33720.42802527756,0.07701567315962166
VKVLQASFRRVRV,HLA-C*07:01,99.28660326086957,34162.27353502638,0.07701567315962166
VKVLQASFRRVRVR,HLA-A*01:01,37.35904891304347,34178.5459255896,0.23101914720609784
VKVLQASFRRVRVR,HLA-B*08:01,37.35904891304347,33297.674565635854,0.23101914720609784
VKVLQASFRRVRVR,HLA-B*27:05,31.643179347826077,30688.172548291714,0.23101914720609784
VKVLQASFRRVRVR,HLA-C*01:02,37.35904891304347,33236.51086590522,0.23101914720609784
VKVLQASFRRVRVR,HLA-C*07:01,37.35904891304347,33602.40370432527,0.23101914720609784
VLQASFRR,HLA-A*01:01,99.28660326086957,30631.295907817228,0.02936223804135807
VLQASFRR,HLA-B*08:01,99.28660326086957,31762.345022691843,0.02936223804135807
VLQASFRR,HLA-B*27:05,62.74467391304348,27095.25953049805,0.02936223804135807
VLQASFRR,HLA-C*01:02,99.28660326086957,28059.736592164223,0.02936223804135807
VLQASFRR,HLA-C*07:01,99.28660326086957,30155.122953421174,0.02936223804135807
VLQASFRRV,HLA-A*01:01,37.35904891304347,28660.57996777251,0.17755217384546995
VLQASFRRV,HLA-B*08:01,20.2322554347826,15905.578696117524,0.17755217384546995
VLQASFRRV,HLA-B*27:05,20.2322554347826,16474.663296664192,0.17755217384546995
VLQASFRRV,HLA-C*01:02,5.788070652173886,3986.123397835175,0.17755217384546995
VLQASFRRV,HLA-C*07:01,31.643179347826077,24341.066926081257,0.17755217384546995
VLQASFRRVR,HLA-A*01:01,99.28660326086957,31216.07298470871,0.059210601553786546
VLQASFRRVR,HLA-B*08:01,62.74467391304348,29789.020447885698,0.059210601553786546
VLQASFRRVR,HLA-B*27:05,37.35904891304347,18236.489411723127,0.059210601553786546
VLQASFRRVR,HLA-C*01:02,62.74467391304348,27170.40455544393,0.059210601553786546
VLQASFRRVR,HLA-C*07:01,62.74467391304348,29361.46781242516,0.059210601553786546
VLQASFRRVRV,HLA-A*01:01,99.28660326086957,33111.775863336814,0.01769388688262552
VLQASFRRVRV,HLA-B*08:01,99.28660326086957,30854.282844980873,0.01769388688262552
VLQASFRRVRV,HLA-B*27:05,62.74467391304348,25315.57994352508,0.01769388688262552
VLQASFRRVRV,HLA-C*01:02,99.28660326086957,28984.332870120015,0.01769388688262552
VLQASFRRVRV,HLA-C*07:01,99.28660326086957,31005.007233264823,0.01769388688262552
VLQASFRRVRVR,HLA-A*01:01,46.224673913043475,31699.342378689867,0.14448479309794493
VLQASFRRVRVR,HLA-B*08:01,46.224673913043475,31242.640537048705,0.14448479309794493
VLQASFRRVRVR,HLA-B*27:05,37.35904891304347,24255.2438358786,0.14448479309794493
VLQASFRRVRVR,HLA-C*01:02,46.224673913043475,29736.24183781994,0.14448479309794493
VLQASFRRVRVR,HLA-C*07:01,46.224673913043475,30471.305269647815,0.14448479309794493
VLQASFRRVRVRR,HLA-A*01:01,99.28660326086957,33158.59385977923,0.0627618384314701
VLQASFRRVRVRR,HLA-B*08:01,99.28660326086957,32832.615415931075,0.0627618384314701
VLQASFRRVRVRR,HLA-B*27:05,62.74467391304348,28393.255374867746,0.0627618384314701
VLQASFRRVRVRR,HLA-C*01:02,99.28660326086957,32152.684611374472,0.0627618384314701
VLQASFRRVRVRR,HLA-C*07:01,99.28660326086957,32468.26980851475,0.0627618384314701
VLQASFRRVRVRRT,HLA-A*01:01,99.28660326086957,35033.09759270793,0.020170828924165107
VLQASFRRVRVRRT,HLA-B*08:01,99.28660326086957,34061.90997363144,0.020170828924165107
VLQASFRRVRVRRT,HLA-B*27:05,99.28660326086957,33197.77628079668,0.020170828924165107
VLQASFRRVRVRRT,HLA-C*01:02,99.28660326086957,34321.55811682184,0.020170828924165107
VLQASFRRVRVRRT,HLA-C*07:01,99.28660326086957,34420.91768584391,0.020170828924165107
AHCHHLFK,HLA-A*01:01,99.28660326086957,31210.003667566336,0.03370934810664039
AHCHHLFK,HLA-B*08:01,99.28660326086957,31204.651565097764,0.03370934810664039
AHCHHLFK,HLA-B*27:05,46.224673913043475,18917.662144423353,0.03370934810664039
AHCHHLFK,HLA-C*01:02,62.74467391304348,25848.213364146795,0.03370934810664039
AHCHHLFK,HLA-C*07:01,37.35904891304347,18428.78596677204,0.03370934810664039
AHCHHLFKT,HLA-A*01:01,99.28660326086957,32901.481764102915,0.022901944175828248
AHCHHLFKT,HLA-B*08:01,62.74467391304348,27226.508909499124,0.022901944175828248
AHCHHLFKT,HLA-B*27:05,46.224673913043475,18357.909942193157,0.022901944175828248
AHCHHLFKT,HLA-C*01:02,99.28660326086957,27836.483528636185,0.022901944175828248
AHCHHLFKT,HLA-C*07:01,46.224673913043475,18011.150825802106,0.022901944175828248
AHCHHLFKTV,HLA-A*01:01,27.61739130434782,33949.582366105424,0.30461119674146175
AHCHHLFKTV,HLA-B*08:01,20.2322554347826,26400.46271120572,0.30461119674146175
AHCHHLFKTV,HLA-B*27:05,14.277038043478257,17107.98448886873,0.30461119674146175
AHCHHLFKTV,HLA-C*01:02,18.61798913043478,23841.74673451076,0.30461119674146175
AHCHHLFKTV,HLA-C*07:01,11.6303260869565,13780.51671058808,0.30461119674146175
AHCHHLFKTVR,HLA-A*01:01,46.224673913043475,33146.43765697566,0.18432113365270197
AHCHHLFKTVR,HLA-B*08:01,37.35904891304347,31206.564928450527,0.18432113365270197
AHCHHLFKTVR,HLA-B*27:05,22.19230978260869,18196.28249292902,0.18432113365270197
AHCHHLFKTVR,HLA-C*01:02,37.35904891304347,29574.91048581335,0.18432113365270197
AHCHHLFKTVR,HLA-C*07:01,27.61739130434782,22979.89842767061,0.18432113365270197
AHCHHLFKTVRI,HLA-A*01:01,31.643179347826077,34386.55298945489,0.2807761915028095
AHCHHLFKTVRI,HLA-B*08:01,27.61739130434782,31830.652416183682,0.2807761915028095
AHCHHLFKTVRI,HLA-B*27:05,22.19230978260869,26017.6505094652,0.2807761915028095
AHCHHLFKTVRI,HLA-C*01:02,27.61739130434782,31936.307300685745,0.2807761915028095
AHCHHLFKTVRI,HLA-C*07:01,27.61739130434782,30876.411114352384,0.2807761915028095
AHCHHLFKTVRIY,HLA-A*01:01,37.35904891304347,31792.931847184416,0.21527249412611127
AHCHHLFKTVRIY,HLA-B*08:01,37.35904891304347,33294.43899799793,0.21527249412611127
AHCHHLFKTVRIY,HLA-B*27:05,27.61739130434782,26283.15782859719,0.21527249412611127
AHCHHLFKTVRIY,HLA-C*01:02,37.35904891304347,33037.04415601588,0.21527249412611127
AHCHHLFKTVRIY,HLA-C*07:01,31.643179347826077,30764.26435130291,0.21527249412611127
AHCHHLFKTVRIYQ,HLA-A*01:01,62.74467391304348,35113.54975038202,0.10288471938110888
AHCHHLFKTVRIYQ,HLA-B*08:01,62.74467391304348,34353.476821190154,0.10288471938110888
AHCHHLFKTVRIYQ,HLA-B*27:05,62.74467391304348,32856.023861573936,0.10288471938110888
AHCHHLFKTVRIYQ,HLA-C*01:02,62.74467391304348,34464.952622914,0.10288471938110888
AHCHHLFKTVRIYQ,HLA-C*07:01,62.74467391304348,34766.62663975996,0.10288471938110888
ALMIKFEE,HLA-A*01:01,62.74467391304348,33809.834725256005,0.0894370146561414
ALMIKFEE,HLA-B*08:01,62.74467391304348,29702.42128872932,0.0894370146561414
ALMIKFEE,HLA-B*27:05,62.74467391304348,27847.309454994986,0.0894370146561414
ALMIKFEE,HLA-C*01:02,62.74467391304348,31229.885261013387,0.0894370146561414
ALMIKFEE,HLA-C*07:01,62.74467391304348,31498.494794065948,0.0894370146561414
ALMIKFEEI,HLA-A*01:01,7.348016304347794,30207.224840220977,0.6613987311720848
ALMIKFEEI,HLA-B*08:01,0.1993750000000034,158.9525292202399,0.6613987311720848
ALMIKFEEI,HLA-B*27:05,0.7749456521737841,869.4328118599005,0.6613987311720848
ALMIKFEEI,HLA-C*01:02,0.48081521739128164,449.3322083999056,0.6613987311720848
ALMIKFEEI,HLA-C*07:01,2.851521739130362,8764.22452944964,0.6613987311720848
ALMIKFEEIW,HLA-A*01:01,31.643179347826077,28257.599971387113,0.20234422327484936
ALMIKFEEIW,HLA-B*08:01,31.643179347826077,28038.693096632764,0.20234422327484936
ALMIKFEEIW,HLA-B*27:05,18.61798913043478,15588.694525777468,0.20234422327484936
ALMIKFEEIW,HLA-C*01:02,31.643179347826077,27658.286514467476,0.20234422327484936
ALMIKFEEIW,HLA-C*07:01,31.643179347826077,26172.45469865823,0.20234422327484936
ALMIKFEEIWP,HLA-A*01:01,62.74467391304348,33781.14376717128,0.09063872031401843
ALMIKFEEIWP,HLA-B*08:01,62.74467391304348,32243.027168927976,0.09063872031401843
ALMIKFEEIWP,HLA-B*27:05,46.224673913043475,26543.039489467526,0.09063872031401843
ALMIKFEEIWP,HLA-C*01:02,62.74467391304348,32059.92402916059,0.09063872031401843
ALMIKFEEIWP,HLA-C*07:01,62.74467391304348,31864.07560495707,0.09063872031401843
ALMIKFEEIWPQ,HLA-A*01:01,37.35904891304347,32673.14081957303,0.19361045898403972
ALMIKFEEIWPQ,HLA-B*08:01,37.35904891304347,32296.600377189996,0.19361045898403972
ALMIKFEEIWPQ,HLA-B*27:05,24.57923913043477,21834.685666562593,0.19361045898403972
ALMIKFEEIWPQ,HLA-C*01:02,37.35904891304347,31646.695988239877,0.19361045898403972
ALMIKFEEIWPQ,HLA-C*07:01,37.35904891304347,30932.059574579824,0.19361045898403972
ALMIKFEEIWPQT,HLA-A*01:01,62.74467391304348,34303.73448058708,0.14163328596623614
ALMIKFEEIWPQT,HLA-B*08:01,46.224673913043475,33075.259376909555,0.14163328596623614
ALMIKFEEIWPQT,HLA-B*27:05,46.224673913043475,27974.904696000693,0.14163328596623614
ALMIKFEEIWPQT,HLA-C*01:02,46.224673913043475,32987.00233679021,0.14163328596623614
ALMIKFEEIWPQT,HLA-C*07:01,46.224673913043475,32786.767590452444,0.14163328596623614
ALMIKFEEIWPQTF,HLA-A*01:01,10.231983695652161,33482.37713692043,0.5877627390436828
ALMIKFEEIWPQTF,HLA-B*08:01,9.849456521739114,32692.74976921026,0.5877627390436828
ALMIKFEEIWPQTF,HLA-B*27:05,8.01565217391304,25518.69765337933,0.5877627390436828
ALMIKFEEIWPQTF,HLA-C*01:02,9.849456521739114,33001.43498808086,0.5877627390436828
ALMIKFEEIWPQTF,HLA-C*07:01,9.494239130434764,31435.17329331924,0.5877627390436828
CHHLFKTV,HLA-A*01:01,31.643179347826077,34088.51972656531,0.25713733909651637
CHHLFKTV,HLA-B*08:01,18.61798913043478,20025.154358913318,0.25713733909651637
CHHLFKTV,HLA-B*27:05,22.19230978260869,23274.106390509827,0.25713733909651637
CHHLFKTV,HLA-C*01:02,16.15755434782608,16926.431329057137,0.25713733909651637
CHHLFKTV,HLA-C*07:01,11.115788043478247,11397.171252603326,0.25713733909651637
CHHLFKTVR,HLA-A*01:01,62.74467391304348,30504.642136272483,0.06419943104265258
CHHLFKTVR,HLA-B*08:01,46.224673913043475,24769.497961317287,0.06419943104265258
CHHLFKTVR,HLA-B*27:05,17.305597826086952,8828.984693588314,0.06419943104265258
CHHLFKTVR,HLA-C*01:02,46.224673913043475,24495.576018406908,0.06419943104265258
CHHLFKTVR,HLA-C*07:01,24.57923913043477,12458.907861064512,0.06419943104265258
CHHLFKTVRI,HLA-A*01:01,31.643179347826077,33879.08893228821,0.2521493439562619
CHHLFKTVRI,HLA-B*08:01,24.57923913043477,24627.74000419755,0.2521493439562619
CHHLFKTVRI,HLA-B*27:05,16.15755434782608,16110.439598025343,0.2521493439562619
CHHLFKTVRI,HLA-C*01:02,27.61739130434782,27922.502005537946,0.2521493439562619
CHHLFKTVRI,HLA-C*07:01,20.2322554347826,21771.831192218615,0.2521493439562619
CHHLFKTVRIY,HLA-A*01:01,37.35904891304347,30395.557900754433,0.20158456964418292
CHHLFKTVRIY,HLA-B*08:01,37.35904891304347,31843.625854054324,0.20158456964418292
CHHLFKTVRIY,HLA-B*27:05,24.57923913043477,21513.277812203996,0.20158456964418292
CHHLFKTVRIY,HLA-C*01:02,37.35904891304347,31804.713446775477,0.20158456964418292
CHHLFKTVRIY,HLA-C*07:01,24.57923913043477,22230.02859344079,0.20158456964418292
CHHLFKTVRIYQ,HLA-A*01:01,62.74467391304348,34140.87561572069,0.14652196125825867
CHHLFKTVRIYQ,HLA-B*08:01,46.224673913043475,33330.21143954465,0.14652196125825867
CHHLFKTVRIYQ,HLA-B*27:05,46.224673913043475,28394.16750954854,0.14652196125825867
CHHLFKTVRIYQ,HLA-C*01:02,46.224673913043475,33214.89401170089,0.14652196125825867
CHHLFKTVRIYQ,HLA-C*07:01,46.224673913043475,31917.314029585377,0.14652196125825867
CHHLFKTVRIYQG,HLA-A*01:01,62.74467391304348,34677.061583084425,0.10383871529484168
CHHLFKTVRIYQG,HLA-B*08:01,62.74467391304348,33448.83788304784,0.10383871529484168
CHHLFKTVRIYQG,HLA-B*27:05,62.74467391304348,29803.083369236618,0.10383871529484168
CHHLFKTVRIYQG,HLA-C*01:02,62.74467391304348,33788.505570743524,0.10383871529484168
CHHLFKTVRIYQG,HLA-C*07:01,62.74467391304348,33550.670659021926,0.10383871529484168
CHHLFKTVRIYQGR,HLA-A*01:01,37.35904891304347,34512.92597483304,0.24610191001556814
CHHLFKTVRIYQGR,HLA-B*08:01,31.643179347826077,33862.06524659513,0.24610191001556814
CHHLFKTVRIYQGR,HLA-B*27:05,27.61739130434782,29946.432729562748,0.24610191001556814
CHHLFKTVRIYQGR,HLA-C*01:02,31.643179347826077,33368.78427192144,0.24610191001556814
CHHLFKTVRIYQGR,HLA-C*07:01,31.643179347826077,33650.21435254877,0.24610191001556814
DLAHCHHL,HLA-A*01:01,31.643179347826077,28508.212939740104,0.21388134895823896
DLAHCHHL,HLA-B*08:01,3.5626902173912214,2417.436222764803,0.21388134895823896
DLAHCHHL,HLA-B*27:05,24.57923913043477,22210.05181184507,0.21388134895823896
DLAHCHHL,HLA-C*01:02,7.558260869565203,6174.597116693846,0.21388134895823896
DLAHCHHL,HLA-C*07:01,24.57923913043477,21650.304504824115,0.21388134895823896
DLAHCHHLF,HLA-A*01:01,4.6575815217390755,4840.879170439394,0.30572140333242714
DLAHCHHLF,HLA-B*08:01,3.7645923913042765,3660.0101438651245,0.30572140333242714
DLAHCHHLF,HLA-B*27:05,3.5626902173912214,3388.922371658739,0.30572140333242714
DLAHCHHLF,HLA-C*01:02,6.327092391304319,6989.866001272623,0.30572140333242714
DLAHCHHLF,HLA-C*07:01,7.778097826086963,8988.408391087545,0.30572140333242714
DLAHCHHLFK,HLA-A*01:01,46.224673913043475,19478.2497080792,0.03192344825947657
DLAHCHHLFK,HLA-B*08:01,62.74467391304348,26857.74785790552,0.03192344825947657
DLAHCHHLFK,HLA-B*27:05,22.19230978260869,10043.436456795387,0.03192344825947657
DLAHCHHLFK,HLA-C*01:02,62.74467391304348,23946.93658310587,0.03192344825947657
DLAHCHHLFK,HLA-C*07:01,62.74467391304348,22693.472837061418,0.03192344825947657
DLAHCHHLFKT,HLA-A*01:01,99.28660326086957,31765.10546587604,0.030129027218208648
DLAHCHHLFKT,HLA-B*08:01,99.28660326086957,30963.966223409217,0.030129027218208648
DLAHCHHLFKT,HLA-B*27:05,62.74467391304348,26331.87598004958,0.030129027218208648
DLAHCHHLFKT,HLA-C*01:02,99.28660326086957,32122.308677560875,0.030129027218208648
DLAHCHHLFKT,HLA-C*07:01,99.28660326086957,31507.60132924943,0.030129027218208648
DLAHCHHLFKTV,HLA-A*01:01,24.57923913043477,33544.62274711193,0.33760239090770483
DLAHCHHLFKTV,HLA-B*08:01,22.19230978260869,31697.30119163972,0.33760239090770483
DLAHCHHLFKTV,HLA-B*27:05,20.2322554347826,27803.21704851454,0.33760239090770483
DLAHCHHLFKTV,HLA-C*01:02,22.19230978260869,31719.478032865358,0.33760239090770483
DLAHCHHLFKTV,HLA-C*07:01,22.19230978260869,31879.031778510467,0.33760239090770483
DLAHCHHLFKTVR,HLA-A*01:01,31.643179347826077,32811.6467032034,0.24205920193344355
DLAHCHHLFKTVR,HLA-B*08:01,31.643179347826077,32503.54919574996,0.24205920193344355
DLAHCHHLFKTVR,HLA-B*27:05,27.61739130434782,27386.64502369949,0.24205920193344355
DLAHCHHLFKTVR,HLA-C*01:02,31.643179347826077,32127.200219313712,0.24205920193344355
DLAHCHHLFKTVR,HLA-C*07:01,31.643179347826077,31652.46505824742,0.24205920193344355
DLAHCHHLFKTVRI,HLA-A*01:01,37.35904891304347,34975.81552758279,0.24044634588062763
DLAHCHHLFKTVRI,HLA-B*08:01,37.35904891304347,33858.79503471107,0.24044634588062763
DLAHCHHLFKTVRI,HLA-B*27:05,31.643179347826077,31782.212220738747,0.24044634588062763
DLAHCHHLFKTVRI,HLA-C*01:02,37.35904891304347,34254.26263693832,0.24044634588062763
DLAHCHHLFKTVRI,HLA-C*07:01,37.35904891304347,34121.74988134901,0.24044634588062763
DSQLEDLA,HLA-A*01:01,99.28660326086957,29690.541954236734,0.010272788698785007
DSQLEDLA,HLA-B*08:01,99.28660326086957,27904.774887644508,0.010272788698785007
DSQLEDLA,HLA-B*27:05,99.28660326086957,26963.711110362794,0.010272788698785007
DSQLEDLA,HLA-C*01:02,99.28660326086957,28330.407634829447,0.010272788698785007
DSQLEDLA,HLA-C*07:01,99.28660326086957,29831.82661117082,0.010272788698785007
DSQLEDLAH,HLA-A*01:01,9.849456521739114,4229.631226938118,0.02668426523450762
DSQLEDLAH,HLA-B*08:01,62.74467391304348,23728.42962326986,0.02668426523450762
DSQLEDLAH,HLA-B*27:05,12.187228260869546,5316.183896649003,0.02668426523450762
DSQLEDLAH,HLA-C*01:02,62.74467391304348,23198.40162122563,0.02668426523450762
DSQLEDLAH,HLA-C*07:01,46.224673913043475,18559.940587692054,0.02668426523450762
DSQLEDLAHC,HLA-A*01:01,62.74467391304348,24687.065747722638,0.005294825201417552
DSQLEDLAHC,HLA-B*08:01,99.28660326086957,26675.17094862296,0.005294825201417552
DSQLEDLAHC,HLA-B*27:05,46.224673913043475,19495.091860708482,0.005294825201417552
DSQLEDLAHC,HLA-C*01:02,99.28660326086957,27335.37489341208,0.005294825201417552
DSQLEDLAHC,HLA-C*07:01,99.28660326086957,27869.409226190422,0.005294825201417552
DSQLEDLAHCH,HLA-A*01:01,4.329592391304317,2904.7734352688067,0.18997302744537592
DSQLEDLAHCH,HLA-B*08:01,31.643179347826077,27647.059349183335,0.18997302744537592
DSQLEDLAHCH,HLA-B*27:05,14.277038043478257,11523.349198484055,0.18997302744537592
DSQLEDLAHCH,HLA-C*01:02,27.61739130434782,24112.13250360403,0.18997302744537592
DSQLEDLAHCH,HLA-C*07:01,24.57923913043477,20791.987169329142,0.18997302744537592
DSQLEDLAHCHH,HLA-A*01:01,24.57923913043477,12243.744625690999,0.05669768448569812
DSQLEDLAHCHH,HLA-B*08:01,62.74467391304348,30693.327691698876,0.05669768448569812
DSQLEDLAHCHH,HLA-B*27:05,37.35904891304347,18361.76710890816,0.05669768448569812
DSQLEDLAHCHH,HLA-C*01:02,62.74467391304348,27806.754185767633,0.05669768448569812
DSQLEDLAHCHH,HLA-C*07:01,62.74467391304348,26505.005875784973,0.05669768448569812
DSQLEDLAHCHHL,HLA-A*01:01,24.57923913043477,27083.620539349056,0.255062491632998
DSQLEDLAHCHHL,HLA-B*08:01,27.61739130434782,29894.095526677535,0.255062491632998
DSQLEDLAHCHHL,HLA-B*27:05,20.2322554347826,21642.855496046363,0.255062491632998
DSQLEDLAHCHHL,HLA-C*01:02,27.61739130434782,28269.339534892195,0.255062491632998
DSQLEDLAHCHHL,HLA-C*07:01,27.61739130434782,28740.165357474958,0.255062491632998
DSQLEDLAHCHHLF,HLA-A*01:01,27.61739130434782,25277.170086860144,0.2200950188562274
DSQLEDLAHCHHLF,HLA-B*08:01,31.643179347826077,31249.56262079296,0.2200950188562274
DSQLEDLAHCHHLF,HLA-B*27:05,24.57923913043477,23086.632949973755,0.2200950188562274
DSQLEDLAHCHHLF,HLA-C*01:02,31.643179347826077,30333.049537526913,0.2200950188562274
DSQLEDLAHCHHLF,HLA-C*07:01,31.643179347826077,29215.236960540344,0.2200950188562274
EDLAHCHH,HLA-A*01:01,62.74467391304348,25226.99002113761,0.042012960999272764
EDLAHCHH,HLA-B*08:01,99.28660326086957,31394.914832326394,0.042012960999272764
EDLAHCHH,HLA-B*27:05,62.74467391304348,24779.82315787238,0.042012960999272764
EDLAHCHH,HLA-C*01:02,99.28660326086957,30573.780220344404,0.042012960999272764
EDLAHCHH,HLA-C*07:01,62.74467391304348,28101.53603905583,0.042012960999272764
EDLAHCHHL,HLA-A*01:01,11.115788043478247,20782.906690715598,0.42175378277897835
EDLAHCHHL,HLA-B*08:01,2.5436413043477444,3028.98368969509,0.42175378277897835
EDLAHCHHL,HLA-B*27:05,3.326576086956436,4672.62009391412,0.42175378277897835
EDLAHCHHL,HLA-C*01:02,6.18413043478256,10371.507561822207,0.42175378277897835
EDLAHCHHL,HLA-C*07:01,5.913749999999965,9805.379924187222,0.42175378277897835
EDLAHCHHLF,HLA-A*01:01,11.115788043478247,19355.069844221292,0.41047551669180393
EDLAHCHHLF,HLA-B*08:01,13.500896739130425,24036.326452647932,0.41047551669180393
EDLAHCHHLF,HLA-B*27:05,6.327092391304319,10346.516458242033,0.41047551669180393
EDLAHCHHLF,HLA-C*01:02,15.160951086956516,26769.07984685055,0.41047551669180393
EDLAHCHHLF,HLA-C*07:01,11.115788043478247,19483.84627793355,0.41047551669180393
EDLAHCHHLFK,HLA-A*01:01,37.35904891304347,25571.132991043,0.13699007470859215
EDLAHCHHLFK,HLA-B*08:01,46.224673913043475,30792.83242251669,0.13699007470859215
EDLAHCHHLFK,HLA-B*27:05,20.2322554347826,14293.3573107731,0.13699007470859215
EDLAHCHHLFK,HLA-C*01:02,46.224673913043475,28977.56998238518,0.13699007470859215
EDLAHCHHLFK,HLA-C*07:01,37.35904891304347,25188.467358105674,0.13699007470859215
EDLAHCHHLFKT,HLA-A*01:01,62.74467391304348,32899.425228846434,0.09871150855906308
EDLAHCHHLFKT,HLA-B*08:01,62.74467391304348,32517.274363548928,0.09871150855906308
EDLAHCHHLFKT,HLA-B*27:05,46.224673913043475,27977.083715119526,0.09871150855906308
EDLAHCHHLFKT,HLA-C*01:02,62.74467391304348,32769.03395100381,0.09871150855906308
EDLAHCHHLFKT,HLA-C*07:01,62.74467391304348,31357.33865719027,0.09871150855906308
EDLAHCHHLFKTV,HLA-A*01:01,10.655842391304333,33872.349275884444,0.5740218926221132
EDLAHCHHLFKTV,HLA-B*08:01,10.231983695652161,32563.724282736548,0.5740218926221132
EDLAHCHHLFKTV,HLA-B*27:05,9.494239130434764,29321.555784430606,0.5740218926221132
EDLAHCHHLFKTV,HLA-C*01:02,10.231983695652161,32746.87275041135,0.5740218926221132
EDLAHCHHLFKTV,HLA-C*07:01,10.231983695652161,32540.524349774772,0.5740218926221132
EDLAHCHHLFKTVR,HLA-A*01:01,22.19230978260869,34019.3113653889,0.3561252267099917
EDLAHCHHLFKTVR,HLA-B*08:01,22.19230978260869,32865.87405326995,0.3561252267099917
EDLAHCHHLFKTVR,HLA-B*27:05,18.61798913043478,29076.92031294806,0.3561252267099917
EDLAHCHHLFKTVR,HLA-C*01:02,22.19230978260869,33013.411066534856,0.3561252267099917
EDLAHCHHLFKTVR,HLA-C*07:01,22.19230978260869,32667.715895913367,0.3561252267099917
EEIWPQTF,HLA-A*01:01,17.305597826086952,26717.53676818926,0.3575777309015393
EEIWPQTF,HLA-B*08:01,16.15755434782608,24281.952917314095,0.3575777309015393
EEIWPQTF,HLA-B*27:05,12.187228260869546,17646.611749282678,0.3575777309015393
EEIWPQTF,HLA-C*01:02,16.15755434782608,23931.760725134915,0.3575777309015393
EEIWPQTF,HLA-C*07:01,10.231983695652161,14536.875805948146,0.3575777309015393
EEIWPQTFH,HLA-A*01:01,12.805461956521725,20221.36523116599,0.38091783691197634
EEIWPQTFH,HLA-B*08:01,18.61798913043478,30396.606033051805,0.38091783691197634
EEIWPQTFH,HLA-B*27:05,8.839293478260856,13302.608986748006,0.38091783691197634
EEIWPQTFH,HLA-C*01:02,18.61798913043478,29601.383787824736,0.38091783691197634
EEIWPQTFH,HLA-C*07:01,12.805461956521725,20504.23069463281,0.38091783691197634
EIWPQTFH,HLA-A*01:01,37.35904891304347,27446.647403023304,0.18119385838508606
EIWPQTFH,HLA-B*08:01,46.224673913043475,32324.209891667255,0.18119385838508606
EIWPQTFH,HLA-B*27:05,31.643179347826077,26345.85400696297,0.18119385838508606
EIWPQTFH,HLA-C*01:02,37.35904891304347,29498.115025231727,0.18119385838508606
EIWPQTFH,HLA-C*07:01,37.35904891304347,28755.411602444314,0.18119385838508606
FEEIWPQT,HLA-A*01:01,99.28660326086957,29188.14532823094,0.021778524067485705
FEEIWPQT,HLA-B*08:01,99.28660326086957,28765.782583326676,0.021778524067485705
FEEIWPQT,HLA-B*27:05,62.74467391304348,26192.26235031235,0.021778524067485705
FEEIWPQT,HLA-C*01:02,62.74467391304348,24705.01722870458,0.021778524067485705
FEEIWPQT,HLA-C*07:01,99.28660326086957,27418.017368495697,0.021778524067485705
FEEIWPQTF,HLA-A*01:01,3.1065489130433974,4910.468708861973,0.46393400989472866
FEEIWPQTF,HLA-B*08:01,3.454483695652087,5741.71879074295,0.46393400989472866
FEEIWPQTF,HLA-B*27:05,1.7952717391303565,1860.8662247163543,0.46393400989472866
FEEIWPQTF,HLA-C*01:02,2.7954347826086234,4125.174673810728,0.46393400989472866
FEEIWPQTF,HLA-C*07:01,1.5028804347825258,1332.2912532787511,0.46393400989472866
FEEIWPQTFH,HLA-A*01:01,18.61798913043478,15119.807347241445,0.18261857703328133
FEEIWPQTFH,HLA-B*08:01,37.35904891304347,30562.192214006594,0.18261857703328133
FEEIWPQTFH,HLA-B*27:05,18.61798913043478,15296.209980522626,0.18261857703328133
FEEIWPQTFH,HLA-C*01:02,31.643179347826077,27113.27583733989,0.18261857703328133
FEEIWPQTFH,HLA-C*07:01,27.61739130434782,23627.900004889383,0.18261857703328133
FKTVRIYQ,HLA-A*01:01,46.224673913043475,33966.00850148626,0.1860254085622728
FKTVRIYQ,HLA-B*08:01,37.35904891304347,31455.273890220804,0.1860254085622728
FKTVRIYQ,HLA-B*27:05,37.35904891304347,28309.919616129486,0.1860254085622728
FKTVRIYQ,HLA-C*01:02,37.35904891304347,31632.551592215394,0.1860254085622728
FKTVRIYQ,HLA-C*07:01,37.35904891304347,29912.616666452694,0.1860254085622728
FKTVRIYQG,HLA-A*01:01,62.74467391304348,33914.85954967492,0.13461807742714882
FKTVRIYQG,HLA-B*08:01,46.224673913043475,27091.320090178026,0.13461807742714882
FKTVRIYQG,HLA-B*27:05,31.643179347826077,21865.84463914697,0.13461807742714882
FKTVRIYQG,HLA-C*01:02,46.224673913043475,31707.091040003575,0.13461807742714882
FKTVRIYQG,HLA-C*07:01,46.224673913043475,27508.291681820785,0.13461807742714882
FKTVRIYQGR,HLA-A*01:01,37.35904891304347,32990.32903327497,0.1919315168634057
FKTVRIYQGR,HLA-B*08:01,37.35904891304347,31207.66014655519,0.1919315168634057
FKTVRIYQGR,HLA-B*27:05,22.19230978260869,19242.44573317694,0.1919315168634057
FKTVRIYQGR,HLA-C*01:02,37.35904891304347,31653.20286780162,0.1919315168634057
FKTVRIYQGR,HLA-C*07:01,31.643179347826077,27675.943610162685,0.1919315168634057
FKTVRIYQGRV,HLA-A*01:01,99.28660326086957,34517.45529622201,0.028865891974419355
FKTVRIYQGRV,HLA-B*08:01,99.28660326086957,32583.78357604447,0.028865891974419355
FKTVRIYQGRV,HLA-B*27:05,99.28660326086957,27912.948311874738,0.028865891974419355
FKTVRIYQGRV,HLA-C*01:02,99.28660326086957,33145.22536794315,0.028865891974419355
FKTVRIYQGRV,HLA-C*07:01,99.28660326086957,30940.830991945295,0.028865891974419355
FKTVRIYQGRVV,HLA-A*01:01,24.57923913043477,34355.83508010521,0.34398204181343317
FKTVRIYQGRVV,HLA-B*08:01,22.19230978260869,32468.256459853495,0.34398204181343317
FKTVRIYQGRVV,HLA-B*27:05,20.2322554347826,28813.772612983914,0.34398204181343317
FKTVRIYQGRVV,HLA-C*01:02,22.19230978260869,32150.51341267298,0.34398204181343317
FKTVRIYQGRVV,HLA-C*07:01,22.19230978260869,32231.537901825788,0.34398204181343317
FKTVRIYQGRVVP,HLA-A*01:01,12.805461956521725,34773.18198808393,0.5279426481574774
FKTVRIYQGRVVP,HLA-B*08:01,12.805461956521725,34089.35018207581,0.5279426481574774
FKTVRIYQGRVVP,HLA-B*27:05,11.6303260869565,31687.78794828015,0.5279426481574774
FKTVRIYQGRVVP,HLA-C*01:02,12.187228260869546,33803.0308429877,0.5279426481574774
FKTVRIYQGRVVP,HLA-C*07:01,12.805461956521725,34191.98671213372,0.5279426481574774
FKTVRIYQGRVVPF,HLA-A*01:01,31.643179347826077,34887.46055359714,0.2499196520075202
FKTVRIYQGRVVPF,HLA-B*08:01,31.643179347826077,33609.312019756566,0.2499196520075202
FKTVRIYQGRVVPF,HLA-B*27:05,31.643179347826077,32017.04450667212,0.2499196520075202
FKTVRIYQGRVVPF,HLA-C*01:02,31.643179347826077,34165.879809637205,0.2499196520075202
FKTVRIYQGRVVPF,HLA-C*07:01,31.643179347826077,34721.11099802444,0.2499196520075202
FTKALMIK,HLA-A*01:01,62.74467391304348,26594.59398828577,0.05319069721736014
FTKALMIK,HLA-B*08:01,62.74467391304348,30339.97181127198,0.05319069721736014
FTKALMIK,HLA-B*27:05,62.74467391304348,24351.17495691739,0.05319069721736014
FTKALMIK,HLA-C*01:02,46.224673913043475,23463.899454400405,0.05319069721736014
FTKALMIK,HLA-C*07:01,62.74467391304348,28096.562639784697,0.05319069721736014
FTKALMIKF,HLA-A*01:01,5.554945652173885,4610.699586385418,0.2319350792095065
FTKALMIKF,HLA-B*08:01,4.454592391304317,3503.0512332405633,0.2319350792095065
FTKALMIKF,HLA-B*27:05,2.1200543478259988,1084.0964310508186,0.2319350792095065
FTKALMIKF,HLA-C*01:02,3.8986413043477626,2921.689733366072,0.2319350792095065
FTKALMIKF,HLA-C*07:01,1.6081793478259954,647.4591791518895,0.2319350792095065
FTKALMIKFE,HLA-A*01:01,99.28660326086957,31337.815742189072,0.00937829419854097
FTKALMIKFE,HLA-B*08:01,99.28660326086957,32265.195539718974,0.00937829419854097
FTKALMIKFE,HLA-B*27:05,62.74467391304348,25479.11046851386,0.00937829419854097
FTKALMIKFE,HLA-C*01:02,99.28660326086957,32167.704160735215,0.00937829419854097
FTKALMIKFE,HLA-C*07:01,99.28660326086957,31380.01806742997,0.00937829419854097
FTKALMIKFEE,HLA-A*01:01,99.28660326086957,32353.87040073182,0.013068102241959423
FTKALMIKFEE,HLA-B*08:01,99.28660326086957,32370.017783802847,0.013068102241959423
FTKALMIKFEE,HLA-B*27:05,62.74467391304348,26130.14727340927,0.013068102241959423
FTKALMIKFEE,HLA-C*01:02,99.28660326086957,32544.41716361887,0.013068102241959423
FTKALMIKFEE,HLA-C*07:01,99.28660326086957,31433.49816887823,0.013068102241959423
FTKALMIKFEEI,HLA-A*01:01,46.224673913043475,32895.54205896645,0.14752910751849413
FTKALMIKFEEI,HLA-B*08:01,46.224673913043475,32108.941244942096,0.14752910751849413
FTKALMIKFEEI,HLA-B*27:05,37.35904891304347,27154.800158450955,0.14752910751849413
FTKALMIKFEEI,HLA-C*01:02,46.224673913043475,31129.35129188156,0.14752910751849413
FTKALMIKFEEI,HLA-C*07:01,46.224673913043475,30993.033920092887,0.14752910751849413
FTKALMIKFEEIW,HLA-A*01:01,62.74467391304348,28062.65042207434,0.05507750375545584
FTKALMIKFEEIW,HLA-B*08:01,99.28660326086957,32782.74860098831,0.05507750375545584
FTKALMIKFEEIW,HLA-B*27:05,62.74467391304348,28624.559629780466,0.05507750375545584
FTKALMIKFEEIW,HLA-C*01:02,99.28660326086957,32364.053488591107,0.05507750375545584
FTKALMIKFEEIW,HLA-C*07:01,99.28660326086957,30925.86585343872,0.05507750375545584
FTKALMIKFEEIWP,HLA-A*01:01,99.28660326086957,35297.37536519219,0.014140342478640378
FTKALMIKFEEIWP,HLA-B*08:01,99.28660326086957,34238.97053062291,0.014140342478640378
FTKALMIKFEEIWP,HLA-B*27:05,99.28660326086957,32004.199847590444,0.014140342478640378
FTKALMIKFEEIWP,HLA-C*01:02,99.28660326086957,34584.9340440327,0.014140342478640378
FTKALMIKFEEIWP,HLA-C*07:01,99.28660326086957,33953.8917297312,0.014140342478640378
GRVVPFTK,HLA-A*01:01,46.224673913043475,32745.375728934563,0.17053737211972475
GRVVPFTK,HLA-B*08:01,46.224673913043475,30804.28202677911,0.17053737211972475
GRVVPFTK,HLA-B*27:05,0.8492119565216427,168.07430286681094,0.17053737211972475
GRVVPFTK,HLA-C*01:02,31.643179347826077,25409.626342739593,0.17053737211972475
GRVVPFTK,HLA-C*07:01,2.6173369565216404,1265.8390145950605,0.17053737211972475
GRVVPFTKA,HLA-A*01:01,15.160951086956516,33634.93032448676,0.4676568992435932
GRVVPFTKA,HLA-B*08:01,11.6303260869565,25104.679783509157,0.4676568992435932
GRVVPFTKA,HLA-B*27:05,0.3167663043477944,131.33524608229015,0.4676568992435932
GRVVPFTKA,HLA-C*01:02,10.231983695652161,21877.820956399806,0.4676568992435932
GRVVPFTKA,HLA-C*07:01,0.4579891304347541,208.83070812848067,0.4676568992435932
GRVVPFTKAL,HLA-A*01:01,62.74467391304348,34029.29770849294,0.12194902170449495
GRVVPFTKAL,HLA-B*08:01,37.35904891304347,22690.90834159121,0.12194902170449495
GRVVPFTKAL,HLA-B*27:05,0.5849728260868972,82.26443226291556,0.12194902170449495
GRVVPFTKAL,HLA-C*01:02,27.61739130434782,18050.85015990716,0.12194902170449495
GRVVPFTKAL,HLA-C*07:01,0.5828532608695269,81.82385392644471,0.12194902170449495
GRVVPFTKALM,HLA-A*01:01,62.74467391304348,33971.23002465247,0.11146959173493087
GRVVPFTKALM,HLA-B*08:01,46.224673913043475,28403.667697462228,0.11146959173493087
GRVVPFTKALM,HLA-B*27:05,0.846820652173804,134.96384283331906,0.11146959173493087
GRVVPFTKALM,HLA-C*01:02,46.224673913043475,26366.626713642298,0.11146959173493087
GRVVPFTKALM,HLA-C*07:01,1.2177173913042338,250.42129567788328,0.11146959173493087
GRVVPFTKALMI,HLA-A*01:01,27.61739130434782,33871.835044620726,0.30465167365036905
GRVVPFTKALMI,HLA-B*08:01,24.57923913043477,30078.098438437824,0.30465167365036905
GRVVPFTKALMI,HLA-B*27:05,2.222146739130366,1537.756784102632,0.30465167365036905
GRVVPFTKALMI,HLA-C*01:02,22.19230978260869,29136.45938500118,0.30465167365036905
GRVVPFTKALMI,HLA-C*07:01,8.839293478260856,10087.981559191861,0.30465167365036905
GRVVPFTKALMIK,HLA-A*01:01,37.35904891304347,32117.076638787818,0.21400793083012104
GRVVPFTKALMIK,HLA-B*08:01,37.35904891304347,31626.48619855395,0.21400793083012104
GRVVPFTKALMIK,HLA-B*27:05,3.0595108695651447,1933.0546640436487,0.21400793083012104
GRVVPFTKALMIK,HLA-C*01:02,31.643179347826077,29089.247656831012,0.21400793083012104
GRVVPFTKALMIK,HLA-C*07:01,24.57923913043477,21429.119669943237,0.21400793083012104
GRVVPFTKALMIKF,HLA-A*01:01,27.61739130434782,33871.9027618717,0.30396533850580454
GRVVPFTKALMIKF,HLA-B*08:01,24.57923913043477,32432.293250625076,0.30396533850580454
GRVVPFTKALMIKF,HLA-B*27:05,6.479157608695644,7168.419322666918,0.30396533850580454
GRVVPFTKALMIKF,HLA-C*01:02,27.61739130434782,32818.11730470676,0.30396533850580454
GRVVPFTKALMIKF,HLA-C*07:01,20.2322554347826,26201.526511840915,0.30396533850580454
HCHHLFKT,HLA-A*01:01,99.28660326086957,33296.84292937369,0.0021177108628762653
HCHHLFKT,HLA-B*08:01,99.28660326086957,30255.172870701004,0.0021177108628762653
HCHHLFKT,HLA-B*27:05,99.28660326086957,29069.368938242544,0.0021177108628762653
HCHHLFKT,HLA-C*01:02,99.28660326086957,29298.446561123605,0.0021177108628762653
HCHHLFKT,HLA-C*07:01,99.28660326086957,31064.129345180445,0.0021177108628762653
HCHHLFKTV,HLA-A*01:01,62.74467391304348,29481.63116418768,0.08727443555835634
HCHHLFKTV,HLA-B*08:01,6.047907608695624,2959.944316039668,0.08727443555835634
HCHHLFKTV,HLA-B*27:05,7.348016304347794,3766.096664947878,0.08727443555835634
HCHHLFKTV,HLA-C*01:02,2.5035597826086047,867.4366139009387,0.08727443555835634
HCHHLFKTV,HLA-C*07:01,17.305597826086952,9511.410674791394,0.08727443555835634
HCHHLFKTVR,HLA-A*01:01,99.28660326086957,30687.770791998853,0.017642655613599345
HCHHLFKTVR,HLA-B*08:01,99.28660326086957,27921.847554074553,0.017642655613599345
HCHHLFKTVR,HLA-B*27:05,31.643179347826077,14527.965409343124,0.017642655613599345
HCHHLFKTVR,HLA-C*01:02,99.28660326086957,26842.29424536014,0.017642655613599345
HCHHLFKTVR,HLA-C*07:01,99.28660326086957,27441.04629069099,0.017642655613599345
HCHHLFKTVRI,HLA-A*01:01,99.28660326086957,33780.11576702552,0.045066843391396105
HCHHLFKTVRI,HLA-B*08:01,99.28660326086957,29698.541264836986,0.045066843391396105
HCHHLFKTVRI,HLA-B*27:05,46.224673913043475,21954.06746777638,0.045066843391396105
HCHHLFKTVRI,HLA-C*01:02,62.74467391304348,27836.693455626566,0.045066843391396105
HCHHLFKTVRI,HLA-C*07:01,99.28660326086957,29869.433921704116,0.045066843391396105
HCHHLFKTVRIY,HLA-A*01:01,99.28660326086957,28426.99787104026,0.032504398724995553
HCHHLFKTVRIY,HLA-B*08:01,99.28660326086957,32355.184159078442,0.032504398724995553
HCHHLFKTVRIY,HLA-B*27:05,62.74467391304348,24759.083857417954,0.032504398724995553
HCHHLFKTVRIY,HLA-C*01:02,99.28660326086957,32179.370807512194,0.032504398724995553
HCHHLFKTVRIY,HLA-C*07:01,99.28660326086957,30443.63418480868,0.032504398724995553
HCHHLFKTVRIYQ,HLA-A*01:01,99.28660326086957,34276.98657187386,0.014652419020421803
HCHHLFKTVRIYQ,HLA-B*08:01,99.28660326086957,33612.693075478484,0.014652419020421803
HCHHLFKTVRIYQ,HLA-B*27:05,99.28660326086957,30506.3152239927,0.014652419020421803
HCHHLFKTVRIYQ,HLA-C*01:02,99.28660326086957,33785.42616686506,0.014652419020421803
HCHHLFKTVRIYQ,HLA-C*07:01,99.28660326086957,33503.16463988233,0.014652419020421803
HCHHLFKTVRIYQG,HLA-A*01:01,99.28660326086957,35374.13218508609,0.01449387491447851
HCHHLFKTVRIYQG,HLA-B*08:01,99.28660326086957,34101.996654995,0.01449387491447851
HCHHLFKTVRIYQG,HLA-B*27:05,99.28660326086957,31777.41790680509,0.01449387491447851
HCHHLFKTVRIYQG,HLA-C*01:02,99.28660326086957,34275.48190852319,0.01449387491447851
HCHHLFKTVRIYQG,HLA-C*07:01,99.28660326086957,34291.50718277742,0.01449387491447851
HHLFKTVR,HLA-A*01:01,62.74467391304348,32488.606975612776,0.08438104920787737
HHLFKTVR,HLA-B*08:01,46.224673913043475,24090.329224909114,0.08438104920787737
HHLFKTVR,HLA-B*27:05,31.643179347826077,18008.36577649208,0.08438104920787737
HHLFKTVR,HLA-C*01:02,46.224673913043475,26205.722733454182,0.08438104920787737
HHLFKTVR,HLA-C*07:01,31.643179347826077,17275.65706207922,0.08438104920787737
HHLFKTVRI,HLA-A*01:01,10.231983695652161,33353.47897899985,0.5883939974009991
HHLFKTVRI,HLA-B*08:01,1.975027173912963,3489.404889036729,0.5883939974009991
HHLFKTVRI,HLA-B*27:05,1.676195652173817,2575.2007700242084,0.5883939974009991
HHLFKTVRI,HLA-C*01:02,4.807092391304323,13980.892941305514,0.5883939974009991
HHLFKTVRI,HLA-C*07:01,1.3381249999999199,1685.770768751939,0.5883939974009991
HHLFKTVRIY,HLA-A*01:01,31.643179347826077,25542.826828791553,0.18715351447463036
HHLFKTVRIY,HLA-B*08:01,37.35904891304347,28096.92854740994,0.18715351447463036
HHLFKTVRIY,HLA-B*27:05,9.15535326086956,6945.228042896359,0.18715351447463036
HHLFKTVRIY,HLA-C*01:02,37.35904891304347,29579.937039550634,0.18715351447463036
HHLFKTVRIY,HLA-C*07:01,4.519266304347795,3032.503254447268,0.18715351447463036
HHLFKTVRIYQ,HLA-A*01:01,46.224673913043475,34114.46713804525,0.1681578189600259
HHLFKTVRIYQ,HLA-B*08:01,46.224673913043475,32281.105445217803,0.1681578189600259
HHLFKTVRIYQ,HLA-B*27:05,31.643179347826077,24107.22800481393,0.1681578189600259
HHLFKTVRIYQ,HLA-C*01:02,46.224673913043475,32610.89001308171,0.1681578189600259
HHLFKTVRIYQ,HLA-C*07:01,37.35904891304347,29146.206638421318,0.1681578189600259
HHLFKTVRIYQG,HLA-A*01:01,46.224673913043475,34808.237940290564,0.17384726414456964
HHLFKTVRIYQG,HLA-B*08:01,46.224673913043475,32729.291488958883,0.17384726414456964
HHLFKTVRIYQG,HLA-B*27:05,37.35904891304347,27859.822042920103,0.17384726414456964
HHLFKTVRIYQG,HLA-C*01:02,46.224673913043475,33540.869321213715,0.17384726414456964
HHLFKTVRIYQG,HLA-C*07:01,46.224673913043475,32662.505148782657,0.17384726414456964
HHLFKTVRIYQGR,HLA-A*01:01,20.2322554347826,33752.22805781142,0.3734066840261221
HHLFKTVRIYQGR,HLA-B*08:01,20.2322554347826,32781.677517434866,0.3734066840261221
HHLFKTVRIYQGR,HLA-B*27:05,17.305597826086952,27067.85116133354,0.3734066840261221
HHLFKTVRIYQGR,HLA-C*01:02,20.2322554347826,32388.1985916375,0.3734066840261221
HHLFKTVRIYQGR,HLA-C*07:01,20.2322554347826,32518.139808990498,0.3734066840261221
HHLFKTVRIYQGRV,HLA-A*01:01,99.28660326086957,35097.229792165075,0.0375462454976514
HHLFKTVRIYQGRV,HLA-B*08:01,99.28660326086957,34117.69768543372,0.0375462454976514
HHLFKTVRIYQGRV,HLA-B*27:05,99.28660326086957,32786.430139457945,0.0375462454976514
HHLFKTVRIYQGRV,HLA-C*01:02,99.28660326086957,34335.198796148885,0.0375462454976514
HHLFKTVRIYQGRV,HLA-C*07:01,99.28660326086957,34821.062052466885,0.0375462454976514
HLFKTVRI,HLA-A*01:01,11.6303260869565,32714.985503380485,0.537585124373436
HLFKTVRI,HLA-B*08:01,3.599483695652097,7999.927834359307,0.537585124373436
HLFKTVRI,HLA-B*27:05,8.839293478260856,23691.327857296084,0.537585124373436
HLFKTVRI,HLA-C*01:02,3.1065489130433974,6462.737815370202,0.537585124373436
HLFKTVRI,HLA-C*07:01,8.269211956521715,22331.800439782382,0.537585124373436
HLFKTVRIY,HLA-A*01:01,2.4772826086955604,2537.627209150544,0.3870541173964739
HLFKTVRIY,HLA-B*08:01,8.839293478260856,13777.6623329969,0.3870541173964739
HLFKTVRIY,HLA-B*27:05,2.6173369565216404,2802.308267041861,0.3870541173964739
HLFKTVRIY,HLA-C*01:02,4.519266304347795,6202.396752647815,0.3870541173964739
HLFKTVRIY,HLA-C*07:01,1.3658152173912157,839.8788727533397,0.3870541173964739
HLFKTVRIYQ,HLA-A*01:01,62.74467391304348,31759.06457975368,0.11134337063413113
HLFKTVRIYQ,HLA-B*08:01,62.74467391304348,30605.607322770706,0.11134337063413113
HLFKTVRIYQ,HLA-B*27:05,37.35904891304347,22319.962720479467,0.11134337063413113
HLFKTVRIYQ,HLA-C*01:02,46.224673913043475,29433.611466123562,0.11134337063413113
HLFKTVRIYQ,HLA-C*07:01,62.74467391304348,30397.535354159543,0.11134337063413113
HLFKTVRIYQG,HLA-A*01:01,46.224673913043475,33820.45479886207,0.18878867849707603
HLFKTVRIYQG,HLA-B*08:01,37.35904891304347,31948.039785909237,0.18878867849707603
HLFKTVRIYQG,HLA-B*27:05,31.643179347826077,26342.99601113354,0.18878867849707603
HLFKTVRIYQG,HLA-C*01:02,37.35904891304347,32181.961635375017,0.18878867849707603
HLFKTVRIYQG,HLA-C*07:01,37.35904891304347,31522.138230531647,0.18878867849707603
HLFKTVRIYQGR,HLA-A*01:01,17.305597826086952,31941.029285792752,0.41097340546548367
HLFKTVRIYQGR,HLA-B*08:01,17.305597826086952,31973.838280852426,0.41097340546548367
HLFKTVRIYQGR,HLA-B*27:05,13.500896739130425,23730.542826021334,0.41097340546548367
HLFKTVRIYQGR,HLA-C*01:02,16.15755434782608,29321.32201374589,0.41097340546548367
HLFKTVRIYQGR,HLA-C*07:01,16.15755434782608,29059.474966239544,0.41097340546548367
HLFKTVRIYQGRV,HLA-A*01:01,99.28660326086957,34164.36246608443,0.041830566187854856
HLFKTVRIYQGRV,HLA-B*08:01,99.28660326086957,33425.96917301724,0.041830566187854856
HLFKTVRIYQGRV,HLA-B*27:05,99.28660326086957,30255.50506150755,0.041830566187854856
HLFKTVRIYQGRV,HLA-C*01:02,99.28660326086957,33374.70880368783,0.041830566187854856
HLFKTVRIYQGRV,HLA-C*07:01,99.28660326086957,33290.88793894707,0.041830566187854856
HLFKTVRIYQGRVV,HLA-A*01:01,16.15755434782608,34533.92206354128,0.4488032888621092
HLFKTVRIYQGRVV,HLA-B*08:01,16.15755434782608,33530.78121495093,0.4488032888621092
HLFKTVRIYQGRVV,HLA-B*27:05,15.160951086956516,30925.29956315379,0.4488032888621092
HLFKTVRIYQGRVV,HLA-C*01:02,16.15755434782608,33359.517573042394,0.4488032888621092
HLFKTVRIYQGRVV,HLA-C*07:01,16.15755434782608,33519.325399733425,0.4488032888621092
HVIVKTDSQLEDLA,HLA-A*01:01,37.35904891304347,32734.039154970073,0.19030004856176674
HVIVKTDSQLEDLA,HLA-B*08:01,37.35904891304347,31659.465946975062,0.19030004856176674
HVIVKTDSQLEDLA,HLA-B*27:05,24.57923913043477,20513.067706243302,0.19030004856176674
HVIVKTDSQLEDLA,HLA-C*01:02,37.35904891304347,29493.357844035367,0.19030004856176674
HVIVKTDSQLEDLA,HLA-C*07:01,37.35904891304347,29789.39674981113,0.19030004856176674
IKFEEIWP,HLA-A*01:01,62.74467391304348,34100.52764394083,0.12482731626369059
IKFEEIWP,HLA-B*08:01,62.74467391304348,32795.81894257944,0.12482731626369059
IKFEEIWP,HLA-B*27:05,46.224673913043475,29415.5191135385,0.12482731626369059
IKFEEIWP,HLA-C*01:02,62.74467391304348,32331.37903477824,0.12482731626369059
IKFEEIWP,HLA-C*07:01,62.74467391304348,31654.35675834329,0.12482731626369059
IKFEEIWPQ,HLA-A*01:01,37.35904891304347,31379.745624535426,0.22007897589355707
IKFEEIWPQ,HLA-B*08:01,31.643179347826077,30403.026953747976,0.22007897589355707
IKFEEIWPQ,HLA-B*27:05,15.160951086956516,13915.737617374496,0.22007897589355707
IKFEEIWPQ,HLA-C*01:02,31.643179347826077,28672.57917325208,0.22007897589355707
IKFEEIWPQ,HLA-C*07:01,24.57923913043477,22334.149526263795,0.22007897589355707
IKFEEIWPQT,HLA-A*01:01,62.74467391304348,33561.331005768465,0.09326434996910393
IKFEEIWPQT,HLA-B*08:01,62.74467391304348,31564.25722972638,0.09326434996910393
IKFEEIWPQT,HLA-B*27:05,37.35904891304347,22762.42431366032,0.09326434996910393
IKFEEIWPQT,HLA-C*01:02,62.74467391304348,30317.280383811743,0.09326434996910393
IKFEEIWPQT,HLA-C*07:01,46.224673913043475,27960.80978560177,0.09326434996910393
IKFEEIWPQTF,HLA-A*01:01,8.545326086956507,29508.870670621513,0.6066056415438652
IKFEEIWPQTF,HLA-B*08:01,8.01565217391304,27015.804458171944,0.6066056415438652
IKFEEIWPQTF,HLA-B*27:05,1.486277173912967,2188.8893800343926,0.6066056415438652
IKFEEIWPQTF,HLA-C*01:02,6.479157608695644,21556.9181025149,0.6066056415438652
IKFEEIWPQTF,HLA-C*07:01,1.2239673913042424,1534.6761911354001,0.6066056415438652
IKFEEIWPQTFH,HLA-A*01:01,17.305597826086952,31121.022161586265,0.402089137583971
IKFEEIWPQTFH,HLA-B*08:01,18.61798913043478,32291.56394945418,0.402089137583971
IKFEEIWPQTFH,HLA-B*27:05,12.805461956521725,22402.92476420039,0.402089137583971
IKFEEIWPQTFH,HLA-C*01:02,17.305597826086952,30460.354752976105,0.402089137583971
IKFEEIWPQTFH,HLA-C*07:01,15.160951086956516,27290.038565528517,0.402089137583971
IVKTDSQLEDLA,HLA-A*01:01,46.224673913043475,28877.288166462706,0.14023944921791553
IVKTDSQLEDLA,HLA-B*08:01,46.224673913043475,30505.054405486637,0.14023944921791553
IVKTDSQLEDLA,HLA-B*27:05,24.57923913043477,16846.064357372416,0.14023944921791553
IVKTDSQLEDLA,HLA-C*01:02,37.35904891304347,25272.524695132903,0.14023944921791553
IVKTDSQLEDLA,HLA-C*07:01,46.224673913043475,27980.721693055475,0.14023944921791553
IVKTDSQLEDLAH,HLA-A*01:01,31.643179347826077,21790.489732718263,0.15373784769326448
IVKTDSQLEDLAH,HLA-B*08:01,46.224673913043475,30122.370089014523,0.15373784769326448
IVKTDSQLEDLAH,HLA-B*27:05,13.500896739130425,9450.27601926256,0.15373784769326448
IVKTDSQLEDLAH,HLA-C*01:02,37.35904891304347,25946.928754822176,0.15373784769326448
IVKTDSQLEDLAH,HLA-C*07:01,37.35904891304347,26154.846486827046,0.15373784769326448
IVKTDSQLEDLAHC,HLA-A*01:01,99.28660326086957,31026.97384483629,0.012565266981255263
IVKTDSQLEDLAHC,HLA-B*08:01,99.28660326086957,31908.44597500651,0.012565266981255263
IVKTDSQLEDLAHC,HLA-B*27:05,62.74467391304348,24616.39049451479,0.012565266981255263
IVKTDSQLEDLAHC,HLA-C*01:02,99.28660326086957,29100.949867888787,0.012565266981255263
IVKTDSQLEDLAHC,HLA-C*07:01,99.28660326086957,30001.625704910497,0.012565266981255263
IYQGRVVP,HLA-A*01:01,12.187228260869546,33514.73313298248,0.5368170104920864
IYQGRVVP,HLA-B*08:01,9.849456521739114,27437.149913811,0.5368170104920864
IYQGRVVP,HLA-B*27:05,10.231983695652161,27801.431671717964,0.5368170104920864
IYQGRVVP,HLA-C*01:02,8.839293478260856,23904.220868000968,0.5368170104920864
IYQGRVVP,HLA-C*07:01,10.231983695652161,28662.98476773147,0.5368170104920864
IYQGRVVPF,HLA-A*01:01,3.946249999999935,20144.444505363466,0.7557790875434875
IYQGRVVPF,HLA-B*08:01,0.37358695652172,457.15064599895237,0.7557790875434875
IYQGRVVPF,HLA-B*27:05,0.6037771739130022,862.8433002072464,0.7557790875434875
IYQGRVVPF,HLA-C*01:02,0.15663043478259908,175.50487500145516,0.7557790875434875
IYQGRVVPF,HLA-C*07:01,0.11961956521740547,137.6879645856579,0.7557790875434875
IYQGRVVPFT,HLA-A*01:01,31.643179347826077,31787.57215865836,0.2564142707269639
IYQGRVVPFT,HLA-B*08:01,24.57923913043477,27488.31920380507,0.2564142707269639
IYQGRVVPFT,HLA-B*27:05,22.19230978260869,22633.35034438696,0.2564142707269639
IYQGRVVPFT,HLA-C*01:02,24.57923913043477,25752.22946004384,0.2564142707269639
IYQGRVVPFT,HLA-C*07:01,27.61739130434782,27604.055388041492,0.2564142707269639
IYQGRVVPFTK,HLA-A*01:01,8.545326086956507,29576.453780480144,0.6041150912642479
IYQGRVVPFTK,HLA-B*08:01,8.269211956521715,28657.175399831343,0.6041150912642479
IYQGRVVPFTK,HLA-B*27:05,4.732201086956479,14631.284935897407,0.6041150912642479
IYQGRVVPFTK,HLA-C*01:02,6.479157608695644,20992.19830279396,0.6041150912642479
IYQGRVVPFTK,HLA-C*07:01,6.962798913043457,23218.49283830581,0.6041150912642479
IYQGRVVPFTKA,HLA-A*01:01,5.346684782608634,32862.46678844081,0.7861214429140091
IYQGRVVPFTKA,HLA-B*08:01,5.054048913043445,31094.939041288402,0.7861214429140091
IYQGRVVPFTKA,HLA-B*27:05,4.519266304347795,26714.1474441719,0.7861214429140091
IYQGRVVPFTKA,HLA-C*01:02,4.732201086956479,28416.705966257243,0.7861214429140091
IYQGRVVPFTKA,HLA-C*07:01,5.054048913043445,30784.658848787403,0.7861214429140091
IYQGRVVPFTKAL,HLA-A*01:01,18.61798913043478,33478.08349179071,0.3919360674917698
IYQGRVVPFTKAL,HLA-B*08:01,17.305597826086952,30545.27169561073,0.3919360674917698
IYQGRVVPFTKAL,HLA-B*27:05,16.15755434782608,27702.246780738147,0.3919360674917698
IYQGRVVPFTKAL,HLA-C*01:02,16.15755434782608,26994.351435849345,0.3919360674917698
IYQGRVVPFTKAL,HLA-C*07:01,18.61798913043478,31325.28347624336,0.3919360674917698
IYQGRVVPFTKALM,HLA-A*01:01,18.61798913043478,33988.88651416748,0.41693469136953354
IYQGRVVPFTKALM,HLA-B*08:01,17.305597826086952,32812.1200411696,0.41693469136953354
IYQGRVVPFTKALM,HLA-B*27:05,17.305597826086952,31638.76136022664,0.41693469136953354
IYQGRVVPFTKALM,HLA-C*01:02,16.15755434782608,30881.03426634801,0.41693469136953354
IYQGRVVPFTKALM,HLA-C*07:01,17.305597826086952,33435.21383358792,0.41693469136953354
KALMIKFE,HLA-A*01:01,99.28660326086957,33887.60965276576,0.015566900954581797
KALMIKFE,HLA-B*08:01,99.28660326086957,33400.313941778644,0.015566900954581797
KALMIKFE,HLA-B*27:05,99.28660326086957,29316.738215770307,0.015566900954581797
KALMIKFE,HLA-C*01:02,99.28660326086957,31739.41935559659,0.015566900954581797
KALMIKFE,HLA-C*07:01,99.28660326086957,31874.30752447874,0.015566900954581797
KALMIKFEE,HLA-A*01:01,99.28660326086957,31771.08539229741,0.010964716391754337
KALMIKFEE,HLA-B*08:01,99.28660326086957,30700.70768537004,0.010964716391754337
KALMIKFEE,HLA-B*27:05,27.61739130434782,12513.868675956654,0.010964716391754337
KALMIKFEE,HLA-C*01:02,99.28660326086957,29000.76136019076,0.010964716391754337
KALMIKFEE,HLA-C*07:01,99.28660326086957,28445.946119439883,0.010964716391754337
KALMIKFEEI,HLA-A*01:01,62.74467391304348,32834.03708569586,0.13406909024342895
KALMIKFEEI,HLA-B*08:01,31.643179347826077,20779.405513623053,0.13406909024342895
KALMIKFEEI,HLA-B*27:05,10.231983695652161,6552.258733687233,0.13406909024342895
KALMIKFEEI,HLA-C*01:02,22.19230978260869,14436.897608811218,0.13406909024342895
KALMIKFEEI,HLA-C*07:01,37.35904891304347,23382.150210432475,0.13406909024342895
KALMIKFEEIW,HLA-A*01:01,62.74467391304348,29370.83372724441,0.05080679862294346
KALMIKFEEIW,HLA-B*08:01,99.28660326086957,30804.433505096364,0.05080679862294346
KALMIKFEEIW,HLA-B*27:05,37.35904891304347,18444.509770298435,0.05080679862294346
KALMIKFEEIW,HLA-C*01:02,62.74467391304348,27944.717317463597,0.05080679862294346
KALMIKFEEIW,HLA-C*07:01,62.74467391304348,25611.73906736843,0.05080679862294346
KALMIKFEEIWP,HLA-A*01:01,99.28660326086957,33844.91417414509,0.02254231643746607
KALMIKFEEIWP,HLA-B*08:01,99.28660326086957,33262.99526278633,0.02254231643746607
KALMIKFEEIWP,HLA-B*27:05,99.28660326086957,28159.035425950766,0.02254231643746607
KALMIKFEEIWP,HLA-C*01:02,99.28660326086957,32837.13744580182,0.02254231643746607
KALMIKFEEIWP,HLA-C*07:01,99.28660326086957,31892.916417787394,0.02254231643746607
KALMIKFEEIWPQ,HLA-A*01:01,99.28660326086957,33563.00020594888,0.037555150454863906
KALMIKFEEIWPQ,HLA-B*08:01,99.28660326086957,32721.301196768807,0.037555150454863906
KALMIKFEEIWPQ,HLA-B*27:05,62.74467391304348,26066.892501074366,0.037555150454863906
KALMIKFEEIWPQ,HLA-C*01:02,99.28660326086957,32188.166383543197,0.037555150454863906
KALMIKFEEIWPQ,HLA-C*07:01,99.28660326086957,31789.842625004523,0.037555150454863906
KALMIKFEEIWPQT,HLA-A*01:01,99.28660326086957,34923.5406961475,0.015688219777075574
KALMIKFEEIWPQT,HLA-B*08:01,99.28660326086957,33909.88909193934,0.015688219777075574
KALMIKFEEIWPQT,HLA-B*27:05,99.28660326086957,30340.03790950165,0.015688219777075574
KALMIKFEEIWPQT,HLA-C*01:02,99.28660326086957,34104.607836599935,0.015688219777075574
KALMIKFEEIWPQT,HLA-C*07:01,99.28660326086957,33352.62282635581,0.015688219777075574
KFEEIWPQ,HLA-A*01:01,99.28660326086957,30444.940077666528,0.03493694142525783
KFEEIWPQ,HLA-B*08:01,99.28660326086957,31027.056509507118,0.03493694142525783
KFEEIWPQ,HLA-B*27:05,62.74467391304348,24223.562235438352,0.03493694142525783
KFEEIWPQ,HLA-C*01:02,62.74467391304348,25181.545001473656,0.03493694142525783
KFEEIWPQ,HLA-C*07:01,99.28660326086957,28837.578306223175,0.03493694142525783
KFEEIWPQT,HLA-A*01:01,62.74467391304348,24411.461879324434,0.03236393451516051
KFEEIWPQT,HLA-B*08:01,62.74467391304348,23420.881734802406,0.03236393451516051
KFEEIWPQT,HLA-B*27:05,37.35904891304347,16368.46681639673,0.03236393451516051
KFEEIWPQT,HLA-C*01:02,31.643179347826077,14829.57193483165,0.03236393451516051
KFEEIWPQT,HLA-C*07:01,62.74467391304348,22664.35910508554,0.03236393451516051
KFEEIWPQTF,HLA-A*01:01,5.788070652173886,8499.044075885455,0.38937108777463436
KFEEIWPQTF,HLA-B*08:01,4.157119565217343,5641.433319018763,0.38937108777463436
KFEEIWPQTF,HLA-B*27:05,1.6023369565216399,1141.0867618802154,0.38937108777463436
KFEEIWPQTF,HLA-C*01:02,2.04293478260864,1800.0227791072712,0.38937108777463436
KFEEIWPQTF,HLA-C*07:01,1.2049728260868449,676.322245132272,0.38937108777463436
KFEEIWPQTFH,HLA-A*01:01,24.57923913043477,20781.853653804832,0.20876231882721186
KFEEIWPQTFH,HLA-B*08:01,37.35904891304347,30619.419149602803,0.20876231882721186
KFEEIWPQTFH,HLA-B*27:05,20.2322554347826,17258.487220027928,0.20876231882721186
KFEEIWPQTFH,HLA-C*01:02,27.61739130434782,23786.118334665964,0.20876231882721186
KFEEIWPQTFH,HLA-C*07:01,27.61739130434782,24644.57541120876,0.20876231882721186
KTDSQLEDLA,HLA-A*01:01,4.157119565217343,1706.3064644350861,0.0596034110058099
KTDSQLEDLA,HLA-B*08:01,62.74467391304348,28814.288043099234,0.0596034110058099
KTDSQLEDLA,HLA-B*27:05,27.61739130434782,14715.387180513806,0.0596034110058099
KTDSQLEDLA,HLA-C*01:02,37.35904891304347,19670.443032386283,0.0596034110058099
KTDSQLEDLA,HLA-C*07:01,62.74467391304348,26395.128398156696,0.0596034110058099
KTDSQLEDLAH,HLA-A*01:01,0.726657608695561,99.95548897082814,0.09362975333351642
KTDSQLEDLAH,HLA-B*08:01,62.74467391304348,28791.629210865598,0.09362975333351642
KTDSQLEDLAH,HLA-B*27:05,4.968641304347784,2433.5006039915647,0.09362975333351642
KTDSQLEDLAH,HLA-C*01:02,24.57923913043477,13721.542959667704,0.09362975333351642
KTDSQLEDLAH,HLA-C*07:01,27.61739130434782,16658.499667324588,0.09362975333351642
KTDSQLEDLAHC,HLA-A*01:01,9.494239130434764,3834.136596702287,0.009453187682083808
KTDSQLEDLAHC,HLA-B*08:01,99.28660326086957,29128.6850863229,0.009453187682083808
KTDSQLEDLAHC,HLA-B*27:05,37.35904891304347,14746.262900284322,0.009453187682083808
KTDSQLEDLAHC,HLA-C*01:02,46.224673913043475,17632.82444799781,0.009453187682083808
KTDSQLEDLAHC,HLA-C*07:01,62.74467391304348,24372.584504813523,0.009453187682083808
KTDSQLEDLAHCH,HLA-A*01:01,0.858478260869461,280.4158983458507,0.3056813592556864
KTDSQLEDLAHCH,HLA-B*08:01,22.19230978260869,28246.936177251955,0.3056813592556864
KTDSQLEDLAHCH,HLA-B*27:05,6.327092391304319,7043.470793470649,0.3056813592556864
KTDSQLEDLAHCH,HLA-C*01:02,13.500896739130425,16625.561207125,0.3056813592556864
KTDSQLEDLAHCH,HLA-C*07:01,15.160951086956516,19375.143918844442,0.3056813592556864
KTDSQLEDLAHCHH,HLA-A*01:01,1.9268749999999244,554.0950824149791,0.09551291330717504
KTDSQLEDLAHCHH,HLA-B*08:01,62.74467391304348,30668.12677598848,0.09551291330717504
KTDSQLEDLAHCHH,HLA-B*27:05,27.61739130434782,16631.67506282139,0.09551291330717504
KTDSQLEDLAHCHH,HLA-C*01:02,46.224673913043475,24867.434325445545,0.09551291330717504
KTDSQLEDLAHCHH,HLA-C*07:01,46.224673913043475,25272.8605479112,0.09551291330717504
KTVRIYQG,HLA-A*01:01,31.643179347826077,32814.24664152936,0.24641114566475153
KTVRIYQG,HLA-B*08:01,31.643179347826077,32853.52264421435,0.24641114566475153
KTVRIYQG,HLA-B*27:05,27.61739130434782,29290.431170525764,0.24641114566475153
KTVRIYQG,HLA-C*01:02,31.643179347826077,31591.682154161437,0.24641114566475153
KTVRIYQG,HLA-C*07:01,31.643179347826077,31554.075236978846,0.24641114566475153
KTVRIYQGR,HLA-A*01:01,10.655842391304333,23695.266473843833,0.47935450822114944
KTVRIYQGR,HLA-B*08:01,12.187228260869546,28204.597251122064,0.47935450822114944
KTVRIYQGR,HLA-B*27:05,2.870706521739038,4566.215880891255,0.47935450822114944
KTVRIYQGR,HLA-C*01:02,9.494239130434764,21172.99236392296,0.47935450822114944
KTVRIYQGR,HLA-C*07:01,7.558260869565203,16211.978481487555,0.47935450822114944
KTVRIYQGRV,HLA-A*01:01,62.74467391304348,28908.662517163917,0.0765177661087364
KTVRIYQGRV,HLA-B*08:01,62.74467391304348,30850.55526564384,0.0765177661087364
KTVRIYQGRV,HLA-B*27:05,37.35904891304347,20692.971797296756,0.0765177661087364
KTVRIYQGRV,HLA-C*01:02,62.74467391304348,27286.395803002146,0.0765177661087364
KTVRIYQGRV,HLA-C*07:01,62.74467391304348,27353.45074893446,0.0765177661087364
KTVRIYQGRVV,HLA-A*01:01,9.494239130434764,31624.438230740252,0.5895993355661631
KTVRIYQGRVV,HLA-B*08:01,9.849456521739114,32178.524754257745,0.5895993355661631
KTVRIYQGRVV,HLA-B*27:05,6.792608695652163,21643.436579228768,0.5895993355661631
KTVRIYQGRVV,HLA-C*01:02,8.839293478260856,28552.87763065795,0.5895993355661631
KTVRIYQGRVV,HLA-C*07:01,8.545326086956507,27635.960720022416,0.5895993355661631
KTVRIYQGRVVP,HLA-A*01:01,6.18413043478256,32724.918984072694,0.7361284643411636
KTVRIYQGRVVP,HLA-B*08:01,6.18413043478256,32775.034964745624,0.7361284643411636
KTVRIYQGRVVP,HLA-B*27:05,5.149211956521697,26305.662129093984,0.7361284643411636
KTVRIYQGRVVP,HLA-C*01:02,6.047907608695624,31601.339264772825,0.7361284643411636
KTVRIYQGRVVP,HLA-C*07:01,6.047907608695624,31320.991611668993,0.7361284643411636
KTVRIYQGRVVPF,HLA-A*01:01,12.187228260869546,31141.5779762348,0.5119029581546783
KTVRIYQGRVVPF,HLA-B*08:01,12.187228260869546,31912.321570733144,0.5119029581546783
KTVRIYQGRVVPF,HLA-B*27:05,9.15535326086956,22783.859595866434,0.5119029581546783
KTVRIYQGRVVPF,HLA-C*01:02,12.187228260869546,30986.735315471396,0.5119029581546783
KTVRIYQGRVVPF,HLA-C*07:01,11.6303260869565,29722.775801582367,0.5119029581546783
KTVRIYQGRVVPFT,HLA-A*01:01,37.35904891304347,34869.27543364366,0.21655443217605352
KTVRIYQGRVVPFT,HLA-B*08:01,37.35904891304347,34006.70693252218,0.21655443217605352
KTVRIYQGRVVPFT,HLA-B*27:05,37.35904891304347,31692.770190387615,0.21655443217605352
KTVRIYQGRVVPFT,HLA-C*01:02,37.35904891304347,34054.710967457264,0.21655443217605352
KTVRIYQGRVVPFT,HLA-C*07:01,37.35904891304347,33625.04683812806,0.21655443217605352
LAHCHHLF,HLA-A*01:01,37.35904891304347,18307.822883546818,0.05273404624313116
LAHCHHLF,HLA-B*08:01,9.494239130434764,4384.1762679737185,0.05273404624313116
LAHCHHLF,HLA-B*27:05,31.643179347826077,15828.829512140514,0.05273404624313116
LAHCHHLF,HLA-C*01:02,2.241521739130363,624.0758865816248,0.05273404624313116
LAHCHHLF,HLA-C*07:01,6.327092391304319,2743.494522289628,0.05273404624313116
LAHCHHLFK,HLA-A*01:01,37.35904891304347,14561.450284324066,0.0041547812725184485
LAHCHHLFK,HLA-B*08:01,62.74467391304348,22486.534330734597,0.0041547812725184485
LAHCHHLFK,HLA-B*27:05,5.913749999999965,2139.7592512978877,0.0041547812725184485
LAHCHHLFK,HLA-C*01:02,27.61739130434782,11388.127740382375,0.0041547812725184485
LAHCHHLFK,HLA-C*07:01,37.35904891304347,14889.570987852083,0.0041547812725184485
LAHCHHLFKT,HLA-A*01:01,99.28660326086957,31922.74075710987,0.0045479550572053995
LAHCHHLFKT,HLA-B*08:01,99.28660326086957,30397.426799167177,0.0045479550572053995
LAHCHHLFKT,HLA-B*27:05,62.74467391304348,21559.073493672193,0.0045479550572053995
LAHCHHLFKT,HLA-C*01:02,99.28660326086957,28525.96121848753,0.0045479550572053995
LAHCHHLFKT,HLA-C*07:01,99.28660326086957,30064.3535042729,0.0045479550572053995
LAHCHHLFKTV,HLA-A*01:01,62.74467391304348,33079.11556227691,0.07581193826626986
LAHCHHLFKTV,HLA-B*08:01,62.74467391304348,29472.71744895156,0.07581193826626986
LAHCHHLFKTV,HLA-B*27:05,46.224673913043475,23404.46341226531,0.07581193826626986
LAHCHHLFKTV,HLA-C*01:02,37.35904891304347,21606.6206869727,0.07581193826626986
LAHCHHLFKTV,HLA-C*07:01,62.74467391304348,27991.516050210063,0.07581193826626986
LAHCHHLFKTVR,HLA-A*01:01,99.28660326086957,32968.630640289855,0.05646567401709035
LAHCHHLFKTVR,HLA-B*08:01,99.28660326086957,32282.843175873448,0.05646567401709035
LAHCHHLFKTVR,HLA-B*27:05,62.74467391304348,27289.75620352542,0.05646567401709035
LAHCHHLFKTVR,HLA-C*01:02,99.28660326086957,31106.413586911767,0.05646567401709035
LAHCHHLFKTVR,HLA-C*07:01,99.28660326086957,31328.418598296215,0.05646567401709035
LAHCHHLFKTVRI,HLA-A*01:01,99.28660326086957,34469.75921697274,0.047230884432792664
LAHCHHLFKTVRI,HLA-B*08:01,99.28660326086957,33152.79548550482,0.047230884432792664
LAHCHHLFKTVRI,HLA-B*27:05,99.28660326086957,30381.091120003133,0.047230884432792664
LAHCHHLFKTVRI,HLA-C*01:02,99.28660326086957,33146.861581159224,0.047230884432792664
LAHCHHLFKTVRI,HLA-C*07:01,99.28660326086957,32752.363954887656,0.047230884432792664
LAHCHHLFKTVRIY,HLA-A*01:01,99.28660326086957,33711.10837702858,0.04153629741631448
LAHCHHLFKTVRIY,HLA-B*08:01,99.28660326086957,34240.026778785155,0.04153629741631448
LAHCHHLFKTVRIY,HLA-B*27:05,99.28660326086957,31776.917484015103,0.04153629741631448
LAHCHHLFKTVRIY,HLA-C*01:02,99.28660326086957,34675.93601589895,0.04153629741631448
LAHCHHLFKTVRIY,HLA-C*07:01,99.28660326086957,33961.06168911883,0.04153629741631448
LEDLAHCH,HLA-A*01:01,17.305597826086952,11152.037240942816,0.11560369050130248
LEDLAHCH,HLA-B*08:01,46.224673913043475,27779.799088903386,0.11560369050130248
LEDLAHCH,HLA-B*27:05,24.57923913043477,16198.509743370823,0.11560369050130248
LEDLAHCH,HLA-C*01:02,37.35904891304347,23129.453749140193,0.11560369050130248
LEDLAHCH,HLA-C*07:01,37.35904891304347,23115.965805188967,0.11560369050130248
LEDLAHCHH,HLA-A*01:01,12.187228260869546,5076.661672884406,0.013555480843933765
LEDLAHCHH,HLA-B*08:01,99.28660326086957,28109.89920532383,0.013555480843933765
LEDLAHCHH,HLA-B*27:05,24.57923913043477,10584.917727034484,0.013555480843933765
LEDLAHCHH,HLA-C*01:02,62.74467391304348,24266.94817126021,0.013555480843933765
LEDLAHCHH,HLA-C*07:01,62.74467391304348,21665.66719411758,0.013555480843933765
LEDLAHCHHL,HLA-A*01:01,17.305597826086952,9472.786945810256,0.07680380303645507
LEDLAHCHHL,HLA-B*08:01,18.61798913043478,10185.622800399213,0.07680380303645507
LEDLAHCHHL,HLA-B*27:05,6.18413043478256,2939.8324042340187,0.07680380303645507
LEDLAHCHHL,HLA-C*01:02,16.15755434782608,8639.227208930037,0.07680380303645507
LEDLAHCHHL,HLA-C*07:01,27.61739130434782,15515.412074577707,0.07680380303645507
LEDLAHCHHLF,HLA-A*01:01,8.269211956521715,5109.066776545222,0.1308302559191361
LEDLAHCHHLF,HLA-B*08:01,37.35904891304347,22760.2220992187,0.1308302559191361
LEDLAHCHHLF,HLA-B*27:05,11.6303260869565,7542.735947741559,0.1308302559191361
LEDLAHCHHLF,HLA-C*01:02,27.61739130434782,19227.126100176698,0.1308302559191361
LEDLAHCHHLF,HLA-C*07:01,27.61739130434782,18897.96615418584,0.1308302559191361
LEDLAHCHHLFK,HLA-A*01:01,62.74467391304348,24302.046294730233,0.021386760534369387
LEDLAHCHHLFK,HLA-B*08:01,99.28660326086957,31378.11569642161,0.021386760534369387
LEDLAHCHHLFK,HLA-B*27:05,37.35904891304347,16994.88818454286,0.021386760534369387
LEDLAHCHHLFK,HLA-C*01:02,99.28660326086957,27784.632536168134,0.021386760534369387
LEDLAHCHHLFK,HLA-C*07:01,62.74467391304348,27000.51761119702,0.021386760534369387
LEDLAHCHHLFKT,HLA-A*01:01,99.28660326086957,33648.91358655826,0.01788154401583597
LEDLAHCHHLFKT,HLA-B*08:01,99.28660326086957,32594.634823463242,0.01788154401583597
LEDLAHCHHLFKT,HLA-B*27:05,99.28660326086957,27920.012920846442,0.01788154401583597
LEDLAHCHHLFKT,HLA-C*01:02,99.28660326086957,32417.806619532967,0.01788154401583597
LEDLAHCHHLFKT,HLA-C*07:01,99.28660326086957,31965.143788643294,0.01788154401583597
LEDLAHCHHLFKTV,HLA-A*01:01,46.224673913043475,34253.34249495794,0.1594568477012217
LEDLAHCHHLFKTV,HLA-B*08:01,46.224673913043475,33008.677497035715,0.1594568477012217
LEDLAHCHHLFKTV,HLA-B*27:05,46.224673913043475,30734.5337501777,0.1594568477012217
LEDLAHCHHLFKTV,HLA-C*01:02,46.224673913043475,33012.571227715736,0.1594568477012217
LEDLAHCHHLFKTV,HLA-C*07:01,46.224673913043475,33141.57540855067,0.1594568477012217
LFKTVRIY,HLA-A*01:01,31.643179347826077,20955.134580951028,0.13925805315375328
LFKTVRIY,HLA-B*08:01,37.35904891304347,25243.362060107112,0.13925805315375328
LFKTVRIY,HLA-B*27:05,31.643179347826077,21786.804675561867,0.13925805315375328
LFKTVRIY,HLA-C*01:02,27.61739130434782,18808.06697317371,0.13925805315375328
LFKTVRIY,HLA-C*07:01,22.19230978260869,15190.361495727622,0.13925805315375328
LFKTVRIYQ,HLA-A*01:01,99.28660326086957,30295.56271901276,0.025478914962150156
LFKTVRIYQ,HLA-B*08:01,99.28660326086957,28004.733333241136,0.025478914962150156
LFKTVRIYQ,HLA-B*27:05,46.224673913043475,20722.11920430075,0.025478914962150156
LFKTVRIYQ,HLA-C*01:02,62.74467391304348,27181.98365980393,0.025478914962150156
LFKTVRIYQ,HLA-C*07:01,99.28660326086957,29070.91538069158,0.025478914962150156
LFKTVRIYQG,HLA-A*01:01,99.28660326086957,33775.095491023996,0.025403457635547966
LFKTVRIYQG,HLA-B*08:01,99.28660326086957,31410.33078224497,0.025403457635547966
LFKTVRIYQG,HLA-B*27:05,62.74467391304348,26930.01007961551,0.025403457635547966
LFKTVRIYQG,HLA-C*01:02,99.28660326086957,32615.834000838142,0.025403457635547966
LFKTVRIYQG,HLA-C*07:01,99.28660326086957,31778.90807857049,0.025403457635547966
LFKTVRIYQGR,HLA-A*01:01,46.224673913043475,31903.1978475791,0.14766652323305607
LFKTVRIYQGR,HLA-B*08:01,46.224673913043475,31610.936385030946,0.14766652323305607
LFKTVRIYQGR,HLA-B*27:05,37.35904891304347,25321.42704750158,0.14766652323305607
LFKTVRIYQGR,HLA-C*01:02,46.224673913043475,30523.02359061983,0.14766652323305607
LFKTVRIYQGR,HLA-C*07:01,46.224673913043475,30785.593581385638,0.14766652323305607
LFKTVRIYQGRV,HLA-A*01:01,99.28660326086957,33923.97811830817,0.029992853524163365
LFKTVRIYQGRV,HLA-B*08:01,99.28660326086957,33193.728383869355,0.029992853524163365
LFKTVRIYQGRV,HLA-B*27:05,99.28660326086957,30147.648697982546,0.029992853524163365
LFKTVRIYQGRV,HLA-C*01:02,99.28660326086957,32902.96191780972,0.029992853524163365
LFKTVRIYQGRV,HLA-C*07:01,99.28660326086957,32885.62823169557,0.029992853524163365
LFKTVRIYQGRVV,HLA-A*01:01,37.35904891304347,34170.29795803444,0.20509408949874341
LFKTVRIYQGRVV,HLA-B*08:01,37.35904891304347,32787.560055600596,0.20509408949874341
LFKTVRIYQGRVV,HLA-B*27:05,37.35904891304347,30962.28301217569,0.20509408949874341
LFKTVRIYQGRVV,HLA-C*01:02,37.35904891304347,32503.392637438585,0.20509408949874341
LFKTVRIYQGRVV,HLA-C*07:01,37.35904891304347,32926.161059327686,0.20509408949874341
LFKTVRIYQGRVVP,HLA-A*01:01,22.19230978260869,35338.745038761386,0.3719793763011694
LFKTVRIYQGRVVP,HLA-B*08:01,22.19230978260869,34150.2766353116,0.3719793763011694
LFKTVRIYQGRVVP,HLA-B*27:05,20.2322554347826,33645.03728881478,0.3719793763011694
LFKTVRIYQGRVVP,HLA-C*01:02,22.19230978260869,34695.64948556256,0.3719793763011694
LFKTVRIYQGRVVP,HLA-C*07:01,22.19230978260869,34748.91859490611,0.3719793763011694
LMIKFEEI,HLA-A*01:01,14.277038043478257,31801.51758602624,0.4605846665799618
LMIKFEEI,HLA-B*08:01,6.63130434782606,12983.497307594705,0.4605846665799618
LMIKFEEI,HLA-B*27:05,10.655842391304333,22030.401577709683,0.4605846665799618
LMIKFEEI,HLA-C*01:02,3.4218749999999147,5594.0642421113525,0.4605846665799618
LMIKFEEI,HLA-C*07:01,10.655842391304333,22748.230541544955,0.4605846665799618
LMIKFEEIW,HLA-A*01:01,24.57923913043477,20658.767453230954,0.17863219417631626
LMIKFEEIW,HLA-B*08:01,27.61739130434782,22698.90992585556,0.17863219417631626
LMIKFEEIW,HLA-B*27:05,12.187228260869546,9050.039605520587,0.17863219417631626
LMIKFEEIW,HLA-C*01:02,18.61798913043478,15207.984538225743,0.17863219417631626
LMIKFEEIW,HLA-C*07:01,20.2322554347826,15681.50800772517,0.17863219417631626
LMIKFEEIWP,HLA-A*01:01,99.28660326086957,32445.40741231346,0.03651504876324907
LMIKFEEIWP,HLA-B*08:01,99.28660326086957,31267.89058528597,0.03651504876324907
LMIKFEEIWP,HLA-B*27:05,62.74467391304348,25151.752546744843,0.03651504876324907
LMIKFEEIWP,HLA-C*01:02,99.28660326086957,31657.580576832137,0.03651504876324907
LMIKFEEIWP,HLA-C*07:01,99.28660326086957,31619.048831485892,0.03651504876324907
LMIKFEEIWPQ,HLA-A*01:01,62.74467391304348,32502.86728828151,0.09483397129224613
LMIKFEEIWPQ,HLA-B*08:01,62.74467391304348,32208.770407042855,0.09483397129224613
LMIKFEEIWPQ,HLA-B*27:05,37.35904891304347,21405.898875145354,0.09483397129224613
LMIKFEEIWPQ,HLA-C*01:02,62.74467391304348,31686.859668344805,0.09483397129224613
LMIKFEEIWPQ,HLA-C*07:01,62.74467391304348,31085.18070479842,0.09483397129224613
LMIKFEEIWPQT,HLA-A*01:01,62.74467391304348,33173.34293452085,0.07667132187634706
LMIKFEEIWPQT,HLA-B*08:01,99.28660326086957,33237.67203467076,0.07667132187634706
LMIKFEEIWPQT,HLA-B*27:05,62.74467391304348,28296.891336387143,0.07667132187634706
LMIKFEEIWPQT,HLA-C*01:02,62.74467391304348,32460.319558723688,0.07667132187634706
LMIKFEEIWPQT,HLA-C*07:01,62.74467391304348,31876.66474579945,0.07667132187634706
LMIKFEEIWPQTF,HLA-A*01:01,13.500896739130425,31412.61140161095,0.4756297906860709
LMIKFEEIWPQTF,HLA-B*08:01,14.277038043478257,31977.985404370964,0.4756297906860709
LMIKFEEIWPQTF,HLA-B*27:05,11.115788043478247,24117.553889090057,0.4756297906860709
LMIKFEEIWPQTF,HLA-C*01:02,13.500896739130425,30623.572540997062,0.4756297906860709
LMIKFEEIWPQTF,HLA-C*07:01,12.805461956521725,29655.69063550835,0.4756297906860709
LMIKFEEIWPQTFH,HLA-A*01:01,24.57923913043477,32998.79055773672,0.31274339463561773
LMIKFEEIWPQTFH,HLA-B*08:01,27.61739130434782,33928.30624929729,0.31274339463561773
LMIKFEEIWPQTFH,HLA-B*27:05,24.57923913043477,30739.135782651436,0.31274339463561773
LMIKFEEIWPQTFH,HLA-C*01:02,24.57923913043477,33395.55033757631,0.31274339463561773
LMIKFEEIWPQTFH,HLA-C*07:01,24.57923913043477,33085.401267299734,0.31274339463561773
MIKFEEIW,HLA-A*01:01,62.74467391304348,28382.56395399118,0.06481447233818471
MIKFEEIW,HLA-B*08:01,62.74467391304348,29576.862923236607,0.06481447233818471
MIKFEEIW,HLA-B*27:05,62.74467391304348,27148.178660848815,0.06481447233818471
MIKFEEIW,HLA-C*01:02,62.74467391304348,29582.288653163472,0.06481447233818471
MIKFEEIW,HLA-C*07:01,62.74467391304348,28814.774098195827,0.06481447233818471
MIKFEEIWP,HLA-A*01:01,99.28660326086957,30704.60799716809,0.005287594598485157
MIKFEEIWP,HLA-B*08:01,99.28660326086957,28083.252437140854,0.005287594598485157
MIKFEEIWP,HLA-B*27:05,62.74467391304348,23004.65643062901,0.005287594598485157
MIKFEEIWP,HLA-C*01:02,99.28660326086957,30519.20219286409,0.005287594598485157
MIKFEEIWP,HLA-C*07:01,99.28660326086957,31046.07999090944,0.005287594598485157
MIKFEEIWPQ,HLA-A*01:01,99.28660326086957,30700.592355456618,0.018181308696512133
MIKFEEIWPQ,HLA-B*08:01,99.28660326086957,30067.085991330714,0.018181308696512133
MIKFEEIWPQ,HLA-B*27:05,46.224673913043475,18595.408414338945,0.018181308696512133
MIKFEEIWPQ,HLA-C*01:02,99.28660326086957,29979.125882990124,0.018181308696512133
MIKFEEIWPQ,HLA-C*07:01,99.28660326086957,30449.95286050211,0.018181308696512133
MIKFEEIWPQT,HLA-A*01:01,99.28660326086957,32808.98137850306,0.008126912929583341
MIKFEEIWPQT,HLA-B*08:01,99.28660326086957,31909.17727567142,0.008126912929583341
MIKFEEIWPQT,HLA-B*27:05,99.28660326086957,26467.671116581543,0.008126912929583341
MIKFEEIWPQT,HLA-C*01:02,99.28660326086957,31615.722657614886,0.008126912929583341
MIKFEEIWPQT,HLA-C*07:01,99.28660326086957,31850.46104894244,0.008126912929583341
MIKFEEIWPQTF,HLA-A*01:01,46.224673913043475,29490.657289733274,0.133074133656919
MIKFEEIWPQTF,HLA-B*08:01,46.224673913043475,27870.12063833786,0.133074133656919
MIKFEEIWPQTF,HLA-B*27:05,15.160951086956516,9877.949679414862,0.133074133656919
MIKFEEIWPQTF,HLA-C*01:02,37.35904891304347,26111.804568454212,0.133074133656919
MIKFEEIWPQTF,HLA-C*07:01,37.35904891304347,25028.343158525407,0.133074133656919
MIKFEEIWPQTFH,HLA-A*01:01,62.74467391304348,30874.628750229032,0.05704665294615552
MIKFEEIWPQTFH,HLA-B*08:01,99.28660326086957,32296.868543561653,0.05704665294615552
MIKFEEIWPQTFH,HLA-B*27:05,62.74467391304348,25885.430127231783,0.05704665294615552
MIKFEEIWPQTFH,HLA-C*01:02,99.28660326086957,31714.600760042755,0.05704665294615552
MIKFEEIWPQTFH,HLA-C*07:01,62.74467391304348,30812.438207098403,0.05704665294615552
PFTKALMI,HLA-A*01:01,46.224673913043475,33297.695704083155,0.1436682385392487
PFTKALMI,HLA-B*08:01,24.57923913043477,17807.412953789924,0.1436682385392487
PFTKALMI,HLA-B*27:05,37.35904891304347,24834.242084098645,0.1436682385392487
PFTKALMI,HLA-C*01:02,27.61739130434782,20119.894893139066,0.1436682385392487
PFTKALMI,HLA-C*07:01,46.224673913043475,28326.588436728063,0.1436682385392487
PFTKALMIK,HLA-A*01:01,99.28660326086957,29203.91773007092,0.010935715370578691
PFTKALMIK,HLA-B*08:01,99.28660326086957,28356.211209316192,0.010935715370578691
PFTKALMIK,HLA-B*27:05,22.19230978260869,9989.877546557793,0.010935715370578691
PFTKALMIK,HLA-C*01:02,62.74467391304348,23881.61419851324,0.010935715370578691
PFTKALMIK,HLA-C*07:01,99.28660326086957,28696.470629045056,0.010935715370578691
PFTKALMIKF,HLA-A*01:01,99.28660326086957,31899.293337399227,0.02556410909164697
PFTKALMIKF,HLA-B*08:01,99.28660326086957,28702.057741112396,0.02556410909164697
PFTKALMIKF,HLA-B*27:05,31.643179347826077,15189.39976445941,0.02556410909164697
PFTKALMIKF,HLA-C*01:02,99.28660326086957,28363.408926874363,0.02556410909164697
PFTKALMIKF,HLA-C*07:01,62.74467391304348,26096.067103940768,0.02556410909164697
PFTKALMIKFE,HLA-A*01:01,99.28660326086957,34108.97262366889,0.003511567680106964
PFTKALMIKFE,HLA-B*08:01,99.28660326086957,33426.44234614484,0.003511567680106964
PFTKALMIKFE,HLA-B*27:05,99.28660326086957,29552.579044059396,0.003511567680106964
PFTKALMIKFE,HLA-C*01:02,99.28660326086957,33397.42142488882,0.003511567680106964
PFTKALMIKFE,HLA-C*07:01,99.28660326086957,33462.39229039037,0.003511567680106964
PFTKALMIKFEE,HLA-A*01:01,99.28660326086957,33574.121262065906,0.007702575268922374
PFTKALMIKFEE,HLA-B*08:01,99.28660326086957,32723.382605541028,0.007702575268922374
PFTKALMIKFEE,HLA-B*27:05,99.28660326086957,29668.23967523443,0.007702575268922374
PFTKALMIKFEE,HLA-C*01:02,99.28660326086957,32530.288096931374,0.007702575268922374
PFTKALMIKFEE,HLA-C*07:01,99.28660326086957,32938.45812684862,0.007702575268922374
PFTKALMIKFEEI,HLA-A*01:01,99.28660326086957,34399.8280756027,0.06243986205663532
PFTKALMIKFEEI,HLA-B*08:01,99.28660326086957,33128.153956950766,0.06243986205663532
PFTKALMIKFEEI,HLA-B*27:05,62.74467391304348,31503.200170966717,0.06243986205663532
PFTKALMIKFEEI,HLA-C*01:02,99.28660326086957,32770.27488056003,0.06243986205663532
PFTKALMIKFEEI,HLA-C*07:01,99.28660326086957,33251.790697080156,0.06243986205663532
PFTKALMIKFEEIW,HLA-A*01:01,99.28660326086957,34367.881542939205,0.021700707031413913
PFTKALMIKFEEIW,HLA-B*08:01,99.28660326086957,33979.961625422,0.021700707031413913
PFTKALMIKFEEIW,HLA-B*27:05,99.28660326086957,32972.504097511504,0.021700707031413913
PFTKALMIKFEEIW,HLA-C*01:02,99.28660326086957,34671.4921085827,0.021700707031413913
PFTKALMIKFEEIW,HLA-C*07:01,99.28660326086957,34827.91326714449,0.021700707031413913
QGRVVPFT,HLA-A*01:01,99.28660326086957,34000.85686821384,0.02561856890679337
QGRVVPFT,HLA-B*08:01,99.28660326086957,30032.452037017585,0.02561856890679337
QGRVVPFT,HLA-B*27:05,99.28660326086957,29266.14547651746,0.02561856890679337
QGRVVPFT,HLA-C*01:02,99.28660326086957,30286.9620210625,0.02561856890679337
QGRVVPFT,HLA-C*07:01,99.28660326086957,31165.58422771452,0.02561856890679337
QGRVVPFTK,HLA-A*01:01,46.224673913043475,27341.557582609217,0.09265769983176142
QGRVVPFTK,HLA-B*08:01,37.35904891304347,22531.359506440043,0.09265769983176142
QGRVVPFTK,HLA-B*27:05,2.3454619565216603,784.8730483583917,0.09265769983176142
QGRVVPFTK,HLA-C*01:02,37.35904891304347,21472.9751693008,0.09265769983176142
QGRVVPFTK,HLA-C*07:01,27.61739130434782,17078.9661623175,0.09265769983176142
QGRVVPFTKA,HLA-A*01:01,46.224673913043475,33647.150535863126,0.19287042878568172
QGRVVPFTKA,HLA-B*08:01,37.35904891304347,28589.91494017903,0.19287042878568172
QGRVVPFTKA,HLA-B*27:05,24.57923913043477,20264.890259951582,0.19287042878568172
QGRVVPFTKA,HLA-C*01:02,37.35904891304347,28809.375339999777,0.19287042878568172
QGRVVPFTKA,HLA-C*07:01,37.35904891304347,28972.75964983901,0.19287042878568172
QGRVVPFTKAL,HLA-A*01:01,99.28660326086957,33514.864573100494,0.03681869505089708
QGRVVPFTKAL,HLA-B*08:01,46.224673913043475,21583.636092209643,0.03681869505089708
QGRVVPFTKAL,HLA-B*27:05,31.643179347826077,14134.40939385125,0.03681869505089708
QGRVVPFTKAL,HLA-C*01:02,46.224673913043475,20932.762866388803,0.03681869505089708
QGRVVPFTKAL,HLA-C*07:01,62.74467391304348,23372.93702908641,0.03681869505089708
QGRVVPFTKALM,HLA-A*01:01,99.28660326086957,33358.77582392444,0.04576717421878129
QGRVVPFTKALM,HLA-B*08:01,99.28660326086957,30816.279304927422,0.04576717421878129
QGRVVPFTKALM,HLA-B*27:05,46.224673913043475,23478.69922826509,0.04576717421878129
QGRVVPFTKALM,HLA-C*01:02,99.28660326086957,30251.117973491087,0.04576717421878129
QGRVVPFTKALM,HLA-C*07:01,62.74467391304348,28702.978176387955,0.04576717421878129
QGRVVPFTKALMI,HLA-A*01:01,62.74467391304348,33890.71462596701,0.09911528538214043
QGRVVPFTKALMI,HLA-B*08:01,62.74467391304348,32176.78083669722,0.09911528538214043
QGRVVPFTKALMI,HLA-B*27:05,46.224673913043475,28383.33411248145,0.09911528538214043
QGRVVPFTKALMI,HLA-C*01:02,62.74467391304348,31986.761648961485,0.09911528538214043
QGRVVPFTKALMI,HLA-C*07:01,62.74467391304348,32180.411445907215,0.09911528538214043
QGRVVPFTKALMIK,HLA-A*01:01,99.28660326086957,32988.97073684187,0.061549667501822114
QGRVVPFTKALMIK,HLA-B*08:01,99.28660326086957,32341.814197435604,0.061549667501822114
QGRVVPFTKALMIK,HLA-B*27:05,62.74467391304348,26176.88988745474,0.061549667501822114
QGRVVPFTKALMIK,HLA-C*01:02,62.74467391304348,31186.45833957404,0.061549667501822114
QGRVVPFTKALMIK,HLA-C*07:01,99.28660326086957,31495.428468773658,0.061549667501822114
QLEDLAHC,HLA-A*01:01,99.28660326086957,31172.016686512874,0.001255238657904556
QLEDLAHC,HLA-B*08:01,99.28660326086957,29683.079717467168,0.001255238657904556
QLEDLAHC,HLA-B*27:05,99.28660326086957,28892.038266770043,0.001255238657904556
QLEDLAHC,HLA-C*01:02,99.28660326086957,27487.01593359101,0.001255238657904556
QLEDLAHC,HLA-C*07:01,99.28660326086957,30789.079504477097,0.001255238657904556
QLEDLAHCH,HLA-A*01:01,7.778097826086963,4432.2286222224575,0.11674564832355827
QLEDLAHCH,HLA-B*08:01,46.224673913043475,28180.064855673616,0.11674564832355827
QLEDLAHCH,HLA-B*27:05,18.61798913043478,11925.398676505736,0.11674564832355827
QLEDLAHCH,HLA-C*01:02,37.35904891304347,21702.770634182107,0.11674564832355827
QLEDLAHCH,HLA-C*07:01,37.35904891304347,23608.150681169718,0.11674564832355827
QLEDLAHCHH,HLA-A*01:01,16.15755434782608,6986.881780323574,0.017822759953560308
QLEDLAHCHH,HLA-B*08:01,99.28660326086957,30044.522908552437,0.017822759953560308
QLEDLAHCHH,HLA-B*27:05,37.35904891304347,15889.238578384087,0.017822759953560308
QLEDLAHCHH,HLA-C*01:02,62.74467391304348,24416.50444623249,0.017822759953560308
QLEDLAHCHH,HLA-C*07:01,62.74467391304348,26129.793076910286,0.017822759953560308
QLEDLAHCHHL,HLA-A*01:01,20.2322554347826,14277.088544441789,0.14326121704652905
QLEDLAHCHHL,HLA-B*08:01,22.19230978260869,15590.23011579292,0.14326121704652905
QLEDLAHCHHL,HLA-B*27:05,20.2322554347826,14525.287231536271,0.14326121704652905
QLEDLAHCHHL,HLA-C*01:02,10.655842391304333,6940.855413089619,0.14326121704652905
QLEDLAHCHHL,HLA-C*07:01,31.643179347826077,20641.811455629213,0.14326121704652905
QLEDLAHCHHLF,HLA-A*01:01,7.147065217391287,5408.916829112701,0.19813965586945415
QLEDLAHCHHLF,HLA-B*08:01,27.61739130434782,24222.738286890057,0.19813965586945415
QLEDLAHCHHLF,HLA-B*27:05,15.160951086956516,12727.661807828603,0.19813965586945415
QLEDLAHCHHLF,HLA-C*01:02,24.57923913043477,20145.248279018186,0.19813965586945415
QLEDLAHCHHLF,HLA-C*07:01,27.61739130434782,23008.94542862582,0.19813965586945415
QLEDLAHCHHLFK,HLA-A*01:01,62.74467391304348,25947.222114056156,0.02355111244833097
QLEDLAHCHHLFK,HLA-B*08:01,99.28660326086957,31134.316007228197,0.02355111244833097
QLEDLAHCHHLFK,HLA-B*27:05,46.224673913043475,19950.070046615045,0.02355111244833097
QLEDLAHCHHLFK,HLA-C*01:02,62.74467391304348,26280.919008321165,0.02355111244833097
QLEDLAHCHHLFK,HLA-C*07:01,99.28660326086957,27782.152941995606,0.02355111244833097
QLEDLAHCHHLFKT,HLA-A*01:01,99.28660326086957,34063.73162202578,0.02439195899933111
QLEDLAHCHHLFKT,HLA-B*08:01,99.28660326086957,33568.89095849806,0.02439195899933111
QLEDLAHCHHLFKT,HLA-B*27:05,99.28660326086957,30123.1312409914,0.02439195899933111
QLEDLAHCHHLFKT,HLA-C*01:02,99.28660326086957,33244.20038686932,0.02439195899933111
QLEDLAHCHHLFKT,HLA-C*07:01,99.28660326086957,32733.71293374322,0.02439195899933111
RIYQGRVV,HLA-A*01:01,4.6575815217390755,33614.613588548265,0.8368879556655884
RIYQGRVV,HLA-B*08:01,3.082635869565138,18992.54278818118,0.8368879556655884
RIYQGRVV,HLA-B*27:05,3.487608695652085,22936.468454224796,0.8368879556655884
RIYQGRVV,HLA-C*01:02,1.1249184782607244,3060.5178343306134,0.8368879556655884
RIYQGRVV,HLA-C*07:01,2.851521739130362,16725.716635279645,0.8368879556655884
RIYQGRVVP,HLA-A*01:01,4.887418478260841,32467.597998146175,0.8129397928714752
RIYQGRVVP,HLA-B*08:01,3.526929347825998,21172.024612423353,0.8129397928714752
RIYQGRVVP,HLA-B*27:05,2.0198097826086183,8244.49225260229,0.8129397928714752
RIYQGRVVP,HLA-C*01:02,3.2120380434781595,18420.645872136505,0.8129397928714752
RIYQGRVVP,HLA-C*07:01,3.6391847826086234,22271.855566144324,0.8129397928714752
RIYQGRVVPF,HLA-A*01:01,5.44942934782604,28165.998042438554,0.7349352017045021
RIYQGRVVPF,HLA-B*08:01,1.989701086956444,6016.956837200477,0.7349352017045021
RIYQGRVVPF,HLA-B*27:05,0.7398913043477222,1063.4157502024661,0.7349352017045021
RIYQGRVVPF,HLA-C*01:02,0.36095108695650424,407.297319172598,0.7349352017045021
RIYQGRVVPF,HLA-C*07:01,0.5143749999999585,640.1490216289744,0.7349352017045021
RIYQGRVVPFT,HLA-A*01:01,18.61798913043478,33254.602710363004,0.3912994731217623
RIYQGRVVPFT,HLA-B*08:01,18.61798913043478,31802.78802111092,0.3912994731217623
RIYQGRVVPFT,HLA-B*27:05,15.160951086956516,24757.550739223374,0.3912994731217623
RIYQGRVVPFT,HLA-C*01:02,17.305597826086952,29192.9522378503,0.3912994731217623
RIYQGRVVPFT,HLA-C*07:01,17.305597826086952,30611.32380960302,0.3912994731217623
RIYQGRVVPFTK,HLA-A*01:01,6.18413043478256,29162.56067039932,0.7084770575165749
RIYQGRVVPFTK,HLA-B*08:01,6.327092391304319,30471.13455015,0.7084770575165749
RIYQGRVVPFTK,HLA-B*27:05,2.5035597826086047,8323.92296197237,0.7084770575165749
RIYQGRVVPFTK,HLA-C*01:02,5.44942934782604,25339.964520895057,0.7084770575165749
RIYQGRVVPFTK,HLA-C*07:01,4.807092391304323,21950.86127206647,0.7084770575165749
RIYQGRVVPFTKA,HLA-A*01:01,4.519266304347795,33129.50596604378,0.8426508903503418
RIYQGRVVPFTKA,HLA-B*08:01,4.454592391304317,32108.285475858815,0.8426508903503418
RIYQGRVVPFTKA,HLA-B*27:05,3.599483695652097,24238.59945774723,0.8426508903503418
RIYQGRVVPFTKA,HLA-C*01:02,4.271168478260833,30307.635138972826,0.8426508903503418
RIYQGRVVPFTKA,HLA-C*07:01,4.271168478260833,30531.25900472857,0.8426508903503418
RIYQGRVVPFTKAL,HLA-A*01:01,16.15755434782608,34409.34381116726,0.4561685547232628
RIYQGRVVPFTKAL,HLA-B*08:01,15.160951086956516,32582.522785839952,0.4561685547232628
RIYQGRVVPFTKAL,HLA-B*27:05,13.500896739130425,29267.79782405765,0.4561685547232628
RIYQGRVVPFTKAL,HLA-C*01:02,14.277038043478257,31114.177210372218,0.4561685547232628
RIYQGRVVPFTKAL,HLA-C*07:01,15.160951086956516,32177.425294403343,0.4561685547232628
RVVPFTKA,HLA-A*01:01,18.61798913043478,32989.55726405524,0.39668381679803133
RVVPFTKA,HLA-B*08:01,17.305597826086952,29734.3899800331,0.39668381679803133
RVVPFTKA,HLA-B*27:05,16.15755434782608,27857.15473728536,0.39668381679803133
RVVPFTKA,HLA-C*01:02,12.187228260869546,20002.12403928852,0.39668381679803133
RVVPFTKA,HLA-C*07:01,16.15755434782608,27181.95122949525,0.39668381679803133
RVVPFTKAL,HLA-A*01:01,8.839293478260856,29029.299581505682,0.594833392649889
RVVPFTKAL,HLA-B*08:01,0.6057880434781993,482.26172527175555,0.594833392649889
RVVPFTKAL,HLA-B*27:05,0.9472010869563974,943.6781530044418,0.594833392649889
RVVPFTKAL,HLA-C*01:02,0.07940217391303861,53.39921943113448,0.594833392649889
RVVPFTKAL,HLA-C*07:01,0.1807065217391255,113.32443149430617,0.594833392649889
RVVPFTKALM,HLA-A*01:01,24.57923913043477,28761.58762568574,0.28737882897257805
RVVPFTKALM,HLA-B*08:01,15.160951086956516,17678.412263961025,0.28737882897257805
RVVPFTKALM,HLA-B*27:05,6.63130434782606,6986.330786409527,0.28737882897257805
RVVPFTKALM,HLA-C*01:02,1.5934782608694746,778.4464970482071,0.28737882897257805
RVVPFTKALM,HLA-C*07:01,3.526929347825998,3144.623502397284,0.28737882897257805
RVVPFTKALMI,HLA-A*01:01,11.115788043478247,31302.587604693075,0.536442331969738
RVVPFTKALMI,HLA-B*08:01,10.231983695652161,28584.354266286904,0.536442331969738
RVVPFTKALMI,HLA-B*27:05,4.6575815217390755,11235.221191373534,0.536442331969738
RVVPFTKALMI,HLA-C*01:02,5.346684782608634,13223.4098696407,0.536442331969738
RVVPFTKALMI,HLA-C*07:01,6.63130434782606,16909.527125985187,0.536442331969738
RVVPFTKALMIK,HLA-A*01:01,9.15535326086956,27999.554510622744,0.5748705118894577
RVVPFTKALMIK,HLA-B*08:01,9.494239130434764,29832.617216688366,0.5748705118894577
RVVPFTKALMIK,HLA-B*27:05,4.329592391304317,11786.05989749161,0.5748705118894577
RVVPFTKALMIK,HLA-C*01:02,7.778097826086963,23382.598542954733,0.5748705118894577
RVVPFTKALMIK,HLA-C*07:01,7.558260869565203,22515.121879159786,0.5748705118894577
RVVPFTKALMIKF,HLA-A*01:01,10.231983695652161,30090.813852137846,0.5589854773133993
RVVPFTKALMIKF,HLA-B*08:01,10.655842391304333,31348.781102007022,0.5589854773133993
RVVPFTKALMIKF,HLA-B*27:05,7.348016304347794,21148.94166885571,0.5589854773133993
RVVPFTKALMIKF,HLA-C*01:02,9.849456521739114,29412.189889730435,0.5589854773133993
RVVPFTKALMIKF,HLA-C*07:01,8.839293478260856,26121.65799007714,0.5589854773133993
RVVPFTKALMIKFE,HLA-A*01:01,62.74467391304348,34337.074643064894,0.0958449630998075
RVVPFTKALMIKFE,HLA-B*08:01,62.74467391304348,33420.6642183066,0.0958449630998075
RVVPFTKALMIKFE,HLA-B*27:05,62.74467391304348,30547.0935308584,0.0958449630998075
RVVPFTKALMIKFE,HLA-C*01:02,62.74467391304348,33390.90618656075,0.0958449630998075
RVVPFTKALMIKFE,HLA-C*07:01,62.74467391304348,33739.742572627765,0.0958449630998075
SQLEDLAH,HLA-A*01:01,99.28660326086957,29830.508420760805,0.04185427093761973
SQLEDLAH,HLA-B*08:01,99.28660326086957,32114.17875412291,0.04185427093761973
SQLEDLAH,HLA-B*27:05,37.35904891304347,16882.20201420029,0.04185427093761973
SQLEDLAH,HLA-C*01:02,62.74467391304348,28056.58705089648,0.04185427093761973
SQLEDLAH,HLA-C*07:01,46.224673913043475,22971.173545468577,0.04185427093761973
SQLEDLAHC,HLA-A*01:01,99.28660326086957,30504.787099968835,0.008916214894270524
SQLEDLAHC,HLA-B*08:01,62.74467391304348,23208.645618850773,0.008916214894270524
SQLEDLAHC,HLA-B*27:05,20.2322554347826,8435.691993833616,0.008916214894270524
SQLEDLAHC,HLA-C*01:02,37.35904891304347,16249.170284653148,0.008916214894270524
SQLEDLAHC,HLA-C*07:01,37.35904891304347,14832.919377242828,0.008916214894270524
SQLEDLAHCH,HLA-A*01:01,24.57923913043477,19551.230283688026,0.18752251379191875
SQLEDLAHCH,HLA-B*08:01,37.35904891304347,30402.05812905886,0.18752251379191875
SQLEDLAHCH,HLA-B*27:05,6.962798913043457,5055.632262959507,0.18752251379191875
SQLEDLAHCH,HLA-C*01:02,27.61739130434782,24212.82810594385,0.18752251379191875
SQLEDLAHCH,HLA-C*07:01,18.61798913043478,15249.853188875975,0.18752251379191875
SQLEDLAHCHH,HLA-A*01:01,37.35904891304347,23384.552758654234,0.10231885919347405
SQLEDLAHCHH,HLA-B*08:01,62.74467391304348,31384.304358286136,0.10231885919347405
SQLEDLAHCHH,HLA-B*27:05,14.277038043478257,8132.147915935298,0.10231885919347405
SQLEDLAHCHH,HLA-C*01:02,46.224673913043475,25916.874251475758,0.10231885919347405
SQLEDLAHCHH,HLA-C*07:01,31.643179347826077,18349.537554479422,0.10231885919347405
SQLEDLAHCHHL,HLA-A*01:01,24.57923913043477,30359.594265008418,0.31208501383662224
SQLEDLAHCHHL,HLA-B*08:01,18.61798913043478,24582.477970474214,0.31208501383662224
SQLEDLAHCHHL,HLA-B*27:05,7.348016304347794,8372.809507393766,0.31208501383662224
SQLEDLAHCHHL,HLA-C*01:02,12.805461956521725,15686.894941664264,0.31208501383662224
SQLEDLAHCHHL,HLA-C*07:01,9.15535326086956,10983.966393678233,0.31208501383662224
SQLEDLAHCHHLF,HLA-A*01:01,20.2322554347826,29393.796146433688,0.33434334862977266
SQLEDLAHCHHLF,HLA-B*08:01,22.19230978260869,30307.154563672993,0.33434334862977266
SQLEDLAHCHHLF,HLA-B*27:05,10.655842391304333,14097.135019798454,0.33434334862977266
SQLEDLAHCHHLF,HLA-C*01:02,20.2322554347826,28934.73094298777,0.33434334862977266
SQLEDLAHCHHLF,HLA-C*07:01,17.305597826086952,23324.12127968697,0.33434334862977266
SQLEDLAHCHHLFK,HLA-A*01:01,99.28660326086957,30193.39911423604,0.049630946246907115
SQLEDLAHCHHLFK,HLA-B*08:01,99.28660326086957,31768.519831292713,0.049630946246907115
SQLEDLAHCHHLFK,HLA-B*27:05,24.57923913043477,12799.213875034207,0.049630946246907115
SQLEDLAHCHHLFK,HLA-C*01:02,62.74467391304348,28596.31671763848,0.049630946246907115
SQLEDLAHCHHLFK,HLA-C*07:01,46.224673913043475,23740.453305326584,0.049630946246907115
TDSQLEDLA,HLA-A*01:01,62.74467391304348,24337.903245319074,0.0033403336274204776
TDSQLEDLA,HLA-B*08:01,62.74467391304348,24847.500721163953,0.0033403336274204776
TDSQLEDLA,HLA-B*27:05,22.19230978260869,9175.391247310663,0.0033403336274204776
TDSQLEDLA,HLA-C*01:02,62.74467391304348,24721.007367831375,0.0033403336274204776
TDSQLEDLA,HLA-C*07:01,62.74467391304348,24768.01071991735,0.0033403336274204776
TDSQLEDLAH,HLA-A*01:01,31.643179347826077,13097.852216848101,0.01001669530523941
TDSQLEDLAH,HLA-B*08:01,99.28660326086957,27750.378261824804,0.01001669530523941
TDSQLEDLAH,HLA-B*27:05,6.479157608695644,2466.8655260986325,0.01001669530523941
TDSQLEDLAH,HLA-C*01:02,62.74467391304348,25734.977613706054,0.01001669530523941
TDSQLEDLAH,HLA-C*07:01,46.224673913043475,19834.0964448832,0.01001669530523941
TDSQLEDLAHC,HLA-A*01:01,99.28660326086957,27260.55428735193,0.0012874326184828533
TDSQLEDLAHC,HLA-B*08:01,99.28660326086957,26343.300325421504,0.0012874326184828533
TDSQLEDLAHC,HLA-B*27:05,20.2322554347826,8477.214996221495,0.0012874326184828533
TDSQLEDLAHC,HLA-C*01:02,62.74467391304348,24519.251886929727,0.0012874326184828533
TDSQLEDLAHC,HLA-C*07:01,62.74467391304348,24417.165116092398,0.0012874326184828533
TDSQLEDLAHCH,HLA-A*01:01,18.61798913043478,8843.438642137155,0.042717492673546076
TDSQLEDLAHCH,HLA-B*08:01,62.74467391304348,27310.778982975724,0.042717492673546076
TDSQLEDLAHCH,HLA-B*27:05,8.269211956521715,3619.115885446754,0.042717492673546076
TDSQLEDLAHCH,HLA-C*01:02,46.224673913043475,22996.783432973476,0.042717492673546076
TDSQLEDLAHCH,HLA-C*07:01,46.224673913043475,19454.94396619834,0.042717492673546076
TDSQLEDLAHCHH,HLA-A*01:01,37.35904891304347,15506.453011996027,0.009101485484279692
TDSQLEDLAHCHH,HLA-B*08:01,99.28660326086957,29279.40711268339,0.009101485484279692
TDSQLEDLAHCHH,HLA-B*27:05,20.2322554347826,8385.20383021017,0.009101485484279692
TDSQLEDLAHCHH,HLA-C*01:02,99.28660326086957,26169.86793134227,0.009101485484279692
TDSQLEDLAHCHH,HLA-C*07:01,62.74467391304348,23783.121877322323,0.009101485484279692
TDSQLEDLAHCHHL,HLA-A*01:01,62.74467391304348,29708.06439518405,0.06226945371599868
TDSQLEDLAHCHHL,HLA-B*08:01,62.74467391304348,30325.805716733306,0.06226945371599868
TDSQLEDLAHCHHL,HLA-B*27:05,31.643179347826077,15693.152686902018,0.06226945371599868
TDSQLEDLAHCHHL,HLA-C*01:02,62.74467391304348,28597.62371063699,0.06226945371599868
TDSQLEDLAHCHHL,HLA-C*07:01,62.74467391304348,27766.840288931777,0.06226945371599868
TKALMIKF,HLA-A*01:01,24.57923913043477,32959.51266265247,0.3272207723930478
TKALMIKF,HLA-B*08:01,22.19230978260869,29791.354581103617,0.3272207723930478
TKALMIKF,HLA-B*27:05,16.15755434782608,21316.65918179853,0.3272207723930478
TKALMIKF,HLA-C*01:02,22.19230978260869,29130.442274219266,0.3272207723930478
TKALMIKF,HLA-C*07:01,12.187228260869546,16295.848322613638,0.3272207723930478
TKALMIKFE,HLA-A*01:01,99.28660326086957,33536.828794128734,0.026448000804521143
TKALMIKFE,HLA-B*08:01,99.28660326086957,32476.179593501816,0.026448000804521143
TKALMIKFE,HLA-B*27:05,46.224673913043475,20077.762685369697,0.026448000804521143
TKALMIKFE,HLA-C*01:02,99.28660326086957,31658.577288811925,0.026448000804521143
TKALMIKFE,HLA-C*07:01,99.28660326086957,29460.118473261115,0.026448000804521143
TKALMIKFEE,HLA-A*01:01,99.28660326086957,33477.708227166586,0.014271269115852192
TKALMIKFEE,HLA-B*08:01,99.28660326086957,32161.967834558392,0.014271269115852192
TKALMIKFEE,HLA-B*27:05,46.224673913043475,18993.197479788625,0.014271269115852192
TKALMIKFEE,HLA-C*01:02,99.28660326086957,31781.681106095966,0.014271269115852192
TKALMIKFEE,HLA-C*07:01,99.28660326086957,29468.293493715595,0.014271269115852192
TKALMIKFEEI,HLA-A*01:01,37.35904891304347,34149.170919690936,0.2297268812544644
TKALMIKFEEI,HLA-B*08:01,31.643179347826077,31346.45811551201,0.2297268812544644
TKALMIKFEEI,HLA-B*27:05,22.19230978260869,21399.646705515814,0.2297268812544644
TKALMIKFEEI,HLA-C*01:02,31.643179347826077,31077.58653282575,0.2297268812544644
TKALMIKFEEI,HLA-C*07:01,31.643179347826077,29369.38580240517,0.2297268812544644
TKALMIKFEEIW,HLA-A*01:01,46.224673913043475,32183.198104772924,0.13771322439424694
TKALMIKFEEIW,HLA-B*08:01,46.224673913043475,31717.884280924605,0.13771322439424694
TKALMIKFEEIW,HLA-B*27:05,31.643179347826077,22418.71044406879,0.13771322439424694
TKALMIKFEEIW,HLA-C*01:02,46.224673913043475,31808.334639567445,0.13771322439424694
TKALMIKFEEIW,HLA-C*07:01,46.224673913043475,28783.384002751693,0.13771322439424694
TKALMIKFEEIWP,HLA-A*01:01,99.28660326086957,34703.928723060984,0.02382013638271019
TKALMIKFEEIWP,HLA-B*08:01,99.28660326086957,33456.6105778415,0.02382013638271019
TKALMIKFEEIWP,HLA-B*27:05,99.28660326086957,28947.803547996595,0.02382013638271019
TKALMIKFEEIWP,HLA-C*01:02,99.28660326086957,33513.1003060471,0.02382013638271019
TKALMIKFEEIWP,HLA-C*07:01,99.28660326086957,33112.55082544649,0.02382013638271019
TKALMIKFEEIWPQ,HLA-A*01:01,99.28660326086957,34186.94546200348,0.05983666074462235
TKALMIKFEEIWPQ,HLA-B*08:01,99.28660326086957,33077.313637764666,0.05983666074462235
TKALMIKFEEIWPQ,HLA-B*27:05,62.74467391304348,27902.523898583666,0.05983666074462235
TKALMIKFEEIWPQ,HLA-C*01:02,99.28660326086957,32568.497553043704,0.05983666074462235
TKALMIKFEEIWPQ,HLA-C*07:01,99.28660326086957,32821.23997412942,0.05983666074462235
TVRIYQGR,HLA-A*01:01,37.35904891304347,30325.263737508954,0.20661463448777795
TVRIYQGR,HLA-B*08:01,31.643179347826077,28746.150054094895,0.20661463448777795
TVRIYQGR,HLA-B*27:05,24.57923913043477,22915.368963104378,0.20661463448777795
TVRIYQGR,HLA-C*01:02,27.61739130434782,24717.652831516305,0.20661463448777795
TVRIYQGR,HLA-C*07:01,31.643179347826077,27017.86259732038,0.20661463448777795
TVRIYQGRV,HLA-A*01:01,99.28660326086957,31322.502295071954,0.04148854539380409
TVRIYQGRV,HLA-B*08:01,31.643179347826077,15762.115630513408,0.04148854539380409
TVRIYQGRV,HLA-B*27:05,37.35904891304347,17629.936306304324,0.04148854539380409
TVRIYQGRV,HLA-C*01:02,37.35904891304347,19010.306461488482,0.04148854539380409
TVRIYQGRV,HLA-C*07:01,62.74467391304348,25494.01807967057,0.04148854539380409
TVRIYQGRVV,HLA-A*01:01,27.61739130434782,32918.31290569434,0.28088600747287273
TVRIYQGRVV,HLA-B*08:01,22.19230978260869,24856.455755300543,0.28088600747287273
TVRIYQGRVV,HLA-B*27:05,17.305597826086952,19375.05114216578,0.28088600747287273
TVRIYQGRVV,HLA-C*01:02,20.2322554347826,23405.67764161775,0.28088600747287273
TVRIYQGRVV,HLA-C*07:01,24.57923913043477,28222.241597208224,0.28088600747287273
TVRIYQGRVVP,HLA-A*01:01,17.305597826086952,33377.94584879281,0.4331851964816451
TVRIYQGRVVP,HLA-B*08:01,16.15755434782608,31341.092340009498,0.4331851964816451
TVRIYQGRVVP,HLA-B*27:05,12.187228260869546,23218.61936739533,0.4331851964816451
TVRIYQGRVVP,HLA-C*01:02,15.160951086956516,30703.608028646802,0.4331851964816451
TVRIYQGRVVP,HLA-C*07:01,16.15755434782608,30842.10617832566,0.4331851964816451
TVRIYQGRVVPF,HLA-A*01:01,31.643179347826077,32038.98389606403,0.23476764699444175
TVRIYQGRVVPF,HLA-B*08:01,31.643179347826077,29656.930454006128,0.23476764699444175
TVRIYQGRVVPF,HLA-B*27:05,13.500896739130425,12776.94462256124,0.23476764699444175
TVRIYQGRVVPF,HLA-C*01:02,27.61739130434782,28139.885052844293,0.23476764699444175
TVRIYQGRVVPF,HLA-C*07:01,24.57923913043477,25461.122456986875,0.23476764699444175
TVRIYQGRVVPFT,HLA-A*01:01,62.74467391304348,34044.12244542683,0.08632901567034423
TVRIYQGRVVPFT,HLA-B*08:01,62.74467391304348,33297.755160232155,0.08632901567034423
TVRIYQGRVVPFT,HLA-B*27:05,62.74467391304348,28493.893773501655,0.08632901567034423
TVRIYQGRVVPFT,HLA-C*01:02,62.74467391304348,32988.45721829032,0.08632901567034423
TVRIYQGRVVPFT,HLA-C*07:01,62.74467391304348,32464.151287130622,0.08632901567034423
TVRIYQGRVVPFTK,HLA-A*01:01,31.643179347826077,32304.59399273513,0.2358282427303493
TVRIYQGRVVPFTK,HLA-B*08:01,31.643179347826077,32303.68162744515,0.2358282427303493
TVRIYQGRVVPFTK,HLA-B*27:05,24.57923913043477,23608.38886018293,0.2358282427303493
TVRIYQGRVVPFTK,HLA-C*01:02,31.643179347826077,30499.733450012835,0.2358282427303493
TVRIYQGRVVPFTK,HLA-C*07:01,31.643179347826077,30807.58231199871,0.2358282427303493
VIVKTDSQLEDLA,HLA-A*01:01,62.74467391304348,31721.575116149223,0.06606897455640137
VIVKTDSQLEDLA,HLA-B*08:01,62.74467391304348,31343.65509323298,0.06606897455640137
VIVKTDSQLEDLA,HLA-B*27:05,46.224673913043475,21143.29334566486,0.06606897455640137
VIVKTDSQLEDLA,HLA-C*01:02,62.74467391304348,27918.30140294468,0.06606897455640137
VIVKTDSQLEDLA,HLA-C*07:01,62.74467391304348,29702.21309463957,0.06606897455640137
VIVKTDSQLEDLAH,HLA-A*01:01,62.74467391304348,28701.39207516944,0.06184826511889696
VIVKTDSQLEDLAH,HLA-B*08:01,99.28660326086957,31775.240542342075,0.06184826511889696
VIVKTDSQLEDLAH,HLA-B*27:05,31.643179347826077,16218.021043693589,0.06184826511889696
VIVKTDSQLEDLAH,HLA-C*01:02,62.74467391304348,28763.102623135263,0.06184826511889696
VIVKTDSQLEDLAH,HLA-C*07:01,62.74467391304348,29150.40846294549,0.06184826511889696
VKTDSQLEDLA,HLA-A*01:01,99.28660326086957,32592.95098754669,0.04501049715327099
VKTDSQLEDLA,HLA-B*08:01,99.28660326086957,31396.996342260405,0.04501049715327099
VKTDSQLEDLA,HLA-B*27:05,37.35904891304347,17837.709080153705,0.04501049715327099
VKTDSQLEDLA,HLA-C*01:02,62.74467391304348,29255.701642095628,0.04501049715327099
VKTDSQLEDLA,HLA-C*07:01,62.74467391304348,28138.05378605945,0.04501049715327099
VKTDSQLEDLAH,HLA-A*01:01,62.74467391304348,26242.704494637914,0.07174584973836318
VKTDSQLEDLAH,HLA-B*08:01,62.74467391304348,30707.643373348605,0.07174584973836318
VKTDSQLEDLAH,HLA-B*27:05,9.849456521739114,4964.51023162069,0.07174584973836318
VKTDSQLEDLAH,HLA-C*01:02,46.224673913043475,25236.400814711382,0.07174584973836318
VKTDSQLEDLAH,HLA-C*07:01,37.35904891304347,20132.076412411563,0.07174584973836318
VKTDSQLEDLAHC,HLA-A*01:01,99.28660326086957,31862.573605426845,0.003854869510178105
VKTDSQLEDLAHC,HLA-B*08:01,99.28660326086957,31496.232694881666,0.003854869510178105
VKTDSQLEDLAHC,HLA-B*27:05,62.74467391304348,21655.699754525955,0.003854869510178105
VKTDSQLEDLAHC,HLA-C*01:02,99.28660326086957,28228.64012368019,0.003854869510178105
VKTDSQLEDLAHC,HLA-C*07:01,99.28660326086957,28330.022243331445,0.003854869510178105
VKTDSQLEDLAHCH,HLA-A*01:01,37.35904891304347,28293.444895375575,0.1493941158405505
VKTDSQLEDLAHCH,HLA-B*08:01,46.224673913043475,31460.83256113549,0.1493941158405505
VKTDSQLEDLAHCH,HLA-B*27:05,24.57923913043477,18254.57454709274,0.1493941158405505
VKTDSQLEDLAHCH,HLA-C*01:02,46.224673913043475,29060.020911913096,0.1493941158405505
VKTDSQLEDLAHCH,HLA-C*07:01,37.35904891304347,27802.73012638723,0.1493941158405505
VPFTKALM,HLA-A*01:01,17.305597826086952,31887.286802102608,0.42134582065045834
VPFTKALM,HLA-B*08:01,0.4095652173913038,152.87528033622112,0.42134582065045834
VPFTKALM,HLA-B*27:05,12.187228260869546,21851.941387493596,0.42134582065045834
VPFTKALM,HLA-C*01:02,3.2661956521738205,4575.716047663808,0.42134582065045834
VPFTKALM,HLA-C*07:01,10.655842391304333,18980.95698123077,0.42134582065045834
VPFTKALMI,HLA-A*01:01,5.054048913043445,30721.28504348539,0.7832967862486839
VPFTKALMI,HLA-B*08:01,0.0643206521739188,89.80587587212501,0.7832967862486839
VPFTKALMI,HLA-B*27:05,0.9687228260868466,1946.0048272301485,0.7832967862486839
VPFTKALMI,HLA-C*01:02,0.8697826086955587,1628.4175285988997,0.7832967862486839
VPFTKALMI,HLA-C*07:01,2.129347826086885,8138.400052511296,0.7832967862486839
VPFTKALMIK,HLA-A*01:01,31.643179347826077,30158.392223678955,0.2278864923864603
VPFTKALMIK,HLA-B*08:01,24.57923913043477,23076.87411615185,0.2278864923864603
VPFTKALMIK,HLA-B*27:05,11.115788043478247,10025.999946819693,0.2278864923864603
VPFTKALMIK,HLA-C*01:02,24.57923913043477,22445.46552724251,0.2278864923864603
VPFTKALMIK,HLA-C*07:01,27.61739130434782,26654.05116187248,0.2278864923864603
VPFTKALMIKF,HLA-A*01:01,15.160951086956516,31330.212384282968,0.44072938710451126
VPFTKALMIKF,HLA-B*08:01,4.807092391304323,8212.06849831806,0.44072938710451126
VPFTKALMIKF,HLA-B*27:05,6.327092391304319,11551.928646758011,0.44072938710451126
VPFTKALMIKF,HLA-C*01:02,10.231983695652161,19743.271270627905,0.44072938710451126
VPFTKALMIKF,HLA-C*07:01,11.6303260869565,22530.460711150034,0.44072938710451126
VPFTKALMIKFE,HLA-A*01:01,99.28660326086957,33772.940924944414,0.07170462142676115
VPFTKALMIKFE,HLA-B*08:01,99.28660326086957,32634.232453286164,0.07170462142676115
VPFTKALMIKFE,HLA-B*27:05,62.74467391304348,27095.240745978394,0.07170462142676115
VPFTKALMIKFE,HLA-C*01:02,62.74467391304348,31396.897189479205,0.07170462142676115
VPFTKALMIKFE,HLA-C*07:01,62.74467391304348,31745.765135953246,0.07170462142676115
VPFTKALMIKFEE,HLA-A*01:01,62.74467391304348,34021.73259720678,0.11352705117315054
VPFTKALMIKFEE,HLA-B*08:01,62.74467391304348,32322.46302938831,0.11352705117315054
VPFTKALMIKFEE,HLA-B*27:05,46.224673913043475,27732.68273155141,0.11352705117315054
VPFTKALMIKFEE,HLA-C*01:02,62.74467391304348,31796.561951501073,0.11352705117315054
VPFTKALMIKFEE,HLA-C*07:01,62.74467391304348,32518.066409725023,0.11352705117315054
VPFTKALMIKFEEI,HLA-A*01:01,11.115788043478247,34444.122375041276,0.5721102766692638
VPFTKALMIKFEEI,HLA-B*08:01,10.655842391304333,32751.742767265332,0.5721102766692638
VPFTKALMIKFEEI,HLA-B*27:05,9.849456521739114,30447.08641867884,0.5721102766692638
VPFTKALMIKFEEI,HLA-C*01:02,10.655842391304333,32984.75472287014,0.5721102766692638
VPFTKALMIKFEEI,HLA-C*07:01,10.655842391304333,33244.478967349845,0.5721102766692638
VRIYQGRV,HLA-A*01:01,62.74467391304348,34662.05797887017,0.09539506770670414
VRIYQGRV,HLA-B*08:01,62.74467391304348,30570.011242919158,0.09539506770670414
VRIYQGRV,HLA-B*27:05,46.224673913043475,25427.823028701507,0.09539506770670414
VRIYQGRV,HLA-C*01:02,62.74467391304348,29973.2326713638,0.09539506770670414
VRIYQGRV,HLA-C*07:01,37.35904891304347,21747.838428466974,0.09539506770670414
VRIYQGRVV,HLA-A*01:01,14.277038043478257,33829.34781501134,0.48267870396375656
VRIYQGRVV,HLA-B*08:01,9.494239130434764,21442.2007642701,0.48267870396375656
VRIYQGRVV,HLA-B*27:05,0.6714673913042759,369.13898701352497,0.48267870396375656
VRIYQGRVV,HLA-C*01:02,7.778097826086963,16832.560573130755,0.48267870396375656
VRIYQGRVV,HLA-C*07:01,0.32350543478260363,142.73041023522197,0.48267870396375656
VRIYQGRVVP,HLA-A*01:01,16.15755434782608,34069.14174235046,0.45612966641783714
VRIYQGRVVP,HLA-B*08:01,14.277038043478257,30418.85885355461,0.45612966641783714
VRIYQGRVVP,HLA-B*27:05,6.63130434782606,12729.455525055693,0.45612966641783714
VRIYQGRVVP,HLA-C*01:02,14.277038043478257,30076.84671068147,0.45612966641783714
VRIYQGRVVP,HLA-C*07:01,10.231983695652161,20542.524906975876,0.45612966641783714
VRIYQGRVVPF,HLA-A*01:01,24.57923913043477,33217.34803123299,0.3158904444426298
VRIYQGRVVPF,HLA-B*08:01,20.2322554347826,27583.08302209432,0.3158904444426298
VRIYQGRVVPF,HLA-B*27:05,0.6369565217390374,187.23663052472128,0.3158904444426298
VRIYQGRVVPF,HLA-C*01:02,18.61798913043478,24986.908730443272,0.3158904444426298
VRIYQGRVVPF,HLA-C*07:01,0.8208423913042395,271.2248051851529,0.3158904444426298
VRIYQGRVVPFT,HLA-A*01:01,62.74467391304348,33975.84355248513,0.1149800963466987
VRIYQGRVVPFT,HLA-B*08:01,62.74467391304348,32717.7757261161,0.1149800963466987
VRIYQGRVVPFT,HLA-B*27:05,46.224673913043475,25356.24093706341,0.1149800963466987
VRIYQGRVVPFT,HLA-C*01:02,62.74467391304348,32076.395060135274,0.1149800963466987
VRIYQGRVVPFT,HLA-C*07:01,62.74467391304348,30417.013648107375,0.1149800963466987
VRIYQGRVVPFTK,HLA-A*01:01,24.57923913043477,32831.96061494809,0.32605266384780407
VRIYQGRVVPFTK,HLA-B*08:01,24.57923913043477,31875.955004311236,0.32605266384780407
VRIYQGRVVPFTK,HLA-B*27:05,8.269211956521715,10135.667144500729,0.32605266384780407
VRIYQGRVVPFTK,HLA-C*01:02,22.19230978260869,29956.579905706014,0.32605266384780407
VRIYQGRVVPFTK,HLA-C*07:01,20.2322554347826,26499.49267905636,0.32605266384780407
VRIYQGRVVPFTKA,HLA-A*01:01,14.277038043478257,34547.52690164449,0.49585707299411297
VRIYQGRVVPFTKA,HLA-B*08:01,13.500896739130425,33020.96398911732,0.49585707299411297
VRIYQGRVVPFTKA,HLA-B*27:05,12.187228260869546,28676.82668660433,0.49585707299411297
VRIYQGRVVPFTKA,HLA-C*01:02,13.500896739130425,32663.744545688696,0.49585707299411297
VRIYQGRVVPFTKA,HLA-C*07:01,13.500896739130425,32925.855949258614,0.49585707299411297
VVPFTKAL,HLA-A*01:01,37.35904891304347,30339.20952137533,0.17740426305681467
VVPFTKAL,HLA-B*08:01,22.19230978260869,17870.357519194928,0.17740426305681467
VVPFTKAL,HLA-B*27:05,27.61739130434782,22899.65769143123,0.17740426305681467
VVPFTKAL,HLA-C*01:02,0.6095380434781958,106.36023554577244,0.17740426305681467
VVPFTKAL,HLA-C*07:01,16.15755434782608,12274.816256741127,0.17740426305681467
VVPFTKALM,HLA-A*01:01,31.643179347826077,18554.438138832935,0.08792760956566781
VVPFTKALM,HLA-B*08:01,20.2322554347826,11911.410884793624,0.08792760956566781
VVPFTKALM,HLA-B*27:05,12.805461956521725,7098.777803143226,0.08792760956566781
VVPFTKALM,HLA-C*01:02,0.5722554347825621,70.38663826834565,0.08792760956566781
VVPFTKALM,HLA-C*07:01,8.839293478260856,4715.2363408860165,0.08792760956566781
VVPFTKALMI,HLA-A*01:01,62.74467391304348,30495.349913236605,0.11087387520819902
VVPFTKALMI,HLA-B*08:01,37.35904891304347,24114.485644994973,0.11087387520819902
VVPFTKALMI,HLA-B*27:05,17.305597826086952,10363.405052780801,0.11087387520819902
VVPFTKALMI,HLA-C*01:02,6.792608695652163,3688.311959726184,0.11087387520819902
VVPFTKALMI,HLA-C*07:01,46.224673913043475,26370.202594450035,0.11087387520819902
VVPFTKALMIK,HLA-A*01:01,46.224673913043475,28370.23465431994,0.10960988240549341
VVPFTKALMIK,HLA-B*08:01,62.74467391304348,31155.104127639723,0.10960988240549341
VVPFTKALMIK,HLA-B*27:05,24.57923913043477,14877.076404364248,0.10960988240549341
VVPFTKALMIK,HLA-C*01:02,31.643179347826077,19389.575395993823,0.10960988240549341
VVPFTKALMIK,HLA-C*07:01,46.224673913043475,27439.42109252377,0.10960988240549341
VVPFTKALMIKF,HLA-A*01:01,62.74467391304348,31242.039609003114,0.11726734880357981
VVPFTKALMIKF,HLA-B*08:01,62.74467391304348,31890.473672109103,0.11726734880357981
VVPFTKALMIKF,HLA-B*27:05,37.35904891304347,23989.72601841498,0.11726734880357981
VVPFTKALMIKF,HLA-C*01:02,46.224673913043475,28528.75845132458,0.11726734880357981
VVPFTKALMIKF,HLA-C*07:01,46.224673913043475,29484.83502378875,0.11726734880357981
VVPFTKALMIKFE,HLA-A*01:01,99.28660326086957,34088.56561818494,0.010082650900585577
VVPFTKALMIKFE,HLA-B*08:01,99.28660326086957,33000.28346897568,0.010082650900585577
VVPFTKALMIKFE,HLA-B*27:05,99.28660326086957,28917.412866409213,0.010082650900585577
VVPFTKALMIKFE,HLA-C*01:02,99.28660326086957,32200.790249079582,0.010082650900585577
VVPFTKALMIKFE,HLA-C*07:01,99.28660326086957,32992.80835102571,0.010082650900585577
VVPFTKALMIKFEE,HLA-A*01:01,99.28660326086957,34648.12132434207,0.018839060445316136
VVPFTKALMIKFEE,HLA-B*08:01,99.28660326086957,33195.78257668755,0.018839060445316136
VVPFTKALMIKFEE,HLA-B*27:05,99.28660326086957,30637.143521284022,0.018839060445316136
VVPFTKALMIKFEE,HLA-C*01:02,99.28660326086957,32864.95378406811,0.018839060445316136
VVPFTKALMIKFEE,HLA-C*07:01,99.28660326086957,33166.35919940271,0.018839060445316136
YQGRVVPF,HLA-A*01:01,31.643179347826077,30283.800511327114,0.23277692403644323
YQGRVVPF,HLA-B*08:01,24.57923913043477,22852.333515571507,0.23277692403644323
YQGRVVPF,HLA-B*27:05,12.187228260869546,11127.528982873237,0.23277692403644323
YQGRVVPF,HLA-C*01:02,9.15535326086956,8309.446395942112,0.23277692403644323
YQGRVVPF,HLA-C*07:01,2.241521739130363,1202.657216889781,0.23277692403644323
YQGRVVPFT,HLA-A*01:01,99.28660326086957,30710.773992814058,0.053887978196144104
YQGRVVPFT,HLA-B*08:01,62.74467391304348,28310.671371389853,0.053887978196144104
YQGRVVPFT,HLA-B*27:05,31.643179347826077,16836.82419197693,0.053887978196144104
YQGRVVPFT,HLA-C*01:02,62.74467391304348,24536.2750122432,0.053887978196144104
YQGRVVPFT,HLA-C*07:01,46.224673913043475,22093.60945486558,0.053887978196144104
YQGRVVPFTK,HLA-A*01:01,37.35904891304347,27740.70701737797,0.1456982612144202
YQGRVVPFTK,HLA-B*08:01,46.224673913043475,29883.757760626606,0.1456982612144202
YQGRVVPFTK,HLA-B*27:05,3.454483695652087,1810.8001577304667,0.1456982612144202
YQGRVVPFTK,HLA-C*01:02,31.643179347826077,23523.98327481812,0.1456982612144202
YQGRVVPFTK,HLA-C*07:01,18.61798913043478,12746.149998536355,0.1456982612144202
YQGRVVPFTKA,HLA-A*01:01,24.57923913043477,33531.72803495238,0.33274150267243385
YQGRVVPFTKA,HLA-B*08:01,22.19230978260869,31420.136606793836,0.33274150267243385
YQGRVVPFTKA,HLA-B*27:05,15.160951086956516,21289.30491595235,0.33274150267243385
YQGRVVPFTKA,HLA-C*01:02,20.2322554347826,28974.19899867843,0.33274150267243385
YQGRVVPFTKA,HLA-C*07:01,20.2322554347826,26992.71319914392,0.33274150267243385
YQGRVVPFTKAL,HLA-A*01:01,99.28660326086957,33657.26829448402,0.0643141025211662
YQGRVVPFTKAL,HLA-B*08:01,62.74467391304348,30591.492846692756,0.0643141025211662
YQGRVVPFTKAL,HLA-B*27:05,37.35904891304347,20617.236999638135,0.0643141025211662
YQGRVVPFTKAL,HLA-C*01:02,62.74467391304348,26274.769325383106,0.0643141025211662
YQGRVVPFTKAL,HLA-C*07:01,46.224673913043475,23914.375166283495,0.0643141025211662
YQGRVVPFTKALM,HLA-A*01:01,62.74467391304348,33545.40797496534,0.08051713590975851
YQGRVVPFTKALM,HLA-B*08:01,62.74467391304348,31960.76953883373,0.08051713590975851
YQGRVVPFTKALM,HLA-B*27:05,46.224673913043475,25170.13212138956,0.08051713590975851
YQGRVVPFTKALM,HLA-C*01:02,62.74467391304348,30314.81572409092,0.08051713590975851
YQGRVVPFTKALM,HLA-C*07:01,62.74467391304348,29659.892505589323,0.08051713590975851
YQGRVVPFTKALMI,HLA-A*01:01,46.224673913043475,34732.11964995612,0.15492447512224317
YQGRVVPFTKALMI,HLA-B*08:01,46.224673913043475,33279.17504853379,0.15492447512224317
YQGRVVPFTKALMI,HLA-B*27:05,46.224673913043475,31042.11753483656,0.15492447512224317
YQGRVVPFTKALMI,HLA-C*01:02,46.224673913043475,33324.60495219822,0.15492447512224317
YQGRVVPFTKALMI,HLA-C*07:01,46.224673913043475,33314.23699429247,0.15492447512224317
ATISFDTD,HLA-A*01:01,99.28660326086957,32609.9877931824,0.04650171205867082
ATISFDTD,HLA-B*08:01,99.28660326086957,33453.17369003572,0.04650171205867082
ATISFDTD,HLA-B*27:05,62.74467391304348,28888.330473648653,0.04650171205867082
ATISFDTD,HLA-C*01:02,99.28660326086957,31458.721268857993,0.04650171205867082
ATISFDTD,HLA-C*07:01,99.28660326086957,31566.574344992947,0.04650171205867082
ATISFDTDTGLKQ,HLA-A*01:01,7.348016304347794,15847.613446226602,0.48368587903678417
ATISFDTDTGLKQ,HLA-B*08:01,13.500896739130425,30951.40306653379,0.48368587903678417
ATISFDTDTGLKQ,HLA-B*27:05,3.3897826086955547,6054.692435446763,0.48368587903678417
ATISFDTDTGLKQ,HLA-C*01:02,9.15535326086956,20304.09792594143,0.48368587903678417
ATISFDTDTGLKQ,HLA-C*07:01,9.15535326086956,20079.38274874969,0.48368587903678417
ATISFDTDTGLKQA,HLA-A*01:01,6.63130434782606,28140.66098969873,0.6709893234074116
ATISFDTDTGLKQA,HLA-B*08:01,7.348016304347794,31374.66399890548,0.6709893234074116
ATISFDTDTGLKQA,HLA-B*27:05,4.454592391304317,17125.360776190573,0.6709893234074116
ATISFDTDTGLKQA,HLA-C*01:02,6.047907608695624,24682.339281490178,0.6709893234074116
ATISFDTDTGLKQA,HLA-C*07:01,6.327092391304319,26629.874551902456,0.6709893234074116
DILKHGKRFHATI,HLA-A*01:01,46.224673913043475,33997.62374944048,0.15778052899986506
DILKHGKRFHATI,HLA-B*08:01,46.224673913043475,31924.693132802433,0.15778052899986506
DILKHGKRFHATI,HLA-B*27:05,37.35904891304347,28067.21258394516,0.15778052899986506
DILKHGKRFHATI,HLA-C*01:02,46.224673913043475,31915.337792091286,0.15778052899986506
DILKHGKRFHATI,HLA-C*07:01,46.224673913043475,32194.197275138133,0.15778052899986506
DILKHGKRFHATIS,HLA-A*01:01,62.74467391304348,34464.97554426738,0.08871037574135698
DILKHGKRFHATIS,HLA-B*08:01,62.74467391304348,33374.879917155486,0.08871037574135698
DILKHGKRFHATIS,HLA-B*27:05,62.74467391304348,29771.33781828653,0.08871037574135698
DILKHGKRFHATIS,HLA-C*01:02,62.74467391304348,33330.21889560794,0.08871037574135698
DILKHGKRFHATIS,HLA-C*07:01,62.74467391304348,33365.62483961325,0.08871037574135698
FHATISFD,HLA-A*01:01,99.28660326086957,33901.40014209762,0.0049541040061740205
FHATISFD,HLA-B*08:01,99.28660326086957,32706.47830306417,0.0049541040061740205
FHATISFD,HLA-B*27:05,99.28660326086957,28946.45103226237,0.0049541040061740205
FHATISFD,HLA-C*01:02,99.28660326086957,31291.196458122096,0.0049541040061740205
FHATISFD,HLA-C*07:01,99.28660326086957,30864.131416773816,0.0049541040061740205
FHATISFDTDTGL,HLA-A*01:01,99.28660326086957,33089.1109923263,0.05598536052275449
FHATISFDTDTGL,HLA-B*08:01,99.28660326086957,30849.65909712829,0.05598536052275449
FHATISFDTDTGL,HLA-B*27:05,46.224673913043475,21244.629617670133,0.05598536052275449
FHATISFDTDTGL,HLA-C*01:02,62.74467391304348,26596.153711641986,0.05598536052275449
FHATISFDTDTGL,HLA-C*07:01,62.74467391304348,27638.864632869983,0.05598536052275449
FHATISFDTDTGLK,HLA-A*01:01,46.224673913043475,29824.488146608102,0.13256464805454016
FHATISFDTDTGLK,HLA-B*08:01,46.224673913043475,31933.287939146907,0.13256464805454016
FHATISFDTDTGLK,HLA-B*27:05,24.57923913043477,17425.02149738315,0.13256464805454016
FHATISFDTDTGLK,HLA-C*01:02,46.224673913043475,28087.193698481748,0.13256464805454016
FHATISFDTDTGLK,HLA-C*07:01,37.35904891304347,25023.094956737434,0.13256464805454016
GKRFHATI,HLA-A*01:01,31.643179347826077,34539.567796776966,0.2802688275114633
GKRFHATI,HLA-B*08:01,18.61798913043478,21597.14691458716,0.2802688275114633
GKRFHATI,HLA-B*27:05,20.2322554347826,24206.584541468837,0.2802688275114633
GKRFHATI,HLA-C*01:02,24.57923913043477,28891.44086082613,0.2802688275114633
GKRFHATI,HLA-C*07:01,20.2322554347826,23396.531387326617,0.2802688275114633
GKRFHATISFDTD,HLA-A*01:01,99.28660326086957,33851.96854193244,0.062013729657337535
GKRFHATISFDTD,HLA-B*08:01,99.28660326086957,32921.77631933916,0.062013729657337535
GKRFHATISFDTD,HLA-B*27:05,62.74467391304348,25365.201731218138,0.062013729657337535
GKRFHATISFDTD,HLA-C*01:02,99.28660326086957,32489.849595572137,0.062013729657337535
GKRFHATISFDTD,HLA-C*07:01,99.28660326086957,31952.099206535746,0.062013729657337535
GKRFHATISFDTDT,HLA-A*01:01,99.28660326086957,34381.73804219815,0.023221652287247707
GKRFHATISFDTDT,HLA-B*08:01,99.28660326086957,33092.86888575376,0.023221652287247707
GKRFHATISFDTDT,HLA-B*27:05,99.28660326086957,28301.071104201874,0.023221652287247707
GKRFHATISFDTDT,HLA-C*01:02,99.28660326086957,32615.65330401717,0.023221652287247707
GKRFHATISFDTDT,HLA-C*07:01,99.28660326086957,32385.234277079515,0.023221652287247707
HATISFDT,HLA-A*01:01,99.28660326086957,33580.16346129288,0.007559216901427135
HATISFDT,HLA-B*08:01,99.28660326086957,31770.550685914804,0.007559216901427135
HATISFDT,HLA-B*27:05,99.28660326086957,28858.018165009536,0.007559216901427135
HATISFDT,HLA-C*01:02,99.28660326086957,28773.308212124342,0.007559216901427135
HATISFDT,HLA-C*07:01,99.28660326086957,30837.41104493607,0.007559216901427135
HATISFDTDTGLK,HLA-A*01:01,24.57923913043477,17307.50070622282,0.15513055818155408
HATISFDTDTGLK,HLA-B*08:01,37.35904891304347,28435.445518137818,0.15513055818155408
HATISFDTDTGLK,HLA-B*27:05,6.18413043478256,3897.022042821707,0.15513055818155408
HATISFDTDTGLK,HLA-C*01:02,24.57923913043477,17152.046351702797,0.15513055818155408
HATISFDTDTGLK,HLA-C*07:01,24.57923913043477,17808.061533628028,0.15513055818155408
HATISFDTDTGLKQ,HLA-A*01:01,37.35904891304347,27084.04366793256,0.1390588681679219
HATISFDTDTGLKQ,HLA-B*08:01,46.224673913043475,30956.516957057767,0.1390588681679219
HATISFDTDTGLKQ,HLA-B*27:05,10.655842391304333,6878.118615018619,0.1390588681679219
HATISFDTDTGLKQ,HLA-C*01:02,37.35904891304347,25054.758122411728,0.1390588681679219
HATISFDTDTGLKQ,HLA-C*07:01,37.35904891304347,24908.24143396033,0.1390588681679219
HGKRFHATISFDT,HLA-A*01:01,100.0,34527.71736675784,0.0018247554216941353
HGKRFHATISFDT,HLA-B*08:01,99.28660326086957,33044.06039737357,0.0018247554216941353
HGKRFHATISFDT,HLA-B*27:05,99.28660326086957,28913.85192328387,0.0018247554216941353
HGKRFHATISFDT,HLA-C*01:02,99.28660326086957,33493.639691000724,0.0018247554216941353
HGKRFHATISFDT,HLA-C*07:01,99.28660326086957,32744.265084062044,0.0018247554216941353
HGKRFHATISFDTD,HLA-A*01:01,99.28660326086957,33778.749460287305,0.0021563735681411345
HGKRFHATISFDTD,HLA-B*08:01,99.28660326086957,32687.060260345643,0.0021563735681411345
HGKRFHATISFDTD,HLA-B*27:05,62.74467391304348,24037.315258603525,0.0021563735681411345
HGKRFHATISFDTD,HLA-C*01:02,99.28660326086957,31494.217026916587,0.0021563735681411345
HGKRFHATISFDTD,HLA-C*07:01,99.28660326086957,31565.66322968582,0.0021563735681411345
ILKHGKRFHATIS,HLA-A*01:01,99.28660326086957,34041.07853913241,0.026167750751483254
ILKHGKRFHATIS,HLA-B*08:01,99.28660326086957,32934.65298606454,0.026167750751483254
ILKHGKRFHATIS,HLA-B*27:05,99.28660326086957,28665.825131474798,0.026167750751483254
ILKHGKRFHATIS,HLA-C*01:02,99.28660326086957,32632.0103226398,0.026167750751483254
ILKHGKRFHATIS,HLA-C*07:01,99.28660326086957,32793.906546734834,0.026167750751483254
ILKHGKRFHATISF,HLA-A*01:01,37.35904891304347,34474.89184837846,0.20232585072517395
ILKHGKRFHATISF,HLA-B*08:01,37.35904891304347,33433.007303868886,0.20232585072517395
ILKHGKRFHATISF,HLA-B*27:05,37.35904891304347,30767.903250414674,0.20232585072517395
ILKHGKRFHATISF,HLA-C*01:02,37.35904891304347,33605.591517467816,0.20232585072517395
ILKHGKRFHATISF,HLA-C*07:01,37.35904891304347,33100.68774388307,0.20232585072517395
ISFDTDTG,HLA-A*01:01,99.28660326086957,31552.64762407568,0.006125836058345158
ISFDTDTG,HLA-B*08:01,99.28660326086957,32971.40016833218,0.006125836058345158
ISFDTDTG,HLA-B*27:05,99.28660326086957,28866.69081976656,0.006125836058345158
ISFDTDTG,HLA-C*01:02,99.28660326086957,29145.683273836283,0.006125836058345158
ISFDTDTG,HLA-C*07:01,99.28660326086957,30966.542823318076,0.006125836058345158
ISFDTDTGLKQAL,HLA-A*01:01,37.35904891304347,26209.384757803833,0.14431175915524364
ISFDTDTGLKQAL,HLA-B*08:01,46.224673913043475,28290.75910885191,0.14431175915524364
ISFDTDTGLKQAL,HLA-B*27:05,20.2322554347826,14599.443099341795,0.14431175915524364
ISFDTDTGLKQAL,HLA-C*01:02,10.655842391304333,6878.502707187889,0.14431175915524364
ISFDTDTGLKQAL,HLA-C*07:01,27.61739130434782,18381.434658037764,0.14431175915524364
ISFDTDTGLKQALE,HLA-A*01:01,99.28660326086957,29163.87579344496,0.027598735949140973
ISFDTDTGLKQALE,HLA-B*08:01,99.28660326086957,31889.85102876855,0.027598735949140973
ISFDTDTGLKQALE,HLA-B*27:05,37.35904891304347,17419.2865128966,0.027598735949140973
ISFDTDTGLKQALE,HLA-C*01:02,62.74467391304348,26862.704122067305,0.027598735949140973
ISFDTDTGLKQALE,HLA-C*07:01,99.28660326086957,28092.749601940875,0.027598735949140973
KHGKRFHATISFD,HLA-A*01:01,99.28660326086957,33706.50905954109,0.0014655453196610324
KHGKRFHATISFD,HLA-B*08:01,99.28660326086957,32991.89868991748,0.0014655453196610324
KHGKRFHATISFD,HLA-B*27:05,99.28660326086957,28862.297220734228,0.0014655453196610324
KHGKRFHATISFD,HLA-C*01:02,99.28660326086957,32372.989839514426,0.0014655453196610324
KHGKRFHATISFD,HLA-C*07:01,99.28660326086957,32265.806523819316,0.0014655453196610324
KHGKRFHATISFDT,HLA-A*01:01,100.0,35085.77640113159,0.0022892093984410167
KHGKRFHATISFDT,HLA-B*08:01,99.28660326086957,33981.36606692487,0.0022892093984410167
KHGKRFHATISFDT,HLA-B*27:05,99.28660326086957,33415.879596072264,0.0022892093984410167
KHGKRFHATISFDT,HLA-C*01:02,100.0,34161.96234067191,0.0022892093984410167
KHGKRFHATISFDT,HLA-C*07:01,100.0,34288.49022074769,0.0022892093984410167
KRFHATIS,HLA-A*01:01,99.28660326086957,34535.27687739728,0.04057904554065317
KRFHATIS,HLA-B*08:01,99.28660326086957,31855.812851439772,0.04057904554065317
KRFHATIS,HLA-B*27:05,37.35904891304347,19083.488491226453,0.04057904554065317
KRFHATIS,HLA-C*01:02,99.28660326086957,31350.11141622625,0.04057904554065317
KRFHATIS,HLA-C*07:01,31.643179347826077,15592.424365524132,0.04057904554065317
KRFHATISFDTDT,HLA-A*01:01,99.28660326086957,34057.14405334217,0.016475713986437768
KRFHATISFDTDT,HLA-B*08:01,99.28660326086957,31938.061228105656,0.016475713986437768
KRFHATISFDTDT,HLA-B*27:05,31.643179347826077,14197.578165678513,0.016475713986437768
KRFHATISFDTDT,HLA-C*01:02,99.28660326086957,30794.823433244947,0.016475713986437768
KRFHATISFDTDT,HLA-C*07:01,62.74467391304348,23359.45614397116,0.016475713986437768
KRFHATISFDTDTG,HLA-A*01:01,99.28660326086957,33901.42979423768,0.06619291700189933
KRFHATISFDTDTG,HLA-B*08:01,62.74467391304348,31655.461950352987,0.06619291700189933
KRFHATISFDTDTG,HLA-B*27:05,27.61739130434782,14434.530030049305,0.06619291700189933
KRFHATISFDTDTG,HLA-C*01:02,62.74467391304348,30460.180411571146,0.06619291700189933
KRFHATISFDTDTG,HLA-C*07:01,46.224673913043475,23278.705905200535,0.06619291700189933
LDILKHGKRFHATI,HLA-A*01:01,99.28660326086957,34905.294209994034,0.07398116786498576
LDILKHGKRFHATI,HLA-B*08:01,99.28660326086957,33561.8123854372,0.07398116786498576
LDILKHGKRFHATI,HLA-B*27:05,62.74467391304348,30685.454240167222,0.07398116786498576
LDILKHGKRFHATI,HLA-C*01:02,99.28660326086957,33633.942292510044,0.07398116786498576
LDILKHGKRFHATI,HLA-C*07:01,99.28660326086957,33662.599408623726,0.07398116786498576
LKHGKRFHATISF,HLA-A*01:01,37.35904891304347,33847.511537433566,0.2286514788866043
LKHGKRFHATISF,HLA-B*08:01,31.643179347826077,32061.780376222963,0.2286514788866043
LKHGKRFHATISF,HLA-B*27:05,24.57923913043477,24269.65713737529,0.2286514788866043
LKHGKRFHATISF,HLA-C*01:02,31.643179347826077,32075.847910654436,0.2286514788866043
LKHGKRFHATISF,HLA-C*07:01,31.643179347826077,29879.131681325034,0.2286514788866043
LKHGKRFHATISFD,HLA-A*01:01,100.0,34675.82727683461,0.004016859660623595
LKHGKRFHATISFD,HLA-B*08:01,99.28660326086957,33885.09348222747,0.004016859660623595
LKHGKRFHATISFD,HLA-B*27:05,99.28660326086957,32628.89855495035,0.004016859660623595
LKHGKRFHATISFD,HLA-C*01:02,99.28660326086957,33786.804455476245,0.004016859660623595
LKHGKRFHATISFD,HLA-C*07:01,99.28660326086957,34075.44704696942,0.004016859660623595
RFHATISF,HLA-A*01:01,24.57923913043477,32211.637487383334,0.3123583560809493
RFHATISF,HLA-B*08:01,18.61798913043478,24177.439692661796,0.3123583560809493
RFHATISF,HLA-B*27:05,14.277038043478257,17890.966147564286,0.3123583560809493
RFHATISF,HLA-C*01:02,6.962798913043457,7975.143914777958,0.3123583560809493
RFHATISF,HLA-C*07:01,5.913749999999965,6633.24136752762,0.3123583560809493
RFHATISFDTDTG,HLA-A*01:01,99.28660326086957,33214.927481382474,0.03420324044418521
RFHATISFDTDTG,HLA-B*08:01,99.28660326086957,31570.899097856716,0.03420324044418521
RFHATISFDTDTG,HLA-B*27:05,46.224673913043475,22132.25995277686,0.03420324044418521
RFHATISFDTDTG,HLA-C*01:02,99.28660326086957,29128.187748364664,0.03420324044418521
RFHATISFDTDTG,HLA-C*07:01,99.28660326086957,30293.704112860934,0.03420324044418521
RFHATISFDTDTGL,HLA-A*01:01,62.74467391304348,34086.584365584946,0.10689233266748488
RFHATISFDTDTGL,HLA-B*08:01,62.74467391304348,32490.407866802296,0.10689233266748488
RFHATISFDTDTGL,HLA-B*27:05,46.224673913043475,25416.576566772263,0.10689233266748488
RFHATISFDTDTGL,HLA-C*01:02,46.224673913043475,28023.35437166255,0.10689233266748488
RFHATISFDTDTGL,HLA-C*07:01,62.74467391304348,30899.793851170096,0.10689233266748488
TISFDTDT,HLA-A*01:01,99.28660326086957,33442.75151070303,0.0007858217941247858
TISFDTDT,HLA-B*08:01,99.28660326086957,32170.94298039068,0.0007858217941247858
TISFDTDT,HLA-B*27:05,99.28660326086957,29428.886869105827,0.0007858217941247858
TISFDTDT,HLA-C*01:02,99.28660326086957,30581.503479067524,0.0007858217941247858
TISFDTDT,HLA-C*07:01,99.28660326086957,31498.97432714873,0.0007858217941247858
TISFDTDTGLKQA,HLA-A*01:01,62.74467391304348,29397.8098298505,0.06945037643890828
TISFDTDTGLKQA,HLA-B*08:01,62.74467391304348,30278.363520705338,0.06945037643890828
TISFDTDTGLKQA,HLA-B*27:05,20.2322554347826,10485.40495865241,0.06945037643890828
TISFDTDTGLKQA,HLA-C*01:02,46.224673913043475,23406.32879109788,0.06945037643890828
TISFDTDTGLKQA,HLA-C*07:01,62.74467391304348,27428.248719172974,0.06945037643890828
TISFDTDTGLKQAL,HLA-A*01:01,99.28660326086957,30584.248698248695,0.03597651678137481
TISFDTDTGLKQAL,HLA-B*08:01,99.28660326086957,29277.805325809182,0.03597651678137481
TISFDTDTGLKQAL,HLA-B*27:05,20.2322554347826,9162.302368556873,0.03597651678137481
TISFDTDTGLKQAL,HLA-C*01:02,46.224673913043475,19043.869844206412,0.03597651678137481
TISFDTDTGLKQAL,HLA-C*07:01,62.74467391304348,25693.36017309534,0.03597651678137481
